Workbook
Name ReportObject1_0: 'Ячейка 24'!$E$10
Name ReportObject1_1: 'Ячейка 24'!$H$10
Name ReportObject1_2: 'Ячейка 24'!$B$18
Name ReportObject1_3: 'Ячейка 24'!$F$18
Name ReportObject10_0: 'Ячейка 4'!$E$10
Name ReportObject10_1: 'Ячейка 4'!$H$10
Name ReportObject10_2: 'Ячейка 4'!$B$18
Name ReportObject10_3: 'Ячейка 4'!$F$18
Name ReportObject11_0: 'Ячейка 36'!$E$10
Name ReportObject11_1: 'Ячейка 36'!$H$10
Name ReportObject11_2: 'Ячейка 36'!$B$18
Name ReportObject11_3: 'Ячейка 36'!$F$18
Name ReportObject12_0: 'Ячейка 37'!$E$10
Name ReportObject12_1: 'Ячейка 37'!$H$10
Name ReportObject12_2: 'Ячейка 37'!$B$18
Name ReportObject12_3: 'Ячейка 37'!$F$18
Name ReportObject13_0: 'Ячейка 10Эн'!$E$10
Name ReportObject13_1: 'Ячейка 10Эн'!$H$10
Name ReportObject13_2: 'Ячейка 10Эн'!$B$18
Name ReportObject13_3: 'Ячейка 10Эн'!$F$18
Name ReportObject14_0: 'Ячейка 16РЖД'!$E$10
Name ReportObject14_1: 'Ячейка 16РЖД'!$H$10
Name ReportObject14_2: 'Ячейка 16РЖД'!$B$18
Name ReportObject14_3: 'Ячейка 16РЖД'!$F$18
Name ReportObject15_0: Академия!$E$10
Name ReportObject15_0: 'Добрыня вв1'!$E$10
Name ReportObject15_0: 'Добрыня вв2'!$E$10
Name ReportObject15_0: Мегафон!$E$10
Name ReportObject15_0: Тихомирова!$E$10
Name ReportObject15_0: 'Ячейка 14РЖД'!$E$10
Name ReportObject15_1: Академия!$H$10
Name ReportObject15_1: 'Добрыня вв1'!$H$10
Name ReportObject15_1: 'Добрыня вв2'!$H$10
Name ReportObject15_1: Мегафон!$H$10
Name ReportObject15_1: Тихомирова!$H$10
Name ReportObject15_1: 'Ячейка 14РЖД'!$H$10
Name ReportObject15_2: Академия!$B$18
Name ReportObject15_2: 'Добрыня вв1'!$B$18
Name ReportObject15_2: 'Добрыня вв2'!$B$18
Name ReportObject15_2: Мегафон!$B$18
Name ReportObject15_2: Тихомирова!$B$18
Name ReportObject15_2: 'Ячейка 14РЖД'!$B$18
Name ReportObject15_3: Академия!$F$18
Name ReportObject15_3: 'Добрыня вв1'!$F$18
Name ReportObject15_3: 'Добрыня вв2'!$F$18
Name ReportObject15_3: Мегафон!$F$18
Name ReportObject15_3: Тихомирова!$F$18
Name ReportObject15_3: 'Ячейка 14РЖД'!$F$18
Name ReportObject16_0: 'Ячейка 13БОС'!$E$10
Name ReportObject16_1: 'Ячейка 13БОС'!$H$10
Name ReportObject16_2: 'Ячейка 13БОС'!$B$18
Name ReportObject16_3: 'Ячейка 13БОС'!$F$18
Name ReportObject17_0: 'Ячейка 32БОС'!$E$10
Name ReportObject17_1: 'Ячейка 32БОС'!$H$10
Name ReportObject17_2: 'Ячейка 32БОС'!$B$18
Name ReportObject17_3: 'Ячейка 32БОС'!$F$18
Name ReportObject18_0: 'УЗСК вв1'!$E$10
Name ReportObject18_0: 'УЗСК вв2'!$E$10
Name ReportObject18_0: 'УЗСК вв3'!$E$10
Name ReportObject18_0: 'ячейка 25БОС'!$E$10

Sheet ObserverReportInfo_&!()$bbQ
A1: Режимный день
A2: TYPE2 | B2: HOUR | C2: 25 | D2: 1 | E2: H | F2: 1 | G2: MAIN | K2: EXCEL | M2: 4 | W2: 1
A3: MAINSHEET | B3: 2
A4: DATE | B4: 10 | C4: 5 | D4: dd mmmm | F4: BEGIN | O4: NOSHIFT
A5: DATE | B5: 10 | C5: 8 | D5: yyyy года | F5: BEGIN | O5: NOSHIFT
A6: COLUMN | B6: 18 | C6: 2 | E6: 692 | G6: RESNONE | J6: NONE | K6: CHN | M6: BEGINVALUE | N6: 0 | O6: 480 | P6: 4 | T6: ZONENAMES | Z6: RESULT_CAPTIONS | AF6: -1 | AG6: 0 | AO6: NOSHIFT | AT6: 0 | AV6: 61 | AW6: NOCHANGE | BC6: CUTDATEBEGIN | BI6: 4 | BJ6: 0 | BK6: 0 | BL6: 1 | BM6: 0
A7: COLUMN | B7: 18 | C7: 6 | E7: 694 | G7: RESNONE | J7: NONE | K7: CHN | M7: BEGINVALUE | N7: 0 | O7: 480 | P7: 4 | T7: ZONENAMES | Z7: RESULT_CAPTIONS | AF7: -1 | AG7: 0 | AO7: NOSHIFT | AT7: 0 | AV7: 95 | AW7: NOCHANGE | BC7: CUTDATEBEGIN | BE7: ENLIKEPOW | BI7: 8 | BJ7: 0 | BK7: 0 | BL7: 1 | BM7: 0
A8: MAINSHEET | B8: 3
A9: DATE | B9: 10 | C9: 5 | D9: dd mmmm | F9: BEGIN | O9: NOSHIFT
A10: DATE | B10: 10 | C10: 8 | D10: yyyy года | F10: BEGIN | O10: NOSHIFT
A11: COLUMN | B11: 18 | C11: 2 | E11: 687 | G11: RESNONE | J11: NONE | K11: CHN | M11: BEGINVALUE | N11: 0 | O11: 483 | P11: 4 | T11: ZONENAMES | Z11: RESULT_CAPTIONS | AF11: -1 | AG11: 0 | AO11: NOSHIFT | AT11: 0 | AV11: 61 | AW11: NOCHANGE | BC11: CUTDATEBEGIN | BI11: 4 | BJ11: 0 | BK11: 0 | BL11: 1 | BM11: 0
A12: COLUMN | B12: 18 | C12: 6 | E12: 689 | G12: RESNONE | J12: NONE | K12: CHN | M12: BEGINVALUE | N12: 0 | O12: 483 | P12: 4 | T12: ZONENAMES | Z12: RESULT_CAPTIONS | AF12: -1 | AG12: 0 | AO12: NOSHIFT | AT12: 0 | AV12: 95 | AW12: NOCHANGE | BC12: CUTDATEBEGIN | BE12: ENLIKEPOW | BI12: 8 | BJ12: 0 | BK12: 0 | BL12: 1 | BM12: 0
A13: MAINSHEET | B13: 4
A14: DATE | B14: 10 | C14: 5 | D14: dd mmmm | F14: BEGIN | O14: NOSHIFT
A15: DATE | B15: 10 | C15: 8 | D15: yyyy года | F15: BEGIN | O15: NOSHIFT
A16: COLUMN | B16: 18 | C16: 2 | E16: 702 | G16: RESNONE | J16: NONE | K16: CHN | M16: BEGINVALUE | N16: 0 | O16: 484 | P16: 4 | T16: ZONENAMES | Z16: RESULT_CAPTIONS | AF16: -1 | AG16: 0 | AO16: NOSHIFT | AT16: 0 | AV16: 61 | AW16: NOCHANGE | BC16: CUTDATEBEGIN | BI16: 4 | BJ16: 0 | BK16: 0 | BL16: 1 | BM16: 0
A17: COLUMN | B17: 18 | C17: 6 | E17: 704 | G17: RESNONE | J17: NONE | K17: CHN | M17: BEGINVALUE | N17: 0 | O17: 484 | P17: 4 | T17: ZONENAMES | Z17: RESULT_CAPTIONS | AF17: -1 | AG17: 0 | AO17: NOSHIFT | AT17: 0 | AV17: 95 | AW17: NOCHANGE | BC17: CUTDATEBEGIN | BE17: ENLIKEPOW | BI17: 8 | BJ17: 0 | BK17: 0 | BL17: 1 | BM17: 0
A18: MAINSHEET | B18: 5
A19: DATE | B19: 10 | C19: 5 | D19: dd mmmm | F19: BEGIN | O19: NOSHIFT
A20: DATE | B20: 10 | C20: 8 | D20: yyyy года | F20: BEGIN | O20: NOSHIFT
A21: COLUMN | B21: 18 | C21: 2 | E21: 697 | G21: RESNONE | J21: NONE | K21: CHN | M21: BEGINVALUE | N21: 0 | O21: 481 | P21: 4 | T21: ZONENAMES | Z21: RESULT_CAPTIONS | AF21: -1 | AG21: 0 | AO21: NOSHIFT | AT21: 0 | AV21: 61 | AW21: NOCHANGE | BC21: CUTDATEBEGIN | BI21: 4 | BJ21: 0 | BK21: 0 | BL21: 1 | BM21: 0
A22: COLUMN | B22: 18 | C22: 6 | E22: 699 | G22: RESNONE | J22: NONE | K22: CHN | M22: BEGINVALUE | N22: 0 | O22: 481 | P22: 4 | T22: ZONENAMES | Z22: RESULT_CAPTIONS | AF22: -1 | AG22: 0 | AO22: NOSHIFT | AT22: 0 | AV22: 95 | AW22: NOCHANGE | BC22: CUTDATEBEGIN | BE22: ENLIKEPOW | BI22: 8 | BJ22: 0 | BK22: 0 | BL22: 1 | BM22: 0
A23: MAINSHEET | B23: 6
A24: DATE | B24: 10 | C24: 5 | D24: dd mmmm | F24: BEGIN | O24: NOSHIFT
A25: DATE | B25: 10 | C25: 8 | D25: yyyy года | F25: BEGIN | O25: NOSHIFT
A26: COLUMN | B26: 18 | C26: 2 | E26: 1786 | G26: RESNONE | J26: NONE | K26: CHN | M26: BEGINVALUE | N26: 0 | O26: 790 | P26: 4 | T26: ZONENAMES | Z26: RESULT_CAPTIONS | AF26: -1 | AG26: 0 | AO26: NOSHIFT | AT26: 0 | AV26: 61 | AW26: NOCHANGE | BC26: CUTDATEBEGIN | BI26: 4 | BJ26: 0 | BK26: 0 | BL26: 1 | BM26: 0
A27: COLUMN | B27: 18 | C27: 6 | E27: 1788 | G27: RESNONE | J27: NONE | K27: CHN | M27: BEGINVALUE | N27: 0 | O27: 790 | P27: 4 | T27: ZONENAMES | Z27: RESULT_CAPTIONS | AF27: -1 | AG27: 0 | AO27: NOSHIFT | AT27: 0 | AV27: 95 | AW27: NOCHANGE | BC27: CUTDATEBEGIN | BE27: ENLIKEPOW | BI27: 8 | BJ27: 0 | BK27: 0 | BL27: 1 | BM27: 0
A28: MAINSHEET | B28: 7
A29: DATE | B29: 10 | C29: 5 | D29: dd mmmm | F29: BEGIN | O29: NOSHIFT
A30: DATE | B30: 10 | C30: 8 | D30: yyyy года | F30: BEGIN | O30: NOSHIFT
A31: COLUMN | B31: 18 | C31: 2 | E31: 1769 | G31: RESNONE | J31: NONE | K31: CHN | M31: BEGINVALUE | N31: 0 | O31: 784 | P31: 4 | T31: ZONENAMES | Z31: RESULT_CAPTIONS | AF31: -1 | AG31: 0 | AO31: NOSHIFT | AT31: 0 | AV31: 61 | AW31: NOCHANGE | BC31: CUTDATEBEGIN | BI31: 4 | BJ31: 0 | BK31: 0 | BL31: 1 | BM31: 0
A32: COLUMN | B32: 18 | C32: 6 | E32: 1771 | G32: RESNONE | J32: NONE | K32: CHN | M32: BEGINVALUE | N32: 0 | O32: 784 | P32: 4 | T32: ZONENAMES | Z32: RESULT_CAPTIONS | AF32: -1 | AG32: 0 | AO32: NOSHIFT | AT32: 0 | AV32: 95 | AW32: NOCHANGE | BC32: CUTDATEBEGIN | BE32: ENLIKEPOW | BI32: 8 | BJ32: 0 | BK32: 0 | BL32: 1 | BM32: 0
A33: MAINSHEET | B33: 8
A34: DATE | B34: 10 | C34: 5 | D34: dd mmmm | F34: BEGIN | O34: NOSHIFT
A35: DATE | B35: 10 | C35: 8 | D35: yyyy года | F35: BEGIN | O35: NOSHIFT
A36: COLUMN | B36: 18 | C36: 2 | E36: 117 | G36: RESNONE | J36: NONE | K36: CHN | M36: BEGINVALUE | N36: 0 | O36: 201 | P36: 4 | T36: ZONENAMES | Z36: RESULT_CAPTIONS | AF36: -1 | AG36: 0 | AO36: NOSHIFT | AT36: 0 | AV36: 61 | AW36: NOCHANGE | BC36: CUTDATEBEGIN | BI36: 4 | BJ36: 0 | BK36: 0 | BL36: 1 | BM36: 0
A37: COLUMN | B37: 18 | C37: 6 | E37: 119 | G37: RESNONE | J37: NONE | K37: CHN | M37: BEGINVALUE | N37: 0 | O37: 201 | P37: 4 | T37: ZONENAMES | Z37: RESULT_CAPTIONS | AF37: -1 | AG37: 0 | AO37: NOSHIFT | AT37: 0 | AV37: 95 | AW37: NOCHANGE | BC37: CUTDATEBEGIN | BE37: ENLIKEPOW | BI37: 8 | BJ37: 0 | BK37: 0 | BL37: 1 | BM37: 0
A38: MAINSHEET | B38: 9
A39: DATE | B39: 10 | C39: 5 | D39: dd mmmm | F39: BEGIN | O39: NOSHIFT
A40: DATE | B40: 10 | C40: 8 | D40: yyyy года | F40: BEGIN | O40: NOSHIFT
A41: COLUMN | B41: 18 | C41: 2 | E41: 122 | G41: RESNONE | J41: NONE | K41: CHN | M41: BEGINVALUE | N41: 0 | O41: 198 | P41: 4 | T41: ZONENAMES | Z41: RESULT_CAPTIONS | AF41: -1 | AG41: 0 | AO41: NOSHIFT | AT41: 0 | AV41: 61 | AW41: NOCHANGE | BC41: CUTDATEBEGIN | BI41: 4 | BJ41: 0 | BK41: 0 | BL41: 1 | BM41: 0
A42: COLUMN | B42: 18 | C42: 6 | E42: 124 | G42: RESNONE | J42: NONE | K42: CHN | M42: BEGINVALUE | N42: 0 | O42: 198 | P42: 4 | T42: ZONENAMES | Z42: RESULT_CAPTIONS | AF42: -1 | AG42: 0 | AO42: NOSHIFT | AT42: 0 | AV42: 95 | AW42: NOCHANGE | BC42: CUTDATEBEGIN | BE42: ENLIKEPOW | BI42: 8 | BJ42: 0 | BK42: 0 | BL42: 1 | BM42: 0
A43: MAINSHEET | B43: 10
A44: DATE | B44: 10 | C44: 5 | D44: dd mmmm | F44: BEGIN | O44: NOSHIFT
A45: DATE | B45: 10 | C45: 8 | D45: yyyy года | F45: BEGIN | O45: NOSHIFT
A46: COLUMN | B46: 18 | C46: 2 | E46: 732 | G46: RESNONE | J46: NONE | K46: CHN | M46: BEGINVALUE | N46: 0 | O46: 486 | P46: 4 | T46: ZONENAMES | Z46: RESULT_CAPTIONS | AF46: -1 | AG46: 0 | AO46: NOSHIFT | AT46: 0 | AV46: 61 | AW46: NOCHANGE | BC46: CUTDATEBEGIN | BI46: 4 | BJ46: 0 | BK46: 0 | BL46: 1 | BM46: 0
A47: COLUMN | B47: 18 | C47: 6 | E47: 734 | G47: RESNONE | J47: NONE | K47: CHN | M47: BEGINVALUE | N47: 0 | O47: 486 | P47: 4 | T47: ZONENAMES | Z47: RESULT_CAPTIONS | AF47: -1 | AG47: 0 | AO47: NOSHIFT | AT47: 0 | AV47: 95 | AW47: NOCHANGE | BC47: CUTDATEBEGIN | BE47: ENLIKEPOW | BI47: 8 | BJ47: 0 | BK47: 0 | BL47: 1 | BM47: 0
A48: MAINSHEET | B48: 11
A49: DATE | B49: 10 | C49: 5 | D49: dd mmmm | F49: BEGIN | O49: NOSHIFT
A50: DATE | B50: 10 | C50: 8 | D50: yyyy года | F50: BEGIN | O50: NOSHIFT
A51: COLUMN | B51: 18 | C51: 2 | E51: 747 | G51: RESNONE | J51: NONE | K51: CHN | M51: BEGINVALUE | N51: 0 | O51: 489 | P51: 4 | T51: ZONENAMES | Z51: RESULT_CAPTIONS | AF51: -1 | AG51: 0 | AO51: NOSHIFT | AT51: 0 | AV51: 61 | AW51: NOCHANGE | BC51: CUTDATEBEGIN | BI51: 4 | BJ51: 0 | BK51: 0 | BL51: 1 | BM51: 0
A52: COLUMN | B52: 18 | C52: 6 | E52: 749 | G52: RESNONE | J52: NONE | K52: CHN | M52: BEGINVALUE | N52: 0 | O52: 489 | P52: 4 | T52: ZONENAMES | Z52: RESULT_CAPTIONS | AF52: -1 | AG52: 0 | AO52: NOSHIFT | AT52: 0 | AV52: 95 | AW52: NOCHANGE | BC52: CUTDATEBEGIN | BE52: ENLIKEPOW | BI52: 8 | BJ52: 0 | BK52: 0 | BL52: 1 | BM52: 0
A53: MAINSHEET | B53: 12
A54: DATE | B54: 10 | C54: 5 | D54: dd mmmm | F54: BEGIN | O54: NOSHIFT
A55: DATE | B55: 10 | C55: 8 | D55: yyyy года | F55: BEGIN | O55: NOSHIFT
A56: COLUMN | B56: 18 | C56: 2 | E56: 737 | G56: RESNONE | J56: NONE | K56: CHN | M56: BEGINVALUE | N56: 0 | O56: 493 | P56: 4 | T56: ZONENAMES | Z56: RESULT_CAPTIONS | AF56: -1 | AG56: 0 | AO56: NOSHIFT | AT56: 0 | AV56: 61 | AW56: NOCHANGE | BC56: CUTDATEBEGIN | BI56: 4 | BJ56: 0 | BK56: 0 | BL56: 1 | BM56: 0
A57: COLUMN | B57: 18 | C57: 6 | E57: 739 | G57: RESNONE | J57: NONE | K57: CHN | M57: BEGINVALUE | N57: 0 | O57: 493 | P57: 4 | T57: ZONENAMES | Z57: RESULT_CAPTIONS | AF57: -1 | AG57: 0 | AO57: NOSHIFT | AT57: 0 | AV57: 95 | AW57: NOCHANGE | BC57: CUTDATEBEGIN | BE57: ENLIKEPOW | BI57: 8 | BJ57: 0 | BK57: 0 | BL57: 1 | BM57: 0
A58: MAINSHEET | B58: 13
A59: DATE | B59: 10 | C59: 5 | D59: dd mmmm | F59: BEGIN | O59: NOSHIFT
A60: DATE | B60: 10 | C60: 8 | D60: yyyy года | F60: BEGIN | O60: NOSHIFT
A61: COLUMN | B61: 18 | C61: 2 | E61: 742 | G61: RESNONE | J61: NONE | K61: CHN | M61: BEGINVALUE | N61: 0 | O61: 488 | P61: 4 | T61: ZONENAMES | Z61: RESULT_CAPTIONS | AF61: -1 | AG61: 0 | AO61: NOSHIFT | AT61: 0 | AV61: 61 | AW61: NOCHANGE | BC61: CUTDATEBEGIN | BI61: 4 | BJ61: 0 | BK61: 0 | BL61: 1 | BM61: 0
A62: COLUMN | B62: 18 | C62: 6 | E62: 744 | G62: RESNONE | J62: NONE | K62: CHN | M62: BEGINVALUE | N62: 0 | O62: 488 | P62: 4 | T62: ZONENAMES | Z62: RESULT_CAPTIONS | AF62: -1 | AG62: 0 | AO62: NOSHIFT | AT62: 0 | AV62: 95 | AW62: NOCHANGE | BC62: CUTDATEBEGIN | BE62: ENLIKEPOW | BI62: 8 | BJ62: 0 | BK62: 0 | BL62: 1 | BM62: 0
A63: MAINSHEET | B63: 14
A64: DATE | B64: 10 | C64: 5 | D64: dd mmmm | F64: BEGIN | O64: NOSHIFT
A65: DATE | B65: 10 | C65: 8 | D65: yyyy года | F65: BEGIN | O65: NOSHIFT
A66: COLUMN | B66: 18 | C66: 2 | E66: 717 | G66: RESNONE | J66: NONE | K66: CHN | M66: BEGINVALUE | N66: 0 | O66: 490 | P66: 4 | T66: ZONENAMES | Z66: RESULT_CAPTIONS | AF66: -1 | AG66: 0 | AO66: NOSHIFT | AT66: 0 | AV66: 61 | AW66: NOCHANGE | BC66: CUTDATEBEGIN | BI66: 4 | BJ66: 0 | BK66: 0 | BL66: 1 | BM66: 0
A67: COLUMN | B67: 18 | C67: 6 | E67: 719 | G67: RESNONE | J67: NONE | K67: CHN | M67: BEGINVALUE | N67: 0 | O67: 490 | P67: 4 | T67: ZONENAMES | Z67: RESULT_CAPTIONS | AF67: -1 | AG67: 0 | AO67: NOSHIFT | AT67: 0 | AV67: 95 | AW67: NOCHANGE | BC67: CUTDATEBEGIN | BE67: ENLIKEPOW | BI67: 8 | BJ67: 0 | BK67: 0 | BL67: 1 | BM67: 0
A68: MAINSHEET | B68: 15
A69: DATE | B69: 10 | C69: 5 | D69: dd mmmm | F69: BEGIN | O69: NOSHIFT
A70: DATE | B70: 10 | C70: 8 | D70: yyyy года | F70: BEGIN | O70: NOSHIFT
A71: COLUMN | B71: 18 | C71: 2 | E71: 727 | G71: RESNONE | J71: NONE | K71: CHN | M71: BEGINVALUE | N71: 0 | O71: 492 | P71: 4 | T71: ZONENAMES | Z71: RESULT_CAPTIONS | AF71: -1 | AG71: 0 | AO71: NOSHIFT | AT71: 0 | AV71: 61 | AW71: NOCHANGE | BC71: CUTDATEBEGIN | BI71: 4 | BJ71: 0 | BK71: 0 | BL71: 1 | BM71: 0
A72: COLUMN | B72: 18 | C72: 6 | E72: 729 | G72: RESNONE | J72: NONE | K72: CHN | M72: BEGINVALUE | N72: 0 | O72: 492 | P72: 4 | T72: ZONENAMES | Z72: RESULT_CAPTIONS | AF72: -1 | AG72: 0 | AO72: NOSHIFT | AT72: 0 | AV72: 95 | AW72: NOCHANGE | BC72: CUTDATEBEGIN | BE72: ENLIKEPOW | BI72: 8 | BJ72: 0 | BK72: 0 | BL72: 1 | BM72: 0
A73: MAINSHEET | B73: 16
A74: DATE | B74: 10 | C74: 5 | D74: dd mmmm | F74: BEGIN | O74: NOSHIFT
A75: DATE | B75: 10 | C75: 8 | D75: yyyy года | F75: BEGIN | O75: NOSHIFT
A76: COLUMN | B76: 18 | C76: 2 | E76: 722 | G76: RESNONE | J76: NONE | K76: CHN | M76: BEGINVALUE | N76: 0 | O76: 491 | P76: 4 | T76: ZONENAMES | Z76: RESULT_CAPTIONS | AF76: -1 | AG76: 0 | AO76: NOSHIFT | AT76: 0 | AV76: 61 | AW76: NOCHANGE | BC76: CUTDATEBEGIN | BI76: 4 | BJ76: 0 | BK76: 0 | BL76: 1 | BM76: 0
A77: COLUMN | B77: 18 | C77: 6 | E77: 724 | G77: RESNONE | J77: NONE | K77: CHN | M77: BEGINVALUE | N77: 0 | O77: 491 | P77: 4 | T77: ZONENAMES | Z77: RESULT_CAPTIONS | AF77: -1 | AG77: 0 | AO77: NOSHIFT | AT77: 0 | AV77: 95 | AW77: NOCHANGE | BC77: CUTDATEBEGIN | BE77: ENLIKEPOW | BI77: 8 | BJ77: 0 | BK77: 0 | BL77: 1 | BM77: 0
A78: MAINSHEET | B78: 17
A79: DATE | B79: 10 | C79: 5 | D79: dd mmmm | F79: BEGIN | O79: NOSHIFT
A80: DATE | B80: 10 | C80: 8 | D80: yyyy года | F80: BEGIN | O80: NOSHIFT
A81: COLUMN | B81: 18 | C81: 2 | E81: 347 | G81: RESNONE | J81: NONE | K81: CHN | M81: BEGINVALUE | N81: 0 | O81: 138 | P81: 4 | T81: ZONENAMES | Z81: RESULT_CAPTIONS | AF81: -1 | AG81: 0 | AO81: NOSHIFT | AT81: 0 | AV81: 61 | AW81: NOCHANGE | BC81: CUTDATEBEGIN | BI81: 4 | BJ81: 0 | BK81: 0 | BL81: 1 | BM81: 0
A82: COLUMN | B82: 18 | C82: 6 | E82: 349 | G82: RESNONE | J82: NONE | K82: CHN | M82: BEGINVALUE | N82: 0 | O82: 138 | P82: 4 | T82: ZONENAMES | Z82: RESULT_CAPTIONS | AF82: -1 | AG82: 0 | AO82: NOSHIFT | AT82: 0 | AV82: 95 | AW82: NOCHANGE | BC82: CUTDATEBEGIN | BE82: ENLIKEPOW | BI82: 8 | BJ82: 0 | BK82: 0 | BL82: 1 | BM82: 0
A83: MAINSHEET | B83: 18
A84: DATE | B84: 10 | C84: 5 | D84: dd mmmm | F84: BEGIN | O84: NOSHIFT
A85: DATE | B85: 10 | C85: 8 | D85: yyyy года | F85: BEGIN | O85: NOSHIFT
A86: COLUMN | B86: 18 | C86: 2 | E86: 352 | G86: RESNONE | J86: NONE | K86: CHN | M86: BEGINVALUE | N86: 0 | O86: 140 | P86: 4 | T86: ZONENAMES | Z86: RESULT_CAPTIONS | AF86: -1 | AG86: 0 | AO86: NOSHIFT | AT86: 0 | AV86: 61 | AW86: NOCHANGE | BC86: CUTDATEBEGIN | BI86: 4 | BJ86: 0 | BK86: 0 | BL86: 1 | BM86: 0
A87: COLUMN | B87: 18 | C87: 6 | E87: 354 | G87: RESNONE | J87: NONE | K87: CHN | M87: BEGINVALUE | N87: 0 | O87: 140 | P87: 4 | T87: ZONENAMES | Z87: RESULT_CAPTIONS | AF87: -1 | AG87: 0 | AO87: NOSHIFT | AT87: 0 | AV87: 95 | AW87: NOCHANGE | BC87: CUTDATEBEGIN | BE87: ENLIKEPOW | BI87: 8 | BJ87: 0 | BK87: 0 | BL87: 1 | BM87: 0
A88: MAINSHEET | B88: 19
A89: DATE | B89: 10 | C89: 5 | D89: dd mmmm | F89: BEGIN | O89: NOSHIFT
A90: DATE | B90: 10 | C90: 8 | D90: yyyy года | F90: BEGIN | O90: NOSHIFT
A91: COLUMN | B91: 18 | C91: 2 | E91: 332 | G91: RESNONE | J91: NONE | K91: CHN | M91: BEGINVALUE | N91: 0 | O91: 132 | P91: 4 | T91: ZONENAMES | Z91: RESULT_CAPTIONS | AF91: -1 | AG91: 0 | AO91: NOSHIFT | AT91: 0 | AV91: 61 | AW91: NOCHANGE | BC91: CUTDATEBEGIN | BI91: 4 | BJ91: 0 | BK91: 0 | BL91: 1 | BM91: 0
A92: COLUMN | B92: 18 | C92: 6 | E92: 334 | G92: RESNONE | J92: NONE | K92: CHN | M92: BEGINVALUE | N92: 0 | O92: 132 | P92: 4 | T92: ZONENAMES | Z92: RESULT_CAPTIONS | AF92: -1 | AG92: 0 | AO92: NOSHIFT | AT92: 0 | AV92: 95 | AW92: NOCHANGE | BC92: CUTDATEBEGIN | BE92: ENLIKEPOW | BI92: 8 | BJ92: 0 | BK92: 0 | BL92: 1 | BM92: 0

Sheet Ячейка 24
A1: ОАО "Пластик" | G1: Шифр | M1: I. Сведения о присоединенных трансформаторах и высоковольтных электродвигателях
A2: (наименование предприятия) | M2: 1. Трансформаторы
A3: г. Узловая, Тульская, 1 | G3: Питающий центр | I3: П/ст №167 (ГПП-1) | M3: №№ | N3: Место установки | P3: Мощность | R3: Номинальн. | T3: Включен. | V3: Назначение | X3: Примечание
A4: (адрес) | R4: напряжение | T4: на ответвление | V4: тр-ра
G5: № фидера | I5: яч 24 тр-р №1 | M5: п/п | P5: ква | R5: ________ кВ | T5: ________ кВ | V5: силов. освет.
A6: (министерство, ведомство) | V6: печной
A8: ПРОТОКОЛ (первичный)
A9: записей показания электросчетчиков и вольтметров, а также определение
A10: нагрузок и тангенса "фи" за | E10: 20 декабря | H10: 2017года
A11: напряжения | E11: ______6000_____________ | I11: вольт
A13: Время записи часы | B13: Активн. сч-к тип | D13: СЭТ-4ТМ.03М | F13: Реактивн. сч-к тип | H13: СЭТ-4ТМ.03М | I13: Тангенс "фи" | J13: Показание | L13: Мощность
B14: ____________л__ | D14: № 812091210 | F14: ____________л__ | H14: №812091210 | J14: вольтметр. | L14: включен.
B15: Расчетн. коэф | D15: 18000 | F15: Расчетн. коэф | H15: 18000 | J15: на стороне | L15: компенсир.
B16: показ. | C16: разность | D16: расход за | F16: показ. | G16: разность | H16: расход за | J16: в\н | K16: н\н | L16: устройств
B17: сч-ка | C17: показ. | D17: час (кВт) | F17: сч-ка | G17: показ. | H17: час (кВт) | L17: кВар | M17: 2. Высоковольтные электродвигатели
A18: 0-00 | B18: 6528.6958 | F18: 2117.867 | M18: №№ | N18: Место | Q18: Тип | T18: Номинальная | W18: Примечание
A19: 1-00 | B19: 6528.7743 | C19: =IF(B19="","",IF(LEN(TRUNC(B18,0))-LEN(TRUNC(B19,0))=0,B19-B18,IF(LEN(TRUNC(B18,0))-LEN(TRUNC(B19,0))>0,VALUE(LEFT(B18,LEN(TRUNC(B18,0))-LEN(TRUNC(B19,0))))*POWER(10,LEN(TRUNC(B19,0)))+B19-B18,B19-B18-VALUE(LEFT(B19,LEN(TRUNC(B19,0))-LEN(TRUNC(B18,0))))*POWER(10,LEN(TRUNC(B18,0)))))) -> 0.0785 | D19: =IF(C19="","",C19*$D$15) -> 1413 | F19: 2117.8958 | G19: =IF(F19="","",IF(LEN(TRUNC(F18,0))-LEN(TRUNC(F19,0))=0,F19-F18,IF(LEN(TRUNC(F18,0))-LEN(TRUNC(F19,0))>0,VALUE(LEFT(F18,LEN(TRUNC(F18,0))-LEN(TRUNC(F19,0))))*POWER(10,LEN(TRUNC(F19,0)))+F19-F18,F19-F18-VALUE(LEFT(F19,LEN(TRUNC(F19,0))-LEN(TRUNC(F18,0))))*POWER(10,LEN(TRUNC(F18,0)))))) -> 0.0288 | H19: =IF(G19="","",G19*$H$15) -> 518.4 | I19: =IF(H19="","",IF(D19="","",IF(AND(H19=0,D19=0),0,H19/D19))) -> 0.36687898 | K19: 6.275262 | Q19: (синхронный,
A20: 2-00 | B20: 6528.8563 | C20: =IF(B20="","",IF(LEN(TRUNC(B19,0))-LEN(TRUNC(B20,0))=0,B20-B19,IF(LEN(TRUNC(B19,0))-LEN(TRUNC(B20,0))>0,VALUE(LEFT(B19,LEN(TRUNC(B19,0))-LEN(TRUNC(B20,0))))*POWER(10,LEN(TRUNC(B20,0)))+B20-B19,B20-B19-VALUE(LEFT(B20,LEN(TRUNC(B20,0))-LEN(TRUNC(B19,0))))*POWER(10,LEN(TRUNC(B19,0)))))) -> 0.082 | D20: =IF(C20="","",C20*$D$15) -> 1476 | F20: 2117.9254 | G20: =IF(F20="","",IF(LEN(TRUNC(F19,0))-LEN(TRUNC(F20,0))=0,F20-F19,IF(LEN(TRUNC(F19,0))-LEN(TRUNC(F20,0))>0,VALUE(LEFT(F19,LEN(TRUNC(F19,0))-LEN(TRUNC(F20,0))))*POWER(10,LEN(TRUNC(F20,0)))+F20-F19,F20-F19-VALUE(LEFT(F20,LEN(TRUNC(F20,0))-LEN(TRUNC(F19,0))))*POWER(10,LEN(TRUNC(F19,0)))))) -> 0.0296 | H20: =IF(G20="","",G20*$H$15) -> 532.8 | I20: =IF(H20="","",IF(D20="","",IF(AND(H20=0,D20=0),0,H20/D20))) -> 0.36097561 | K20: 6.415853 | M20: п/п | N20: установки | Q20: асинхронный) | T20: мощность кВт
A21: 3-00 | B21: 6528.9362 | C21: =IF(B21="","",IF(LEN(TRUNC(B20,0))-LEN(TRUNC(B21,0))=0,B21-B20,IF(LEN(TRUNC(B20,0))-LEN(TRUNC(B21,0))>0,VALUE(LEFT(B20,LEN(TRUNC(B20,0))-LEN(TRUNC(B21,0))))*POWER(10,LEN(TRUNC(B21,0)))+B21-B20,B21-B20-VALUE(LEFT(B21,LEN(TRUNC(B21,0))-LEN(TRUNC(B20,0))))*POWER(10,LEN(TRUNC(B20,0)))))) -> 0.0799 | D21: =IF(C21="","",C21*$D$15) -> 1438.2 | F21: 2117.9548 | G21: =IF(F21="","",IF(LEN(TRUNC(F20,0))-LEN(TRUNC(F21,0))=0,F21-F20,IF(LEN(TRUNC(F20,0))-LEN(TRUNC(F21,0))>0,VALUE(LEFT(F20,LEN(TRUNC(F20,0))-LEN(TRUNC(F21,0))))*POWER(10,LEN(TRUNC(F21,0)))+F21-F20,F21-F20-VALUE(LEFT(F21,LEN(TRUNC(F21,0))-LEN(TRUNC(F20,0))))*POWER(10,LEN(TRUNC(F20,0)))))) -> 0.0294 | H21: =IF(G21="","",G21*$H$15) -> 529.2 | I21: =IF(H21="","",IF(D21="","",IF(AND(H21=0,D21=0),0,H21/D21))) -> 0.36795995 | K21: 6.332952
A22: 4-00 | B22: 6529.0152 | C22: =IF(B22="","",IF(LEN(TRUNC(B21,0))-LEN(TRUNC(B22,0))=0,B22-B21,IF(LEN(TRUNC(B21,0))-LEN(TRUNC(B22,0))>0,VALUE(LEFT(B21,LEN(TRUNC(B21,0))-LEN(TRUNC(B22,0))))*POWER(10,LEN(TRUNC(B22,0)))+B22-B21,B22-B21-VALUE(LEFT(B22,LEN(TRUNC(B22,0))-LEN(TRUNC(B21,0))))*POWER(10,LEN(TRUNC(B21,0)))))) -> 0.079 | D22: =IF(C22="","",C22*$D$15) -> 1422 | F22: 2117.9843 | G22: =IF(F22="","",IF(LEN(TRUNC(F21,0))-LEN(TRUNC(F22,0))=0,F22-F21,IF(LEN(TRUNC(F21,0))-LEN(TRUNC(F22,0))>0,VALUE(LEFT(F21,LEN(TRUNC(F21,0))-LEN(TRUNC(F22,0))))*POWER(10,LEN(TRUNC(F22,0)))+F22-F21,F22-F21-VALUE(LEFT(F22,LEN(TRUNC(F22,0))-LEN(TRUNC(F21,0))))*POWER(10,LEN(TRUNC(F21,0)))))) -> 0.0295 | H22: =IF(G22="","",G22*$H$15) -> 531 | I22: =IF(H22="","",IF(D22="","",IF(AND(H22=0,D22=0),0,H22/D22))) -> 0.37341772 | K22: 6.435564
A23: 5-00 | B23: 6529.0938 | C23: =IF(B23="","",IF(LEN(TRUNC(B22,0))-LEN(TRUNC(B23,0))=0,B23-B22,IF(LEN(TRUNC(B22,0))-LEN(TRUNC(B23,0))>0,VALUE(LEFT(B22,LEN(TRUNC(B22,0))-LEN(TRUNC(B23,0))))*POWER(10,LEN(TRUNC(B23,0)))+B23-B22,B23-B22-VALUE(LEFT(B23,LEN(TRUNC(B23,0))-LEN(TRUNC(B22,0))))*POWER(10,LEN(TRUNC(B22,0)))))) -> 0.0786 | D23: =IF(C23="","",C23*$D$15) -> 1414.8 | F23: 2118.0138 | G23: =IF(F23="","",IF(LEN(TRUNC(F22,0))-LEN(TRUNC(F23,0))=0,F23-F22,IF(LEN(TRUNC(F22,0))-LEN(TRUNC(F23,0))>0,VALUE(LEFT(F22,LEN(TRUNC(F22,0))-LEN(TRUNC(F23,0))))*POWER(10,LEN(TRUNC(F23,0)))+F23-F22,F23-F22-VALUE(LEFT(F23,LEN(TRUNC(F23,0))-LEN(TRUNC(F22,0))))*POWER(10,LEN(TRUNC(F22,0)))))) -> 0.0295 | H23: =IF(G23="","",G23*$H$15) -> 531 | I23: =IF(H23="","",IF(D23="","",IF(AND(H23=0,D23=0),0,H23/D23))) -> 0.37531807 | K23: 6.443177
A24: 6-00 | B24: 6529.172 | C24: =IF(B24="","",IF(LEN(TRUNC(B23,0))-LEN(TRUNC(B24,0))=0,B24-B23,IF(LEN(TRUNC(B23,0))-LEN(TRUNC(B24,0))>0,VALUE(LEFT(B23,LEN(TRUNC(B23,0))-LEN(TRUNC(B24,0))))*POWER(10,LEN(TRUNC(B24,0)))+B24-B23,B24-B23-VALUE(LEFT(B24,LEN(TRUNC(B24,0))-LEN(TRUNC(B23,0))))*POWER(10,LEN(TRUNC(B23,0)))))) -> 0.0782 | D24: =IF(C24="","",C24*$D$15) -> 1407.6 | F24: 2118.0427 | G24: =IF(F24="","",IF(LEN(TRUNC(F23,0))-LEN(TRUNC(F24,0))=0,F24-F23,IF(LEN(TRUNC(F23,0))-LEN(TRUNC(F24,0))>0,VALUE(LEFT(F23,LEN(TRUNC(F23,0))-LEN(TRUNC(F24,0))))*POWER(10,LEN(TRUNC(F24,0)))+F24-F23,F24-F23-VALUE(LEFT(F24,LEN(TRUNC(F24,0))-LEN(TRUNC(F23,0))))*POWER(10,LEN(TRUNC(F23,0)))))) -> 0.0289 | H24: =IF(G24="","",G24*$H$15) -> 520.2 | I24: =IF(H24="","",IF(D24="","",IF(AND(H24=0,D24=0),0,H24/D24))) -> 0.36956522 | K24: 6.43589
A25: 7-00 | B25: 6529.2494 | C25: =IF(B25="","",IF(LEN(TRUNC(B24,0))-LEN(TRUNC(B25,0))=0,B25-B24,IF(LEN(TRUNC(B24,0))-LEN(TRUNC(B25,0))>0,VALUE(LEFT(B24,LEN(TRUNC(B24,0))-LEN(TRUNC(B25,0))))*POWER(10,LEN(TRUNC(B25,0)))+B25-B24,B25-B24-VALUE(LEFT(B25,LEN(TRUNC(B25,0))-LEN(TRUNC(B24,0))))*POWER(10,LEN(TRUNC(B24,0)))))) -> 0.0774 | D25: =IF(C25="","",C25*$D$15) -> 1393.2 | F25: 2118.0693 | G25: =IF(F25="","",IF(LEN(TRUNC(F24,0))-LEN(TRUNC(F25,0))=0,F25-F24,IF(LEN(TRUNC(F24,0))-LEN(TRUNC(F25,0))>0,VALUE(LEFT(F24,LEN(TRUNC(F24,0))-LEN(TRUNC(F25,0))))*POWER(10,LEN(TRUNC(F25,0)))+F25-F24,F25-F24-VALUE(LEFT(F25,LEN(TRUNC(F25,0))-LEN(TRUNC(F24,0))))*POWER(10,LEN(TRUNC(F24,0)))))) -> 0.0266 | H25: =IF(G25="","",G25*$H$15) -> 478.8 | I25: =IF(H25="","",IF(D25="","",IF(AND(H25=0,D25=0),0,H25/D25))) -> 0.34366925 | K25: 6.301332
A26: 8-00 | B26: 6529.3305 | C26: =IF(B26="","",IF(LEN(TRUNC(B25,0))-LEN(TRUNC(B26,0))=0,B26-B25,IF(LEN(TRUNC(B25,0))-LEN(TRUNC(B26,0))>0,VALUE(LEFT(B25,LEN(TRUNC(B25,0))-LEN(TRUNC(B26,0))))*POWER(10,LEN(TRUNC(B26,0)))+B26-B25,B26-B25-VALUE(LEFT(B26,LEN(TRUNC(B26,0))-LEN(TRUNC(B25,0))))*POWER(10,LEN(TRUNC(B25,0)))))) -> 0.0811 | D26: =IF(C26="","",C26*$D$15) -> 1459.8 | F26: 2118.0953 | G26: =IF(F26="","",IF(LEN(TRUNC(F25,0))-LEN(TRUNC(F26,0))=0,F26-F25,IF(LEN(TRUNC(F25,0))-LEN(TRUNC(F26,0))>0,VALUE(LEFT(F25,LEN(TRUNC(F25,0))-LEN(TRUNC(F26,0))))*POWER(10,LEN(TRUNC(F26,0)))+F26-F25,F26-F25-VALUE(LEFT(F26,LEN(TRUNC(F26,0))-LEN(TRUNC(F25,0))))*POWER(10,LEN(TRUNC(F25,0)))))) -> 0.026 | H26: =IF(G26="","",G26*$H$15) -> 468 | I26: =IF(H26="","",IF(D26="","",IF(AND(H26=0,D26=0),0,H26/D26))) -> 0.32059186 | K26: 6.383555
A27: 9-00 | B27: 6529.4226 | C27: =IF(B27="","",IF(LEN(TRUNC(B26,0))-LEN(TRUNC(B27,0))=0,B27-B26,IF(LEN(TRUNC(B26,0))-LEN(TRUNC(B27,0))>0,VALUE(LEFT(B26,LEN(TRUNC(B26,0))-LEN(TRUNC(B27,0))))*POWER(10,LEN(TRUNC(B27,0)))+B27-B26,B27-B26-VALUE(LEFT(B27,LEN(TRUNC(B27,0))-LEN(TRUNC(B26,0))))*POWER(10,LEN(TRUNC(B26,0)))))) -> 0.0921 | D27: =IF(C27="","",C27*$D$15) -> 1657.8 | F27: 2118.1304 | G27: =IF(F27="","",IF(LEN(TRUNC(F26,0))-LEN(TRUNC(F27,0))=0,F27-F26,IF(LEN(TRUNC(F26,0))-LEN(TRUNC(F27,0))>0,VALUE(LEFT(F26,LEN(TRUNC(F26,0))-LEN(TRUNC(F27,0))))*POWER(10,LEN(TRUNC(F27,0)))+F27-F26,F27-F26-VALUE(LEFT(F27,LEN(TRUNC(F27,0))-LEN(TRUNC(F26,0))))*POWER(10,LEN(TRUNC(F26,0)))))) -> 0.0351 | H27: =IF(G27="","",G27*$H$15) -> 631.8 | I27: =IF(H27="","",IF(D27="","",IF(AND(H27=0,D27=0),0,H27/D27))) -> 0.38110749 | K27: 6.31399
A28: 10-00 | B28: 6529.5224 | C28: =IF(B28="","",IF(LEN(TRUNC(B27,0))-LEN(TRUNC(B28,0))=0,B28-B27,IF(LEN(TRUNC(B27,0))-LEN(TRUNC(B28,0))>0,VALUE(LEFT(B27,LEN(TRUNC(B27,0))-LEN(TRUNC(B28,0))))*POWER(10,LEN(TRUNC(B28,0)))+B28-B27,B28-B27-VALUE(LEFT(B28,LEN(TRUNC(B28,0))-LEN(TRUNC(B27,0))))*POWER(10,LEN(TRUNC(B27,0)))))) -> 0.0998 | D28: =IF(C28="","",C28*$D$15) -> 1796.4 | F28: 2118.171 | G28: =IF(F28="","",IF(LEN(TRUNC(F27,0))-LEN(TRUNC(F28,0))=0,F28-F27,IF(LEN(TRUNC(F27,0))-LEN(TRUNC(F28,0))>0,VALUE(LEFT(F27,LEN(TRUNC(F27,0))-LEN(TRUNC(F28,0))))*POWER(10,LEN(TRUNC(F28,0)))+F28-F27,F28-F27-VALUE(LEFT(F28,LEN(TRUNC(F28,0))-LEN(TRUNC(F27,0))))*POWER(10,LEN(TRUNC(F27,0)))))) -> 0.0406 | H28: =IF(G28="","",G28*$H$15) -> 730.8 | I28: =IF(H28="","",IF(D28="","",IF(AND(H28=0,D28=0),0,H28/D28))) -> 0.40681363 | K28: 6.287243
A29: 11-00 | B29: 6529.6249 | C29: =IF(B29="","",IF(LEN(TRUNC(B28,0))-LEN(TRUNC(B29,0))=0,B29-B28,IF(LEN(TRUNC(B28,0))-LEN(TRUNC(B29,0))>0,VALUE(LEFT(B28,LEN(TRUNC(B28,0))-LEN(TRUNC(B29,0))))*POWER(10,LEN(TRUNC(B29,0)))+B29-B28,B29-B28-VALUE(LEFT(B29,LEN(TRUNC(B29,0))-LEN(TRUNC(B28,0))))*POWER(10,LEN(TRUNC(B28,0)))))) -> 0.1025 | D29: =IF(C29="","",C29*$D$15) -> 1845 | F29: 2118.215 | G29: =IF(F29="","",IF(LEN(TRUNC(F28,0))-LEN(TRUNC(F29,0))=0,F29-F28,IF(LEN(TRUNC(F28,0))-LEN(TRUNC(F29,0))>0,VALUE(LEFT(F28,LEN(TRUNC(F28,0))-LEN(TRUNC(F29,0))))*POWER(10,LEN(TRUNC(F29,0)))+F29-F28,F29-F28-VALUE(LEFT(F29,LEN(TRUNC(F29,0))-LEN(TRUNC(F28,0))))*POWER(10,LEN(TRUNC(F28,0)))))) -> 0.044 | H29: =IF(G29="","",G29*$H$15) -> 792 | I29: =IF(H29="","",IF(D29="","",IF(AND(H29=0,D29=0),0,H29/D29))) -> 0.42926829 | K29: 6.320937 | M29: Указать отдельно рабочие и запломбированные трансформаторы и высоковольтные электродвигатели
A30: 12-00 | B30: 6529.7242 | C30: =IF(B30="","",IF(LEN(TRUNC(B29,0))-LEN(TRUNC(B30,0))=0,B30-B29,IF(LEN(TRUNC(B29,0))-LEN(TRUNC(B30,0))>0,VALUE(LEFT(B29,LEN(TRUNC(B29,0))-LEN(TRUNC(B30,0))))*POWER(10,LEN(TRUNC(B30,0)))+B30-B29,B30-B29-VALUE(LEFT(B30,LEN(TRUNC(B30,0))-LEN(TRUNC(B29,0))))*POWER(10,LEN(TRUNC(B29,0)))))) -> 0.0993 | D30: =IF(C30="","",C30*$D$15) -> 1787.4 | F30: 2118.2597 | G30: =IF(F30="","",IF(LEN(TRUNC(F29,0))-LEN(TRUNC(F30,0))=0,F30-F29,IF(LEN(TRUNC(F29,0))-LEN(TRUNC(F30,0))>0,VALUE(LEFT(F29,LEN(TRUNC(F29,0))-LEN(TRUNC(F30,0))))*POWER(10,LEN(TRUNC(F30,0)))+F30-F29,F30-F29-VALUE(LEFT(F30,LEN(TRUNC(F30,0))-LEN(TRUNC(F29,0))))*POWER(10,LEN(TRUNC(F29,0)))))) -> 0.0447 | H30: =IF(G30="","",G30*$H$15) -> 804.6 | I30: =IF(H30="","",IF(D30="","",IF(AND(H30=0,D30=0),0,H30/D30))) -> 0.45015106 | K30: 6.344934 | M30: II. Статконденсаторы всех напряжений
A31: 13-00 | B31: 6529.818 | C31: =IF(B31="","",IF(LEN(TRUNC(B30,0))-LEN(TRUNC(B31,0))=0,B31-B30,IF(LEN(TRUNC(B30,0))-LEN(TRUNC(B31,0))>0,VALUE(LEFT(B30,LEN(TRUNC(B30,0))-LEN(TRUNC(B31,0))))*POWER(10,LEN(TRUNC(B31,0)))+B31-B30,B31-B30-VALUE(LEFT(B31,LEN(TRUNC(B31,0))-LEN(TRUNC(B30,0))))*POWER(10,LEN(TRUNC(B30,0)))))) -> 0.0938 | D31: =IF(C31="","",C31*$D$15) -> 1688.4 | F31: 2118.3027 | G31: =IF(F31="","",IF(LEN(TRUNC(F30,0))-LEN(TRUNC(F31,0))=0,F31-F30,IF(LEN(TRUNC(F30,0))-LEN(TRUNC(F31,0))>0,VALUE(LEFT(F30,LEN(TRUNC(F30,0))-LEN(TRUNC(F31,0))))*POWER(10,LEN(TRUNC(F31,0)))+F31-F30,F31-F30-VALUE(LEFT(F31,LEN(TRUNC(F31,0))-LEN(TRUNC(F30,0))))*POWER(10,LEN(TRUNC(F30,0)))))) -> 0.043 | H31: =IF(G31="","",G31*$H$15) -> 774 | I31: =IF(H31="","",IF(D31="","",IF(AND(H31=0,D31=0),0,H31/D31))) -> 0.45842217 | K31: 6.373718 | M31: №№ | N31: Место | P31: Номинальное | R31: Номинальная | T31: В т.ч. с | V31: Время включения | Y31: Примечание
A32: 14-00 | B32: 6529.9173 | C32: =IF(B32="","",IF(LEN(TRUNC(B31,0))-LEN(TRUNC(B32,0))=0,B32-B31,IF(LEN(TRUNC(B31,0))-LEN(TRUNC(B32,0))>0,VALUE(LEFT(B31,LEN(TRUNC(B31,0))-LEN(TRUNC(B32,0))))*POWER(10,LEN(TRUNC(B32,0)))+B32-B31,B32-B31-VALUE(LEFT(B32,LEN(TRUNC(B32,0))-LEN(TRUNC(B31,0))))*POWER(10,LEN(TRUNC(B31,0)))))) -> 0.0993 | D32: =IF(C32="","",C32*$D$15) -> 1787.4 | F32: 2118.3476 | G32: =IF(F32="","",IF(LEN(TRUNC(F31,0))-LEN(TRUNC(F32,0))=0,F32-F31,IF(LEN(TRUNC(F31,0))-LEN(TRUNC(F32,0))>0,VALUE(LEFT(F31,LEN(TRUNC(F31,0))-LEN(TRUNC(F32,0))))*POWER(10,LEN(TRUNC(F32,0)))+F32-F31,F32-F31-VALUE(LEFT(F32,LEN(TRUNC(F32,0))-LEN(TRUNC(F31,0))))*POWER(10,LEN(TRUNC(F31,0)))))) -> 0.0449 | H32: =IF(G32="","",G32*$H$15) -> 808.2 | I32: =IF(H32="","",IF(D32="","",IF(AND(H32=0,D32=0),0,H32/D32))) -> 0.45216516 | K32: 6.346944 | P32: напряжение | R32: мощность | T32: авторегулир. | V32: и отключения
A33: 15-00 | B33: 6530.019 | C33: =IF(B33="","",IF(LEN(TRUNC(B32,0))-LEN(TRUNC(B33,0))=0,B33-B32,IF(LEN(TRUNC(B32,0))-LEN(TRUNC(B33,0))>0,VALUE(LEFT(B32,LEN(TRUNC(B32,0))-LEN(TRUNC(B33,0))))*POWER(10,LEN(TRUNC(B33,0)))+B33-B32,B33-B32-VALUE(LEFT(B33,LEN(TRUNC(B33,0))-LEN(TRUNC(B32,0))))*POWER(10,LEN(TRUNC(B32,0)))))) -> 0.1017 | D33: =IF(C33="","",C33*$D$15) -> 1830.6 | F33: 2118.3938 | G33: =IF(F33="","",IF(LEN(TRUNC(F32,0))-LEN(TRUNC(F33,0))=0,F33-F32,IF(LEN(TRUNC(F32,0))-LEN(TRUNC(F33,0))>0,VALUE(LEFT(F32,LEN(TRUNC(F32,0))-LEN(TRUNC(F33,0))))*POWER(10,LEN(TRUNC(F33,0)))+F33-F32,F33-F32-VALUE(LEFT(F33,LEN(TRUNC(F33,0))-LEN(TRUNC(F32,0))))*POWER(10,LEN(TRUNC(F32,0)))))) -> 0.0462 | H33: =IF(G33="","",G33*$H$15) -> 831.6 | I33: =IF(H33="","",IF(D33="","",IF(AND(H33=0,D33=0),0,H33/D33))) -> 0.45427729 | K33: 6.232457 | M33: п/п | N33: установки | P33: кВ | R33: кВар | T33: кВар | V33: установки за сутки
A34: 16-00 | B34: 6530.1197 | C34: =IF(B34="","",IF(LEN(TRUNC(B33,0))-LEN(TRUNC(B34,0))=0,B34-B33,IF(LEN(TRUNC(B33,0))-LEN(TRUNC(B34,0))>0,VALUE(LEFT(B33,LEN(TRUNC(B33,0))-LEN(TRUNC(B34,0))))*POWER(10,LEN(TRUNC(B34,0)))+B34-B33,B34-B33-VALUE(LEFT(B34,LEN(TRUNC(B34,0))-LEN(TRUNC(B33,0))))*POWER(10,LEN(TRUNC(B33,0)))))) -> 0.1007 | D34: =IF(C34="","",C34*$D$15) -> 1812.6 | F34: 2118.4388 | G34: =IF(F34="","",IF(LEN(TRUNC(F33,0))-LEN(TRUNC(F34,0))=0,F34-F33,IF(LEN(TRUNC(F33,0))-LEN(TRUNC(F34,0))>0,VALUE(LEFT(F33,LEN(TRUNC(F33,0))-LEN(TRUNC(F34,0))))*POWER(10,LEN(TRUNC(F34,0)))+F34-F33,F34-F33-VALUE(LEFT(F34,LEN(TRUNC(F34,0))-LEN(TRUNC(F33,0))))*POWER(10,LEN(TRUNC(F33,0)))))) -> 0.045 | H34: =IF(G34="","",G34*$H$15) -> 810 | I34: =IF(H34="","",IF(D34="","",IF(AND(H34=0,D34=0),0,H34/D34))) -> 0.4468719 | K34: 6.355583
A35: 17-00 | B35: 6530.2135 | C35: =IF(B35="","",IF(LEN(TRUNC(B34,0))-LEN(TRUNC(B35,0))=0,B35-B34,IF(LEN(TRUNC(B34,0))-LEN(TRUNC(B35,0))>0,VALUE(LEFT(B34,LEN(TRUNC(B34,0))-LEN(TRUNC(B35,0))))*POWER(10,LEN(TRUNC(B35,0)))+B35-B34,B35-B34-VALUE(LEFT(B35,LEN(TRUNC(B35,0))-LEN(TRUNC(B34,0))))*POWER(10,LEN(TRUNC(B34,0)))))) -> 0.0938 | D35: =IF(C35="","",C35*$D$15) -> 1688.4 | F35: 2118.4734 | G35: =IF(F35="","",IF(LEN(TRUNC(F34,0))-LEN(TRUNC(F35,0))=0,F35-F34,IF(LEN(TRUNC(F34,0))-LEN(TRUNC(F35,0))>0,VALUE(LEFT(F34,LEN(TRUNC(F34,0))-LEN(TRUNC(F35,0))))*POWER(10,LEN(TRUNC(F35,0)))+F35-F34,F35-F34-VALUE(LEFT(F35,LEN(TRUNC(F35,0))-LEN(TRUNC(F34,0))))*POWER(10,LEN(TRUNC(F34,0)))))) -> 0.0346 | H35: =IF(G35="","",G35*$H$15) -> 622.8 | I35: =IF(H35="","",IF(D35="","",IF(AND(H35=0,D35=0),0,H35/D35))) -> 0.36886994 | K35: 6.277733 | N35: КТП-22,23,24,25 | P35: 0.4 | R35: 696
A36: 18-00 | B36: 6530.2995 | C36: =IF(B36="","",IF(LEN(TRUNC(B35,0))-LEN(TRUNC(B36,0))=0,B36-B35,IF(LEN(TRUNC(B35,0))-LEN(TRUNC(B36,0))>0,VALUE(LEFT(B35,LEN(TRUNC(B35,0))-LEN(TRUNC(B36,0))))*POWER(10,LEN(TRUNC(B36,0)))+B36-B35,B36-B35-VALUE(LEFT(B36,LEN(TRUNC(B36,0))-LEN(TRUNC(B35,0))))*POWER(10,LEN(TRUNC(B35,0)))))) -> 0.086 | D36: =IF(C36="","",C36*$D$15) -> 1548 | F36: 2118.5053 | G36: =IF(F36="","",IF(LEN(TRUNC(F35,0))-LEN(TRUNC(F36,0))=0,F36-F35,IF(LEN(TRUNC(F35,0))-LEN(TRUNC(F36,0))>0,VALUE(LEFT(F35,LEN(TRUNC(F35,0))-LEN(TRUNC(F36,0))))*POWER(10,LEN(TRUNC(F36,0)))+F36-F35,F36-F35-VALUE(LEFT(F36,LEN(TRUNC(F36,0))-LEN(TRUNC(F35,0))))*POWER(10,LEN(TRUNC(F35,0)))))) -> 0.0319 | H36: =IF(G36="","",G36*$H$15) -> 574.2 | I36: =IF(H36="","",IF(D36="","",IF(AND(H36=0,D36=0),0,H36/D36))) -> 0.37093023 | K36: 6.342901 | N36: РП-1 | P36: 6 | R36: 870
A37: 19-00 | B37: 6530.3766 | C37: =IF(B37="","",IF(LEN(TRUNC(B36,0))-LEN(TRUNC(B37,0))=0,B37-B36,IF(LEN(TRUNC(B36,0))-LEN(TRUNC(B37,0))>0,VALUE(LEFT(B36,LEN(TRUNC(B36,0))-LEN(TRUNC(B37,0))))*POWER(10,LEN(TRUNC(B37,0)))+B37-B36,B37-B36-VALUE(LEFT(B37,LEN(TRUNC(B37,0))-LEN(TRUNC(B36,0))))*POWER(10,LEN(TRUNC(B36,0)))))) -> 0.0771 | D37: =IF(C37="","",C37*$D$15) -> 1387.8 | F37: 2118.5285 | G37: =IF(F37="","",IF(LEN(TRUNC(F36,0))-LEN(TRUNC(F37,0))=0,F37-F36,IF(LEN(TRUNC(F36,0))-LEN(TRUNC(F37,0))>0,VALUE(LEFT(F36,LEN(TRUNC(F36,0))-LEN(TRUNC(F37,0))))*POWER(10,LEN(TRUNC(F37,0)))+F37-F36,F37-F36-VALUE(LEFT(F37,LEN(TRUNC(F37,0))-LEN(TRUNC(F36,0))))*POWER(10,LEN(TRUNC(F36,0)))))) -> 0.0232 | H37: =IF(G37="","",G37*$H$15) -> 417.6 | I37: =IF(H37="","",IF(D37="","",IF(AND(H37=0,D37=0),0,H37/D37))) -> 0.30090791 | K37: 6.291354
A38: 20-00 | B38: 6530.4517 | C38: =IF(B38="","",IF(LEN(TRUNC(B37,0))-LEN(TRUNC(B38,0))=0,B38-B37,IF(LEN(TRUNC(B37,0))-LEN(TRUNC(B38,0))>0,VALUE(LEFT(B37,LEN(TRUNC(B37,0))-LEN(TRUNC(B38,0))))*POWER(10,LEN(TRUNC(B38,0)))+B38-B37,B38-B37-VALUE(LEFT(B38,LEN(TRUNC(B38,0))-LEN(TRUNC(B37,0))))*POWER(10,LEN(TRUNC(B37,0)))))) -> 0.0751 | D38: =IF(C38="","",C38*$D$15) -> 1351.8 | F38: 2118.5486 | G38: =IF(F38="","",IF(LEN(TRUNC(F37,0))-LEN(TRUNC(F38,0))=0,F38-F37,IF(LEN(TRUNC(F37,0))-LEN(TRUNC(F38,0))>0,VALUE(LEFT(F37,LEN(TRUNC(F37,0))-LEN(TRUNC(F38,0))))*POWER(10,LEN(TRUNC(F38,0)))+F38-F37,F38-F37-VALUE(LEFT(F38,LEN(TRUNC(F38,0))-LEN(TRUNC(F37,0))))*POWER(10,LEN(TRUNC(F37,0)))))) -> 0.0201 | H38: =IF(G38="","",G38*$H$15) -> 361.8 | I38: =IF(H38="","",IF(D38="","",IF(AND(H38=0,D38=0),0,H38/D38))) -> 0.26764314 | K38: 6.321241
A39: 21-00 | B39: 6530.5277 | C39: =IF(B39="","",IF(LEN(TRUNC(B38,0))-LEN(TRUNC(B39,0))=0,B39-B38,IF(LEN(TRUNC(B38,0))-LEN(TRUNC(B39,0))>0,VALUE(LEFT(B38,LEN(TRUNC(B38,0))-LEN(TRUNC(B39,0))))*POWER(10,LEN(TRUNC(B39,0)))+B39-B38,B39-B38-VALUE(LEFT(B39,LEN(TRUNC(B39,0))-LEN(TRUNC(B38,0))))*POWER(10,LEN(TRUNC(B38,0)))))) -> 0.076 | D39: =IF(C39="","",C39*$D$15) -> 1368 | F39: 2118.5709 | G39: =IF(F39="","",IF(LEN(TRUNC(F38,0))-LEN(TRUNC(F39,0))=0,F39-F38,IF(LEN(TRUNC(F38,0))-LEN(TRUNC(F39,0))>0,VALUE(LEFT(F38,LEN(TRUNC(F38,0))-LEN(TRUNC(F39,0))))*POWER(10,LEN(TRUNC(F39,0)))+F39-F38,F39-F38-VALUE(LEFT(F39,LEN(TRUNC(F39,0))-LEN(TRUNC(F38,0))))*POWER(10,LEN(TRUNC(F38,0)))))) -> 0.0223 | H39: =IF(G39="","",G39*$H$15) -> 401.4 | I39: =IF(H39="","",IF(D39="","",IF(AND(H39=0,D39=0),0,H39/D39))) -> 0.29342105 | K39: 6.344234
A40: 22-00 | B40: 6530.6029 | C40: =IF(B40="","",IF(LEN(TRUNC(B39,0))-LEN(TRUNC(B40,0))=0,B40-B39,IF(LEN(TRUNC(B39,0))-LEN(TRUNC(B40,0))>0,VALUE(LEFT(B39,LEN(TRUNC(B39,0))-LEN(TRUNC(B40,0))))*POWER(10,LEN(TRUNC(B40,0)))+B40-B39,B40-B39-VALUE(LEFT(B40,LEN(TRUNC(B40,0))-LEN(TRUNC(B39,0))))*POWER(10,LEN(TRUNC(B39,0)))))) -> 0.0752 | D40: =IF(C40="","",C40*$D$15) -> 1353.6 | F40: 2118.5929 | G40: =IF(F40="","",IF(LEN(TRUNC(F39,0))-LEN(TRUNC(F40,0))=0,F40-F39,IF(LEN(TRUNC(F39,0))-LEN(TRUNC(F40,0))>0,VALUE(LEFT(F39,LEN(TRUNC(F39,0))-LEN(TRUNC(F40,0))))*POWER(10,LEN(TRUNC(F40,0)))+F40-F39,F40-F39-VALUE(LEFT(F40,LEN(TRUNC(F40,0))-LEN(TRUNC(F39,0))))*POWER(10,LEN(TRUNC(F39,0)))))) -> 0.022 | H40: =IF(G40="","",G40*$H$15) -> 396 | I40: =IF(H40="","",IF(D40="","",IF(AND(H40=0,D40=0),0,H40/D40))) -> 0.29255319 | K40: 6.364006 | M40: III. Синхронные электродвигатели напряжением до 1000 В
A41: 23-00 | B41: 6530.6819 | C41: =IF(B41="","",IF(LEN(TRUNC(B40,0))-LEN(TRUNC(B41,0))=0,B41-B40,IF(LEN(TRUNC(B40,0))-LEN(TRUNC(B41,0))>0,VALUE(LEFT(B40,LEN(TRUNC(B40,0))-LEN(TRUNC(B41,0))))*POWER(10,LEN(TRUNC(B41,0)))+B41-B40,B41-B40-VALUE(LEFT(B41,LEN(TRUNC(B41,0))-LEN(TRUNC(B40,0))))*POWER(10,LEN(TRUNC(B40,0)))))) -> 0.079 | D41: =IF(C41="","",C41*$D$15) -> 1422 | F41: 2118.6173 | G41: =IF(F41="","",IF(LEN(TRUNC(F40,0))-LEN(TRUNC(F41,0))=0,F41-F40,IF(LEN(TRUNC(F40,0))-LEN(TRUNC(F41,0))>0,VALUE(LEFT(F40,LEN(TRUNC(F40,0))-LEN(TRUNC(F41,0))))*POWER(10,LEN(TRUNC(F41,0)))+F41-F40,F41-F40-VALUE(LEFT(F41,LEN(TRUNC(F41,0))-LEN(TRUNC(F40,0))))*POWER(10,LEN(TRUNC(F40,0)))))) -> 0.0244 | H41: =IF(G41="","",G41*$H$15) -> 439.2 | I41: =IF(H41="","",IF(D41="","",IF(AND(H41=0,D41=0),0,H41/D41))) -> 0.30886076 | K41: 6.400516 | M41: №№ | N41: Место | P41: Номинальная | S41: № п-п | T41: Место установки | X41: Номинальная
A42: 24-00 | B42: 6530.7593 | C42: =IF(B42="","",IF(LEN(TRUNC(B41,0))-LEN(TRUNC(B42,0))=0,B42-B41,IF(LEN(TRUNC(B41,0))-LEN(TRUNC(B42,0))>0,VALUE(LEFT(B41,LEN(TRUNC(B41,0))-LEN(TRUNC(B42,0))))*POWER(10,LEN(TRUNC(B42,0)))+B42-B41,B42-B41-VALUE(LEFT(B42,LEN(TRUNC(B42,0))-LEN(TRUNC(B41,0))))*POWER(10,LEN(TRUNC(B41,0)))))) -> 0.0774 | D42: =IF(C42="","",C42*$D$15) -> 1393.2 | F42: 2118.642 | G42: =IF(F42="","",IF(LEN(TRUNC(F41,0))-LEN(TRUNC(F42,0))=0,F42-F41,IF(LEN(TRUNC(F41,0))-LEN(TRUNC(F42,0))>0,VALUE(LEFT(F41,LEN(TRUNC(F41,0))-LEN(TRUNC(F42,0))))*POWER(10,LEN(TRUNC(F42,0)))+F42-F41,F42-F41-VALUE(LEFT(F42,LEN(TRUNC(F42,0))-LEN(TRUNC(F41,0))))*POWER(10,LEN(TRUNC(F41,0)))))) -> 0.0247 | H42: =IF(G42="","",G42*$H$15) -> 444.6 | I42: =IF(H42="","",IF(D42="","",IF(AND(H42=0,D42=0),0,H42/D42))) -> 0.31912145 | K42: 6.412046
A43: Суточн. расход эл. энергии | D43: =SUM(D18:D42) -> 37143 | H43: =SUM(H18:H42) -> 13950 | I43: =IF(AND(H43=0,D43=0),0,H43/D43) -> 0.37557548 | M43: п/п | N43: установки | P43: мощность кВт | X43: мощность кВт
A44: Контрольная сумма
A46: Запись показаний счетчиков производили: | G46: Расчеты произвел:
A47: 1. | D47: ___________________
A48: фамилия | D48: (подпись)
A49: 2. | D49: ___________________ | H49: Каргина Т.В. | K49: _______________ | N49: Главный энергетик | Q49: _________________________ И.Н. Чернышов
A50: фамилия | D50: (подпись) | H50: фамилия | K50: (подпись) | S50: (подпись)
A51: 3. | D51: ___________________
A52: фамилия | D52: (подпись)

Sheet Ячейка 2
A1: ОАО "Пластик" | G1: Шифр | M1: I. Сведения о присоединенных трансформаторах и высоковольтных электродвигателях
A2: (наименование предприятия) | M2: 1. Трансформаторы
A3: г. Узловая, Тульская, 1 | G3: Питающий центр | I3: П/ст №167 (ГПП-1) | M3: №№ | N3: Место установки | P3: Мощность | R3: Номинальн. | T3: Включен. | V3: Назначение | X3: Примечание
A4: (адрес) | R4: напряжение | T4: на ответвление | V4: тр-ра
G5: № фидера | I5: яч 2 тр-р №2 | M5: п/п | P5: ква | R5: ________ кВ | T5: ________ кВ | V5: силов. освет.
A6: (министерство, ведомство) | V6: печной
A8: ПРОТОКОЛ (первичный)
A9: записей показания электросчетчиков и вольтметров, а также определение
A10: нагрузок и тангенса "фи" за | E10: 20 декабря | H10: 2017года
A11: напряжения | E11: _______6000_____________ | I11: вольт
A13: Время записи часы | B13: Активн. сч-к тип | D13: СЭТ-4ТМ.03М | F13: Реактивн. сч-к тип | H13: СЭТ-4ТМ.03М | I13: Тангенс "фи" | J13: Показание | L13: Мощность
B14: ____________л__ | D14: №0808090590 | F14: ____________л__ | H14: №0808090590 | J14: вольтметр. | L14: включен.
B15: Расчетн. коэф | D15: 18000 | F15: Расчетн. коэф | H15: 18000 | J15: на стороне | L15: компенсир.
B16: показ. | C16: разность | D16: расход за | F16: показ. | G16: разность | H16: расход за | J16: в\н | K16: н\н | L16: устройств
B17: сч-ка | C17: показ. | D17: час (кВт) | F17: сч-ка | G17: показ. | H17: час (кВт) | L17: кВар | M17: 2. Высоковольтные электродвигатели
A18: 0-00 | B18: 14969.41 | F18: 7520.7948 | M18: №№ | N18: Место | Q18: Тип | T18: Номинальная | W18: Примечание
A19: 1-00 | B19: 14969.569 | C19: =IF(B19="","",IF(LEN(TRUNC(B18,0))-LEN(TRUNC(B19,0))=0,B19-B18,IF(LEN(TRUNC(B18,0))-LEN(TRUNC(B19,0))>0,VALUE(LEFT(B18,LEN(TRUNC(B18,0))-LEN(TRUNC(B19,0))))*POWER(10,LEN(TRUNC(B19,0)))+B19-B18,B19-B18-VALUE(LEFT(B19,LEN(TRUNC(B19,0))-LEN(TRUNC(B18,0))))*POWER(10,LEN(TRUNC(B18,0)))))) -> 0.1586 | D19: =IF(C19="","",C19*$D$15) -> 2854.8 | F19: 7520.8658 | G19: =IF(F19="","",IF(LEN(TRUNC(F18,0))-LEN(TRUNC(F19,0))=0,F19-F18,IF(LEN(TRUNC(F18,0))-LEN(TRUNC(F19,0))>0,VALUE(LEFT(F18,LEN(TRUNC(F18,0))-LEN(TRUNC(F19,0))))*POWER(10,LEN(TRUNC(F19,0)))+F19-F18,F19-F18-VALUE(LEFT(F19,LEN(TRUNC(F19,0))-LEN(TRUNC(F18,0))))*POWER(10,LEN(TRUNC(F18,0)))))) -> 0.071 | H19: =IF(G19="","",G19*$H$15) -> 1278 | I19: =IF(H19="","",IF(D19="","",IF(AND(H19=0,D19=0),0,H19/D19))) -> 0.44766709 | K19: 6.402756 | Q19: (синхронный,
A20: 2-00 | B20: 14969.719 | C20: =IF(B20="","",IF(LEN(TRUNC(B19,0))-LEN(TRUNC(B20,0))=0,B20-B19,IF(LEN(TRUNC(B19,0))-LEN(TRUNC(B20,0))>0,VALUE(LEFT(B19,LEN(TRUNC(B19,0))-LEN(TRUNC(B20,0))))*POWER(10,LEN(TRUNC(B20,0)))+B20-B19,B20-B19-VALUE(LEFT(B20,LEN(TRUNC(B20,0))-LEN(TRUNC(B19,0))))*POWER(10,LEN(TRUNC(B19,0)))))) -> 0.1502 | D20: =IF(C20="","",C20*$D$15) -> 2703.6 | F20: 7520.9345 | G20: =IF(F20="","",IF(LEN(TRUNC(F19,0))-LEN(TRUNC(F20,0))=0,F20-F19,IF(LEN(TRUNC(F19,0))-LEN(TRUNC(F20,0))>0,VALUE(LEFT(F19,LEN(TRUNC(F19,0))-LEN(TRUNC(F20,0))))*POWER(10,LEN(TRUNC(F20,0)))+F20-F19,F20-F19-VALUE(LEFT(F20,LEN(TRUNC(F20,0))-LEN(TRUNC(F19,0))))*POWER(10,LEN(TRUNC(F19,0)))))) -> 0.0687 | H20: =IF(G20="","",G20*$H$15) -> 1236.6 | I20: =IF(H20="","",IF(D20="","",IF(AND(H20=0,D20=0),0,H20/D20))) -> 0.45739015 | K20: 6.401501 | M20: п/п | N20: установки | Q20: асинхронный) | T20: мощность кВт
A21: 3-00 | B21: 14969.867 | C21: =IF(B21="","",IF(LEN(TRUNC(B20,0))-LEN(TRUNC(B21,0))=0,B21-B20,IF(LEN(TRUNC(B20,0))-LEN(TRUNC(B21,0))>0,VALUE(LEFT(B20,LEN(TRUNC(B20,0))-LEN(TRUNC(B21,0))))*POWER(10,LEN(TRUNC(B21,0)))+B21-B20,B21-B20-VALUE(LEFT(B21,LEN(TRUNC(B21,0))-LEN(TRUNC(B20,0))))*POWER(10,LEN(TRUNC(B20,0)))))) -> 0.148 | D21: =IF(C21="","",C21*$D$15) -> 2664 | F21: 7521.0027 | G21: =IF(F21="","",IF(LEN(TRUNC(F20,0))-LEN(TRUNC(F21,0))=0,F21-F20,IF(LEN(TRUNC(F20,0))-LEN(TRUNC(F21,0))>0,VALUE(LEFT(F20,LEN(TRUNC(F20,0))-LEN(TRUNC(F21,0))))*POWER(10,LEN(TRUNC(F21,0)))+F21-F20,F21-F20-VALUE(LEFT(F21,LEN(TRUNC(F21,0))-LEN(TRUNC(F20,0))))*POWER(10,LEN(TRUNC(F20,0)))))) -> 0.0682 | H21: =IF(G21="","",G21*$H$15) -> 1227.6 | I21: =IF(H21="","",IF(D21="","",IF(AND(H21=0,D21=0),0,H21/D21))) -> 0.46081081 | K21: 6.405905
A22: 4-00 | B22: 14970.022 | C22: =IF(B22="","",IF(LEN(TRUNC(B21,0))-LEN(TRUNC(B22,0))=0,B22-B21,IF(LEN(TRUNC(B21,0))-LEN(TRUNC(B22,0))>0,VALUE(LEFT(B21,LEN(TRUNC(B21,0))-LEN(TRUNC(B22,0))))*POWER(10,LEN(TRUNC(B22,0)))+B22-B21,B22-B21-VALUE(LEFT(B22,LEN(TRUNC(B22,0))-LEN(TRUNC(B21,0))))*POWER(10,LEN(TRUNC(B21,0)))))) -> 0.1547 | D22: =IF(C22="","",C22*$D$15) -> 2784.6 | F22: 7521.0754 | G22: =IF(F22="","",IF(LEN(TRUNC(F21,0))-LEN(TRUNC(F22,0))=0,F22-F21,IF(LEN(TRUNC(F21,0))-LEN(TRUNC(F22,0))>0,VALUE(LEFT(F21,LEN(TRUNC(F21,0))-LEN(TRUNC(F22,0))))*POWER(10,LEN(TRUNC(F22,0)))+F22-F21,F22-F21-VALUE(LEFT(F22,LEN(TRUNC(F22,0))-LEN(TRUNC(F21,0))))*POWER(10,LEN(TRUNC(F21,0)))))) -> 0.0727 | H22: =IF(G22="","",G22*$H$15) -> 1308.6 | I22: =IF(H22="","",IF(D22="","",IF(AND(H22=0,D22=0),0,H22/D22))) -> 0.46994182 | K22: 6.417461
A23: 5-00 | B23: 14970.177 | C23: =IF(B23="","",IF(LEN(TRUNC(B22,0))-LEN(TRUNC(B23,0))=0,B23-B22,IF(LEN(TRUNC(B22,0))-LEN(TRUNC(B23,0))>0,VALUE(LEFT(B22,LEN(TRUNC(B22,0))-LEN(TRUNC(B23,0))))*POWER(10,LEN(TRUNC(B23,0)))+B23-B22,B23-B22-VALUE(LEFT(B23,LEN(TRUNC(B23,0))-LEN(TRUNC(B22,0))))*POWER(10,LEN(TRUNC(B22,0)))))) -> 0.1555 | D23: =IF(C23="","",C23*$D$15) -> 2799 | F23: 7521.1504 | G23: =IF(F23="","",IF(LEN(TRUNC(F22,0))-LEN(TRUNC(F23,0))=0,F23-F22,IF(LEN(TRUNC(F22,0))-LEN(TRUNC(F23,0))>0,VALUE(LEFT(F22,LEN(TRUNC(F22,0))-LEN(TRUNC(F23,0))))*POWER(10,LEN(TRUNC(F23,0)))+F23-F22,F23-F22-VALUE(LEFT(F23,LEN(TRUNC(F23,0))-LEN(TRUNC(F22,0))))*POWER(10,LEN(TRUNC(F22,0)))))) -> 0.075 | H23: =IF(G23="","",G23*$H$15) -> 1350 | I23: =IF(H23="","",IF(D23="","",IF(AND(H23=0,D23=0),0,H23/D23))) -> 0.48231511 | K23: 6.423085
A24: 6-00 | B24: 14970.334 | C24: =IF(B24="","",IF(LEN(TRUNC(B23,0))-LEN(TRUNC(B24,0))=0,B24-B23,IF(LEN(TRUNC(B23,0))-LEN(TRUNC(B24,0))>0,VALUE(LEFT(B23,LEN(TRUNC(B23,0))-LEN(TRUNC(B24,0))))*POWER(10,LEN(TRUNC(B24,0)))+B24-B23,B24-B23-VALUE(LEFT(B24,LEN(TRUNC(B24,0))-LEN(TRUNC(B23,0))))*POWER(10,LEN(TRUNC(B23,0)))))) -> 0.1569 | D24: =IF(C24="","",C24*$D$15) -> 2824.2 | F24: 7521.2236 | G24: =IF(F24="","",IF(LEN(TRUNC(F23,0))-LEN(TRUNC(F24,0))=0,F24-F23,IF(LEN(TRUNC(F23,0))-LEN(TRUNC(F24,0))>0,VALUE(LEFT(F23,LEN(TRUNC(F23,0))-LEN(TRUNC(F24,0))))*POWER(10,LEN(TRUNC(F24,0)))+F24-F23,F24-F23-VALUE(LEFT(F24,LEN(TRUNC(F24,0))-LEN(TRUNC(F23,0))))*POWER(10,LEN(TRUNC(F23,0)))))) -> 0.0732 | H24: =IF(G24="","",G24*$H$15) -> 1317.6 | I24: =IF(H24="","",IF(D24="","",IF(AND(H24=0,D24=0),0,H24/D24))) -> 0.4665392 | K24: 6.416529
A25: 7-00 | B25: 14970.496 | C25: =IF(B25="","",IF(LEN(TRUNC(B24,0))-LEN(TRUNC(B25,0))=0,B25-B24,IF(LEN(TRUNC(B24,0))-LEN(TRUNC(B25,0))>0,VALUE(LEFT(B24,LEN(TRUNC(B24,0))-LEN(TRUNC(B25,0))))*POWER(10,LEN(TRUNC(B25,0)))+B25-B24,B25-B24-VALUE(LEFT(B25,LEN(TRUNC(B25,0))-LEN(TRUNC(B24,0))))*POWER(10,LEN(TRUNC(B24,0)))))) -> 0.1622 | D25: =IF(C25="","",C25*$D$15) -> 2919.6 | F25: 7521.2955 | G25: =IF(F25="","",IF(LEN(TRUNC(F24,0))-LEN(TRUNC(F25,0))=0,F25-F24,IF(LEN(TRUNC(F24,0))-LEN(TRUNC(F25,0))>0,VALUE(LEFT(F24,LEN(TRUNC(F24,0))-LEN(TRUNC(F25,0))))*POWER(10,LEN(TRUNC(F25,0)))+F25-F24,F25-F24-VALUE(LEFT(F25,LEN(TRUNC(F25,0))-LEN(TRUNC(F24,0))))*POWER(10,LEN(TRUNC(F24,0)))))) -> 0.0719 | H25: =IF(G25="","",G25*$H$15) -> 1294.2 | I25: =IF(H25="","",IF(D25="","",IF(AND(H25=0,D25=0),0,H25/D25))) -> 0.4432799 | K25: 6.384053
A26: 8-00 | B26: 14970.669 | C26: =IF(B26="","",IF(LEN(TRUNC(B25,0))-LEN(TRUNC(B26,0))=0,B26-B25,IF(LEN(TRUNC(B25,0))-LEN(TRUNC(B26,0))>0,VALUE(LEFT(B25,LEN(TRUNC(B25,0))-LEN(TRUNC(B26,0))))*POWER(10,LEN(TRUNC(B26,0)))+B26-B25,B26-B25-VALUE(LEFT(B26,LEN(TRUNC(B26,0))-LEN(TRUNC(B25,0))))*POWER(10,LEN(TRUNC(B25,0)))))) -> 0.1729 | D26: =IF(C26="","",C26*$D$15) -> 3112.2 | F26: 7521.3677 | G26: =IF(F26="","",IF(LEN(TRUNC(F25,0))-LEN(TRUNC(F26,0))=0,F26-F25,IF(LEN(TRUNC(F25,0))-LEN(TRUNC(F26,0))>0,VALUE(LEFT(F25,LEN(TRUNC(F25,0))-LEN(TRUNC(F26,0))))*POWER(10,LEN(TRUNC(F26,0)))+F26-F25,F26-F25-VALUE(LEFT(F26,LEN(TRUNC(F26,0))-LEN(TRUNC(F25,0))))*POWER(10,LEN(TRUNC(F25,0)))))) -> 0.0722 | H26: =IF(G26="","",G26*$H$15) -> 1299.6 | I26: =IF(H26="","",IF(D26="","",IF(AND(H26=0,D26=0),0,H26/D26))) -> 0.41758242 | K26: 6.217087
A27: 9-00 | B27: 14970.85 | C27: =IF(B27="","",IF(LEN(TRUNC(B26,0))-LEN(TRUNC(B27,0))=0,B27-B26,IF(LEN(TRUNC(B26,0))-LEN(TRUNC(B27,0))>0,VALUE(LEFT(B26,LEN(TRUNC(B26,0))-LEN(TRUNC(B27,0))))*POWER(10,LEN(TRUNC(B27,0)))+B27-B26,B27-B26-VALUE(LEFT(B27,LEN(TRUNC(B27,0))-LEN(TRUNC(B26,0))))*POWER(10,LEN(TRUNC(B26,0)))))) -> 0.1811 | D27: =IF(C27="","",C27*$D$15) -> 3259.8 | F27: 7521.4409 | G27: =IF(F27="","",IF(LEN(TRUNC(F26,0))-LEN(TRUNC(F27,0))=0,F27-F26,IF(LEN(TRUNC(F26,0))-LEN(TRUNC(F27,0))>0,VALUE(LEFT(F26,LEN(TRUNC(F26,0))-LEN(TRUNC(F27,0))))*POWER(10,LEN(TRUNC(F27,0)))+F27-F26,F27-F26-VALUE(LEFT(F27,LEN(TRUNC(F27,0))-LEN(TRUNC(F26,0))))*POWER(10,LEN(TRUNC(F26,0)))))) -> 0.0732 | H27: =IF(G27="","",G27*$H$15) -> 1317.6 | I27: =IF(H27="","",IF(D27="","",IF(AND(H27=0,D27=0),0,H27/D27))) -> 0.40419658 | K27: 6.093546
A28: 10-00 | B28: 14971.043 | C28: =IF(B28="","",IF(LEN(TRUNC(B27,0))-LEN(TRUNC(B28,0))=0,B28-B27,IF(LEN(TRUNC(B27,0))-LEN(TRUNC(B28,0))>0,VALUE(LEFT(B27,LEN(TRUNC(B27,0))-LEN(TRUNC(B28,0))))*POWER(10,LEN(TRUNC(B28,0)))+B28-B27,B28-B27-VALUE(LEFT(B28,LEN(TRUNC(B28,0))-LEN(TRUNC(B27,0))))*POWER(10,LEN(TRUNC(B27,0)))))) -> 0.1927 | D28: =IF(C28="","",C28*$D$15) -> 3468.6 | F28: 7521.5195 | G28: =IF(F28="","",IF(LEN(TRUNC(F27,0))-LEN(TRUNC(F28,0))=0,F28-F27,IF(LEN(TRUNC(F27,0))-LEN(TRUNC(F28,0))>0,VALUE(LEFT(F27,LEN(TRUNC(F27,0))-LEN(TRUNC(F28,0))))*POWER(10,LEN(TRUNC(F28,0)))+F28-F27,F28-F27-VALUE(LEFT(F28,LEN(TRUNC(F28,0))-LEN(TRUNC(F27,0))))*POWER(10,LEN(TRUNC(F27,0)))))) -> 0.0786 | H28: =IF(G28="","",G28*$H$15) -> 1414.8 | I28: =IF(H28="","",IF(D28="","",IF(AND(H28=0,D28=0),0,H28/D28))) -> 0.40788791 | K28: 6.145785
A29: 11-00 | B29: 14971.229 | C29: =IF(B29="","",IF(LEN(TRUNC(B28,0))-LEN(TRUNC(B29,0))=0,B29-B28,IF(LEN(TRUNC(B28,0))-LEN(TRUNC(B29,0))>0,VALUE(LEFT(B28,LEN(TRUNC(B28,0))-LEN(TRUNC(B29,0))))*POWER(10,LEN(TRUNC(B29,0)))+B29-B28,B29-B28-VALUE(LEFT(B29,LEN(TRUNC(B29,0))-LEN(TRUNC(B28,0))))*POWER(10,LEN(TRUNC(B28,0)))))) -> 0.1857 | D29: =IF(C29="","",C29*$D$15) -> 3342.6 | F29: 7521.596 | G29: =IF(F29="","",IF(LEN(TRUNC(F28,0))-LEN(TRUNC(F29,0))=0,F29-F28,IF(LEN(TRUNC(F28,0))-LEN(TRUNC(F29,0))>0,VALUE(LEFT(F28,LEN(TRUNC(F28,0))-LEN(TRUNC(F29,0))))*POWER(10,LEN(TRUNC(F29,0)))+F29-F28,F29-F28-VALUE(LEFT(F29,LEN(TRUNC(F29,0))-LEN(TRUNC(F28,0))))*POWER(10,LEN(TRUNC(F28,0)))))) -> 0.0765 | H29: =IF(G29="","",G29*$H$15) -> 1377 | I29: =IF(H29="","",IF(D29="","",IF(AND(H29=0,D29=0),0,H29/D29))) -> 0.41195477 | K29: 6.10347 | M29: Указать отдельно рабочие и запломбированные трансформаторы и высоковольтные электродвигатели
A30: 12-00 | B30: 14971.413 | C30: =IF(B30="","",IF(LEN(TRUNC(B29,0))-LEN(TRUNC(B30,0))=0,B30-B29,IF(LEN(TRUNC(B29,0))-LEN(TRUNC(B30,0))>0,VALUE(LEFT(B29,LEN(TRUNC(B29,0))-LEN(TRUNC(B30,0))))*POWER(10,LEN(TRUNC(B30,0)))+B30-B29,B30-B29-VALUE(LEFT(B30,LEN(TRUNC(B30,0))-LEN(TRUNC(B29,0))))*POWER(10,LEN(TRUNC(B29,0)))))) -> 0.1839 | D30: =IF(C30="","",C30*$D$15) -> 3310.2 | F30: 7521.6727 | G30: =IF(F30="","",IF(LEN(TRUNC(F29,0))-LEN(TRUNC(F30,0))=0,F30-F29,IF(LEN(TRUNC(F29,0))-LEN(TRUNC(F30,0))>0,VALUE(LEFT(F29,LEN(TRUNC(F29,0))-LEN(TRUNC(F30,0))))*POWER(10,LEN(TRUNC(F30,0)))+F30-F29,F30-F29-VALUE(LEFT(F30,LEN(TRUNC(F30,0))-LEN(TRUNC(F29,0))))*POWER(10,LEN(TRUNC(F29,0)))))) -> 0.0767 | H30: =IF(G30="","",G30*$H$15) -> 1380.6 | I30: =IF(H30="","",IF(D30="","",IF(AND(H30=0,D30=0),0,H30/D30))) -> 0.4170745 | K30: 6.33539 | M30: II. Статконденсаторы всех напряжений
A31: 13-00 | B31: 14971.592 | C31: =IF(B31="","",IF(LEN(TRUNC(B30,0))-LEN(TRUNC(B31,0))=0,B31-B30,IF(LEN(TRUNC(B30,0))-LEN(TRUNC(B31,0))>0,VALUE(LEFT(B30,LEN(TRUNC(B30,0))-LEN(TRUNC(B31,0))))*POWER(10,LEN(TRUNC(B31,0)))+B31-B30,B31-B30-VALUE(LEFT(B31,LEN(TRUNC(B31,0))-LEN(TRUNC(B30,0))))*POWER(10,LEN(TRUNC(B30,0)))))) -> 0.1793 | D31: =IF(C31="","",C31*$D$15) -> 3227.4 | F31: 7521.7471 | G31: =IF(F31="","",IF(LEN(TRUNC(F30,0))-LEN(TRUNC(F31,0))=0,F31-F30,IF(LEN(TRUNC(F30,0))-LEN(TRUNC(F31,0))>0,VALUE(LEFT(F30,LEN(TRUNC(F30,0))-LEN(TRUNC(F31,0))))*POWER(10,LEN(TRUNC(F31,0)))+F31-F30,F31-F30-VALUE(LEFT(F31,LEN(TRUNC(F31,0))-LEN(TRUNC(F30,0))))*POWER(10,LEN(TRUNC(F30,0)))))) -> 0.0744 | H31: =IF(G31="","",G31*$H$15) -> 1339.2 | I31: =IF(H31="","",IF(D31="","",IF(AND(H31=0,D31=0),0,H31/D31))) -> 0.41494702 | K31: 6.363932 | M31: №№ | N31: Место | P31: Номинальное | R31: Номинальная | T31: В т.ч. с | V31: Время включения | Y31: Примечание
A32: 14-00 | B32: 14971.777 | C32: =IF(B32="","",IF(LEN(TRUNC(B31,0))-LEN(TRUNC(B32,0))=0,B32-B31,IF(LEN(TRUNC(B31,0))-LEN(TRUNC(B32,0))>0,VALUE(LEFT(B31,LEN(TRUNC(B31,0))-LEN(TRUNC(B32,0))))*POWER(10,LEN(TRUNC(B32,0)))+B32-B31,B32-B31-VALUE(LEFT(B32,LEN(TRUNC(B32,0))-LEN(TRUNC(B31,0))))*POWER(10,LEN(TRUNC(B31,0)))))) -> 0.1847 | D32: =IF(C32="","",C32*$D$15) -> 3324.6 | F32: 7521.8286 | G32: =IF(F32="","",IF(LEN(TRUNC(F31,0))-LEN(TRUNC(F32,0))=0,F32-F31,IF(LEN(TRUNC(F31,0))-LEN(TRUNC(F32,0))>0,VALUE(LEFT(F31,LEN(TRUNC(F31,0))-LEN(TRUNC(F32,0))))*POWER(10,LEN(TRUNC(F32,0)))+F32-F31,F32-F31-VALUE(LEFT(F32,LEN(TRUNC(F32,0))-LEN(TRUNC(F31,0))))*POWER(10,LEN(TRUNC(F31,0)))))) -> 0.0815 | H32: =IF(G32="","",G32*$H$15) -> 1467 | I32: =IF(H32="","",IF(D32="","",IF(AND(H32=0,D32=0),0,H32/D32))) -> 0.44125609 | K32: 6.332851 | P32: напряжение | R32: мощность | T32: авторегулир. | V32: и отключения
A33: 15-00 | B33: 14971.958 | C33: =IF(B33="","",IF(LEN(TRUNC(B32,0))-LEN(TRUNC(B33,0))=0,B33-B32,IF(LEN(TRUNC(B32,0))-LEN(TRUNC(B33,0))>0,VALUE(LEFT(B32,LEN(TRUNC(B32,0))-LEN(TRUNC(B33,0))))*POWER(10,LEN(TRUNC(B33,0)))+B33-B32,B33-B32-VALUE(LEFT(B33,LEN(TRUNC(B33,0))-LEN(TRUNC(B32,0))))*POWER(10,LEN(TRUNC(B32,0)))))) -> 0.1815 | D33: =IF(C33="","",C33*$D$15) -> 3267 | F33: 7521.9093 | G33: =IF(F33="","",IF(LEN(TRUNC(F32,0))-LEN(TRUNC(F33,0))=0,F33-F32,IF(LEN(TRUNC(F32,0))-LEN(TRUNC(F33,0))>0,VALUE(LEFT(F32,LEN(TRUNC(F32,0))-LEN(TRUNC(F33,0))))*POWER(10,LEN(TRUNC(F33,0)))+F33-F32,F33-F32-VALUE(LEFT(F33,LEN(TRUNC(F33,0))-LEN(TRUNC(F32,0))))*POWER(10,LEN(TRUNC(F32,0)))))) -> 0.0807 | H33: =IF(G33="","",G33*$H$15) -> 1452.6 | I33: =IF(H33="","",IF(D33="","",IF(AND(H33=0,D33=0),0,H33/D33))) -> 0.4446281 | K33: 6.327693 | M33: п/п | N33: установки | P33: кВ | R33: кВар | T33: кВар | V33: установки за сутки
A34: 16-00 | B34: 14972.14 | C34: =IF(B34="","",IF(LEN(TRUNC(B33,0))-LEN(TRUNC(B34,0))=0,B34-B33,IF(LEN(TRUNC(B33,0))-LEN(TRUNC(B34,0))>0,VALUE(LEFT(B33,LEN(TRUNC(B33,0))-LEN(TRUNC(B34,0))))*POWER(10,LEN(TRUNC(B34,0)))+B34-B33,B34-B33-VALUE(LEFT(B34,LEN(TRUNC(B34,0))-LEN(TRUNC(B33,0))))*POWER(10,LEN(TRUNC(B33,0)))))) -> 0.1823 | D34: =IF(C34="","",C34*$D$15) -> 3281.4 | F34: 7521.9911 | G34: =IF(F34="","",IF(LEN(TRUNC(F33,0))-LEN(TRUNC(F34,0))=0,F34-F33,IF(LEN(TRUNC(F33,0))-LEN(TRUNC(F34,0))>0,VALUE(LEFT(F33,LEN(TRUNC(F33,0))-LEN(TRUNC(F34,0))))*POWER(10,LEN(TRUNC(F34,0)))+F34-F33,F34-F33-VALUE(LEFT(F34,LEN(TRUNC(F34,0))-LEN(TRUNC(F33,0))))*POWER(10,LEN(TRUNC(F33,0)))))) -> 0.0818 | H34: =IF(G34="","",G34*$H$15) -> 1472.4 | I34: =IF(H34="","",IF(D34="","",IF(AND(H34=0,D34=0),0,H34/D34))) -> 0.44871092 | K34: 6.341585
A35: 17-00 | B35: 14972.321 | C35: =IF(B35="","",IF(LEN(TRUNC(B34,0))-LEN(TRUNC(B35,0))=0,B35-B34,IF(LEN(TRUNC(B34,0))-LEN(TRUNC(B35,0))>0,VALUE(LEFT(B34,LEN(TRUNC(B34,0))-LEN(TRUNC(B35,0))))*POWER(10,LEN(TRUNC(B35,0)))+B35-B34,B35-B34-VALUE(LEFT(B35,LEN(TRUNC(B35,0))-LEN(TRUNC(B34,0))))*POWER(10,LEN(TRUNC(B34,0)))))) -> 0.1804 | D35: =IF(C35="","",C35*$D$15) -> 3247.2 | F35: 7522.0692 | G35: =IF(F35="","",IF(LEN(TRUNC(F34,0))-LEN(TRUNC(F35,0))=0,F35-F34,IF(LEN(TRUNC(F34,0))-LEN(TRUNC(F35,0))>0,VALUE(LEFT(F34,LEN(TRUNC(F34,0))-LEN(TRUNC(F35,0))))*POWER(10,LEN(TRUNC(F35,0)))+F35-F34,F35-F34-VALUE(LEFT(F35,LEN(TRUNC(F35,0))-LEN(TRUNC(F34,0))))*POWER(10,LEN(TRUNC(F34,0)))))) -> 0.0781 | H35: =IF(G35="","",G35*$H$15) -> 1405.8 | I35: =IF(H35="","",IF(D35="","",IF(AND(H35=0,D35=0),0,H35/D35))) -> 0.43292683 | K35: 6.331864 | N35: КТП-22,23,24,25 | P35: 0.4 | R35: 696
A36: 18-00 | B36: 14972.501 | C36: =IF(B36="","",IF(LEN(TRUNC(B35,0))-LEN(TRUNC(B36,0))=0,B36-B35,IF(LEN(TRUNC(B35,0))-LEN(TRUNC(B36,0))>0,VALUE(LEFT(B35,LEN(TRUNC(B35,0))-LEN(TRUNC(B36,0))))*POWER(10,LEN(TRUNC(B36,0)))+B36-B35,B36-B35-VALUE(LEFT(B36,LEN(TRUNC(B36,0))-LEN(TRUNC(B35,0))))*POWER(10,LEN(TRUNC(B35,0)))))) -> 0.1803 | D36: =IF(C36="","",C36*$D$15) -> 3245.4 | F36: 7522.1456 | G36: =IF(F36="","",IF(LEN(TRUNC(F35,0))-LEN(TRUNC(F36,0))=0,F36-F35,IF(LEN(TRUNC(F35,0))-LEN(TRUNC(F36,0))>0,VALUE(LEFT(F35,LEN(TRUNC(F35,0))-LEN(TRUNC(F36,0))))*POWER(10,LEN(TRUNC(F36,0)))+F36-F35,F36-F35-VALUE(LEFT(F36,LEN(TRUNC(F36,0))-LEN(TRUNC(F35,0))))*POWER(10,LEN(TRUNC(F35,0)))))) -> 0.0764 | H36: =IF(G36="","",G36*$H$15) -> 1375.2 | I36: =IF(H36="","",IF(D36="","",IF(AND(H36=0,D36=0),0,H36/D36))) -> 0.42373821 | K36: 6.240767 | N36: РП-1 | P36: 6 | R36: 870
A37: 19-00 | B37: 14972.678 | C37: =IF(B37="","",IF(LEN(TRUNC(B36,0))-LEN(TRUNC(B37,0))=0,B37-B36,IF(LEN(TRUNC(B36,0))-LEN(TRUNC(B37,0))>0,VALUE(LEFT(B36,LEN(TRUNC(B36,0))-LEN(TRUNC(B37,0))))*POWER(10,LEN(TRUNC(B37,0)))+B37-B36,B37-B36-VALUE(LEFT(B37,LEN(TRUNC(B37,0))-LEN(TRUNC(B36,0))))*POWER(10,LEN(TRUNC(B36,0)))))) -> 0.1772 | D37: =IF(C37="","",C37*$D$15) -> 3189.6 | F37: 7522.2172 | G37: =IF(F37="","",IF(LEN(TRUNC(F36,0))-LEN(TRUNC(F37,0))=0,F37-F36,IF(LEN(TRUNC(F36,0))-LEN(TRUNC(F37,0))>0,VALUE(LEFT(F36,LEN(TRUNC(F36,0))-LEN(TRUNC(F37,0))))*POWER(10,LEN(TRUNC(F37,0)))+F37-F36,F37-F36-VALUE(LEFT(F37,LEN(TRUNC(F37,0))-LEN(TRUNC(F36,0))))*POWER(10,LEN(TRUNC(F36,0)))))) -> 0.0716 | H37: =IF(G37="","",G37*$H$15) -> 1288.8 | I37: =IF(H37="","",IF(D37="","",IF(AND(H37=0,D37=0),0,H37/D37))) -> 0.40406321 | K37: 6.265226
A38: 20-00 | B38: 14972.864 | C38: =IF(B38="","",IF(LEN(TRUNC(B37,0))-LEN(TRUNC(B38,0))=0,B38-B37,IF(LEN(TRUNC(B37,0))-LEN(TRUNC(B38,0))>0,VALUE(LEFT(B37,LEN(TRUNC(B37,0))-LEN(TRUNC(B38,0))))*POWER(10,LEN(TRUNC(B38,0)))+B38-B37,B38-B37-VALUE(LEFT(B38,LEN(TRUNC(B38,0))-LEN(TRUNC(B37,0))))*POWER(10,LEN(TRUNC(B37,0)))))) -> 0.1862 | D38: =IF(C38="","",C38*$D$15) -> 3351.6 | F38: 7522.2894 | G38: =IF(F38="","",IF(LEN(TRUNC(F37,0))-LEN(TRUNC(F38,0))=0,F38-F37,IF(LEN(TRUNC(F37,0))-LEN(TRUNC(F38,0))>0,VALUE(LEFT(F37,LEN(TRUNC(F37,0))-LEN(TRUNC(F38,0))))*POWER(10,LEN(TRUNC(F38,0)))+F38-F37,F38-F37-VALUE(LEFT(F38,LEN(TRUNC(F38,0))-LEN(TRUNC(F37,0))))*POWER(10,LEN(TRUNC(F37,0)))))) -> 0.0722 | H38: =IF(G38="","",G38*$H$15) -> 1299.6 | I38: =IF(H38="","",IF(D38="","",IF(AND(H38=0,D38=0),0,H38/D38))) -> 0.3877551 | K38: 6.182233
A39: 21-00 | B39: 14973.045 | C39: =IF(B39="","",IF(LEN(TRUNC(B38,0))-LEN(TRUNC(B39,0))=0,B39-B38,IF(LEN(TRUNC(B38,0))-LEN(TRUNC(B39,0))>0,VALUE(LEFT(B38,LEN(TRUNC(B38,0))-LEN(TRUNC(B39,0))))*POWER(10,LEN(TRUNC(B39,0)))+B39-B38,B39-B38-VALUE(LEFT(B39,LEN(TRUNC(B39,0))-LEN(TRUNC(B38,0))))*POWER(10,LEN(TRUNC(B38,0)))))) -> 0.1809 | D39: =IF(C39="","",C39*$D$15) -> 3256.2 | F39: 7522.3624 | G39: =IF(F39="","",IF(LEN(TRUNC(F38,0))-LEN(TRUNC(F39,0))=0,F39-F38,IF(LEN(TRUNC(F38,0))-LEN(TRUNC(F39,0))>0,VALUE(LEFT(F38,LEN(TRUNC(F38,0))-LEN(TRUNC(F39,0))))*POWER(10,LEN(TRUNC(F39,0)))+F39-F38,F39-F38-VALUE(LEFT(F39,LEN(TRUNC(F39,0))-LEN(TRUNC(F38,0))))*POWER(10,LEN(TRUNC(F38,0)))))) -> 0.073 | H39: =IF(G39="","",G39*$H$15) -> 1314 | I39: =IF(H39="","",IF(D39="","",IF(AND(H39=0,D39=0),0,H39/D39))) -> 0.40353787 | K39: 6.234414
A40: 22-00 | B40: 14973.225 | C40: =IF(B40="","",IF(LEN(TRUNC(B39,0))-LEN(TRUNC(B40,0))=0,B40-B39,IF(LEN(TRUNC(B39,0))-LEN(TRUNC(B40,0))>0,VALUE(LEFT(B39,LEN(TRUNC(B39,0))-LEN(TRUNC(B40,0))))*POWER(10,LEN(TRUNC(B40,0)))+B40-B39,B40-B39-VALUE(LEFT(B40,LEN(TRUNC(B40,0))-LEN(TRUNC(B39,0))))*POWER(10,LEN(TRUNC(B39,0)))))) -> 0.1799 | D40: =IF(C40="","",C40*$D$15) -> 3238.2 | F40: 7522.4368 | G40: =IF(F40="","",IF(LEN(TRUNC(F39,0))-LEN(TRUNC(F40,0))=0,F40-F39,IF(LEN(TRUNC(F39,0))-LEN(TRUNC(F40,0))>0,VALUE(LEFT(F39,LEN(TRUNC(F39,0))-LEN(TRUNC(F40,0))))*POWER(10,LEN(TRUNC(F40,0)))+F40-F39,F40-F39-VALUE(LEFT(F40,LEN(TRUNC(F40,0))-LEN(TRUNC(F39,0))))*POWER(10,LEN(TRUNC(F39,0)))))) -> 0.0744 | H40: =IF(G40="","",G40*$H$15) -> 1339.2 | I40: =IF(H40="","",IF(D40="","",IF(AND(H40=0,D40=0),0,H40/D40))) -> 0.41356309 | K40: 6.153194 | M40: III. Синхронные электродвигатели напряжением до 1000 В
A41: 23-00 | B41: 14973.4 | C41: =IF(B41="","",IF(LEN(TRUNC(B40,0))-LEN(TRUNC(B41,0))=0,B41-B40,IF(LEN(TRUNC(B40,0))-LEN(TRUNC(B41,0))>0,VALUE(LEFT(B40,LEN(TRUNC(B40,0))-LEN(TRUNC(B41,0))))*POWER(10,LEN(TRUNC(B41,0)))+B41-B40,B41-B40-VALUE(LEFT(B41,LEN(TRUNC(B41,0))-LEN(TRUNC(B40,0))))*POWER(10,LEN(TRUNC(B40,0)))))) -> 0.1743 | D41: =IF(C41="","",C41*$D$15) -> 3137.4 | F41: 7522.5129 | G41: =IF(F41="","",IF(LEN(TRUNC(F40,0))-LEN(TRUNC(F41,0))=0,F41-F40,IF(LEN(TRUNC(F40,0))-LEN(TRUNC(F41,0))>0,VALUE(LEFT(F40,LEN(TRUNC(F40,0))-LEN(TRUNC(F41,0))))*POWER(10,LEN(TRUNC(F41,0)))+F41-F40,F41-F40-VALUE(LEFT(F41,LEN(TRUNC(F41,0))-LEN(TRUNC(F40,0))))*POWER(10,LEN(TRUNC(F40,0)))))) -> 0.0761 | H41: =IF(G41="","",G41*$H$15) -> 1369.8 | I41: =IF(H41="","",IF(D41="","",IF(AND(H41=0,D41=0),0,H41/D41))) -> 0.43660356 | K41: 6.372995 | M41: №№ | N41: Место | P41: Номинальная | S41: № п-п | T41: Место установки | X41: Номинальная
A42: 24-00 | B42: 14973.565 | C42: =IF(B42="","",IF(LEN(TRUNC(B41,0))-LEN(TRUNC(B42,0))=0,B42-B41,IF(LEN(TRUNC(B41,0))-LEN(TRUNC(B42,0))>0,VALUE(LEFT(B41,LEN(TRUNC(B41,0))-LEN(TRUNC(B42,0))))*POWER(10,LEN(TRUNC(B42,0)))+B42-B41,B42-B41-VALUE(LEFT(B42,LEN(TRUNC(B42,0))-LEN(TRUNC(B41,0))))*POWER(10,LEN(TRUNC(B41,0)))))) -> 0.1653 | D42: =IF(C42="","",C42*$D$15) -> 2975.4 | F42: 7522.5873 | G42: =IF(F42="","",IF(LEN(TRUNC(F41,0))-LEN(TRUNC(F42,0))=0,F42-F41,IF(LEN(TRUNC(F41,0))-LEN(TRUNC(F42,0))>0,VALUE(LEFT(F41,LEN(TRUNC(F41,0))-LEN(TRUNC(F42,0))))*POWER(10,LEN(TRUNC(F42,0)))+F42-F41,F42-F41-VALUE(LEFT(F42,LEN(TRUNC(F42,0))-LEN(TRUNC(F41,0))))*POWER(10,LEN(TRUNC(F41,0)))))) -> 0.0744 | H42: =IF(G42="","",G42*$H$15) -> 1339.2 | I42: =IF(H42="","",IF(D42="","",IF(AND(H42=0,D42=0),0,H42/D42))) -> 0.45009074 | K42: 6.386526
A43: Суточн. расход эл. энергии | D43: =SUM(D18:D42) -> 74784.6 | H43: =SUM(H18:H42) -> 32265 | I43: =IF(AND(H43=0,D43=0),0,H43/D43) -> 0.43143909 | M43: п/п | N43: установки | P43: мощность кВт | X43: мощность кВт
A44: Контрольная сумма
A46: Запись показаний счетчиков производили: | G46: Расчеты произвел:
A47: 1. | D47: ___________________
A48: фамилия | D48: (подпись)
A49: 2. | D49: ___________________ | H49: Каргина Т.В. | K49: _______________ | N49: Главный энергетик | Q49: _________________________ И.Н. Чернышов
A50: фамилия | D50: (подпись) | H50: фамилия | K50: (подпись) | S50: (подпись)
A51: 3. | D51: ___________________
A52: фамилия | D52: (подпись)

Sheet Ячейка 3
A1: ОАО "Пластик" | G1: Шифр | M1: I. Сведения о присоединенных трансформаторах и высоковольтных электродвигателях
A2: (наименование предприятия) | M2: 1. Трансформаторы
A3: г. Узловая, Тульская, 1 | G3: Питающий центр | I3: П/ст №214 (ГПП-2) | M3: №№ | N3: Место установки | P3: Мощность | R3: Номинальн. | T3: Включен. | V3: Назначение | X3: Примечание
A4: (адрес) | R4: напряжение | T4: на ответвление | V4: тр-ра
G5: № фидера | I5: яч 3 тр-р №1 | M5: п/п | P5: ква | R5: ________ кВ | T5: ________ кВ | V5: силов. освет.
A6: (министерство, ведомство) | V6: печной
A8: ПРОТОКОЛ (первичный)
A9: записей показания электросчетчиков и вольтметров, а также определение
A10: нагрузок и тангенса "фи" за | E10: 20 декабря | H10: 2017года
A11: напряжения | E11: _________6000____________ | I11: вольт
A13: Время записи часы | B13: Активн. сч-к тип | D13: СЭТ-4ТМ.03 | F13: Реактивн. сч-к тип | H13: СЭТ-4ТМ.03 | I13: Тангенс "фи" | J13: Показание | L13: Мощность
B14: ____________л__ | D14: №0103062007 | F14: ____________л__ | H14: №0103062007 | J14: вольтметр. | L14: включен.
B15: Расчетн. коэф | D15: 36000 | F15: Расчетн. коэф | H15: 36000 | J15: на стороне | L15: компенсир.
B16: показ. | C16: разность | D16: расход за | F16: показ. | G16: разность | H16: расход за | J16: в\н | K16: н\н | L16: устройств
B17: сч-ка | C17: показ. | D17: час (кВт) | F17: сч-ка | G17: показ. | H17: час (кВт) | L17: кВар | M17: 2. Высоковольтные электродвигатели
A18: 0-00 | B18: 3589.1975 | F18: 2437.6984 | M18: №№ | N18: Место | Q18: Тип | T18: Номинальная | W18: Примечание
A19: 1-00 | B19: 3589.2378 | C19: =IF(B19="","",IF(LEN(TRUNC(B18,0))-LEN(TRUNC(B19,0))=0,B19-B18,IF(LEN(TRUNC(B18,0))-LEN(TRUNC(B19,0))>0,VALUE(LEFT(B18,LEN(TRUNC(B18,0))-LEN(TRUNC(B19,0))))*POWER(10,LEN(TRUNC(B19,0)))+B19-B18,B19-B18-VALUE(LEFT(B19,LEN(TRUNC(B19,0))-LEN(TRUNC(B18,0))))*POWER(10,LEN(TRUNC(B18,0)))))) -> 0.0403 | D19: =IF(C19="","",C19*$D$15) -> 1450.8 | F19: 2437.726 | G19: =F19-ReportObject9_3 -> 0.0276 | H19: =IF(G19="","",G19*$H$15) -> 993.6 | I19: =IF(H19="","",IF(D19="","",IF(AND(H19=0,D19=0),0,H19/D19))) -> 0.68486352 | K19: 6.34385 | Q19: (синхронный,
A20: 2-00 | B20: 3589.2779 | C20: =IF(B20="","",IF(LEN(TRUNC(B19,0))-LEN(TRUNC(B20,0))=0,B20-B19,IF(LEN(TRUNC(B19,0))-LEN(TRUNC(B20,0))>0,VALUE(LEFT(B19,LEN(TRUNC(B19,0))-LEN(TRUNC(B20,0))))*POWER(10,LEN(TRUNC(B20,0)))+B20-B19,B20-B19-VALUE(LEFT(B20,LEN(TRUNC(B20,0))-LEN(TRUNC(B19,0))))*POWER(10,LEN(TRUNC(B19,0)))))) -> 0.0401 | D20: =IF(C20="","",C20*$D$15) -> 1443.6 | F20: 2437.7535 | G20: =F20-F19 -> 0.0275 | H20: =IF(G20="","",G20*$H$15) -> 990 | I20: =IF(H20="","",IF(D20="","",IF(AND(H20=0,D20=0),0,H20/D20))) -> 0.68578554 | K20: 6.136908 | M20: п/п | N20: установки | Q20: асинхронный) | T20: мощность кВт
A21: 3-00 | B21: 3589.3186 | C21: =IF(B21="","",IF(LEN(TRUNC(B20,0))-LEN(TRUNC(B21,0))=0,B21-B20,IF(LEN(TRUNC(B20,0))-LEN(TRUNC(B21,0))>0,VALUE(LEFT(B20,LEN(TRUNC(B20,0))-LEN(TRUNC(B21,0))))*POWER(10,LEN(TRUNC(B21,0)))+B21-B20,B21-B20-VALUE(LEFT(B21,LEN(TRUNC(B21,0))-LEN(TRUNC(B20,0))))*POWER(10,LEN(TRUNC(B20,0)))))) -> 0.0407 | D21: =IF(C21="","",C21*$D$15) -> 1465.2 | F21: 2437.7813 | G21: =F21-F20 -> 0.0278 | H21: =IF(G21="","",G21*$H$15) -> 1000.8 | I21: =IF(H21="","",IF(D21="","",IF(AND(H21=0,D21=0),0,H21/D21))) -> 0.68304668 | K21: 6.343235
A22: 4-00 | B22: 3589.3586 | C22: =IF(B22="","",IF(LEN(TRUNC(B21,0))-LEN(TRUNC(B22,0))=0,B22-B21,IF(LEN(TRUNC(B21,0))-LEN(TRUNC(B22,0))>0,VALUE(LEFT(B21,LEN(TRUNC(B21,0))-LEN(TRUNC(B22,0))))*POWER(10,LEN(TRUNC(B22,0)))+B22-B21,B22-B21-VALUE(LEFT(B22,LEN(TRUNC(B22,0))-LEN(TRUNC(B21,0))))*POWER(10,LEN(TRUNC(B21,0)))))) -> 0.04 | D22: =IF(C22="","",C22*$D$15) -> 1440 | F22: 2437.8088 | G22: =F22-F21 -> 0.0275 | H22: =IF(G22="","",G22*$H$15) -> 990 | I22: =IF(H22="","",IF(D22="","",IF(AND(H22=0,D22=0),0,H22/D22))) -> 0.6875 | K22: 6.358594
A23: 5-00 | B23: 3589.3979 | C23: =IF(B23="","",IF(LEN(TRUNC(B22,0))-LEN(TRUNC(B23,0))=0,B23-B22,IF(LEN(TRUNC(B22,0))-LEN(TRUNC(B23,0))>0,VALUE(LEFT(B22,LEN(TRUNC(B22,0))-LEN(TRUNC(B23,0))))*POWER(10,LEN(TRUNC(B23,0)))+B23-B22,B23-B22-VALUE(LEFT(B23,LEN(TRUNC(B23,0))-LEN(TRUNC(B22,0))))*POWER(10,LEN(TRUNC(B22,0)))))) -> 0.0393 | D23: =IF(C23="","",C23*$D$15) -> 1414.8 | F23: 2437.8359 | G23: =F23-F22 -> 0.0271 | H23: =IF(G23="","",G23*$H$15) -> 975.6 | I23: =IF(H23="","",IF(D23="","",IF(AND(H23=0,D23=0),0,H23/D23))) -> 0.68956743 | K23: 6.366836
A24: 6-00 | B24: 3589.4371 | C24: =IF(B24="","",IF(LEN(TRUNC(B23,0))-LEN(TRUNC(B24,0))=0,B24-B23,IF(LEN(TRUNC(B23,0))-LEN(TRUNC(B24,0))>0,VALUE(LEFT(B23,LEN(TRUNC(B23,0))-LEN(TRUNC(B24,0))))*POWER(10,LEN(TRUNC(B24,0)))+B24-B23,B24-B23-VALUE(LEFT(B24,LEN(TRUNC(B24,0))-LEN(TRUNC(B23,0))))*POWER(10,LEN(TRUNC(B23,0)))))) -> 0.0392 | D24: =IF(C24="","",C24*$D$15) -> 1411.2 | F24: 2437.8629 | G24: =F24-F23 -> 0.027 | H24: =IF(G24="","",G24*$H$15) -> 972 | I24: =IF(H24="","",IF(D24="","",IF(AND(H24=0,D24=0),0,H24/D24))) -> 0.68877551 | K24: 6.261262
A25: 7-00 | B25: 3589.4767 | C25: =IF(B25="","",IF(LEN(TRUNC(B24,0))-LEN(TRUNC(B25,0))=0,B25-B24,IF(LEN(TRUNC(B24,0))-LEN(TRUNC(B25,0))>0,VALUE(LEFT(B24,LEN(TRUNC(B24,0))-LEN(TRUNC(B25,0))))*POWER(10,LEN(TRUNC(B25,0)))+B25-B24,B25-B24-VALUE(LEFT(B25,LEN(TRUNC(B25,0))-LEN(TRUNC(B24,0))))*POWER(10,LEN(TRUNC(B24,0)))))) -> 0.0396 | D25: =IF(C25="","",C25*$D$15) -> 1425.6 | F25: 2437.8898 | G25: =F25-F24 -> 0.0269 | H25: =IF(G25="","",G25*$H$15) -> 968.4 | I25: =IF(H25="","",IF(D25="","",IF(AND(H25=0,D25=0),0,H25/D25))) -> 0.67929293 | K25: 6.326325
A26: 8-00 | B26: 3589.5191 | C26: =IF(B26="","",IF(LEN(TRUNC(B25,0))-LEN(TRUNC(B26,0))=0,B26-B25,IF(LEN(TRUNC(B25,0))-LEN(TRUNC(B26,0))>0,VALUE(LEFT(B25,LEN(TRUNC(B25,0))-LEN(TRUNC(B26,0))))*POWER(10,LEN(TRUNC(B26,0)))+B26-B25,B26-B25-VALUE(LEFT(B26,LEN(TRUNC(B26,0))-LEN(TRUNC(B25,0))))*POWER(10,LEN(TRUNC(B25,0)))))) -> 0.0424 | D26: =IF(C26="","",C26*$D$15) -> 1526.4 | F26: 2437.9178 | G26: =F26-F25 -> 0.028 | H26: =IF(G26="","",G26*$H$15) -> 1008 | I26: =IF(H26="","",IF(D26="","",IF(AND(H26=0,D26=0),0,H26/D26))) -> 0.66037736 | K26: 6.302521
A27: 9-00 | B27: 3589.5671 | C27: =IF(B27="","",IF(LEN(TRUNC(B26,0))-LEN(TRUNC(B27,0))=0,B27-B26,IF(LEN(TRUNC(B26,0))-LEN(TRUNC(B27,0))>0,VALUE(LEFT(B26,LEN(TRUNC(B26,0))-LEN(TRUNC(B27,0))))*POWER(10,LEN(TRUNC(B27,0)))+B27-B26,B27-B26-VALUE(LEFT(B27,LEN(TRUNC(B27,0))-LEN(TRUNC(B26,0))))*POWER(10,LEN(TRUNC(B26,0)))))) -> 0.048 | D27: =IF(C27="","",C27*$D$15) -> 1728 | F27: 2437.9497 | G27: =F27-F26 -> 0.0319 | H27: =IF(G27="","",G27*$H$15) -> 1148.4 | I27: =IF(H27="","",IF(D27="","",IF(AND(H27=0,D27=0),0,H27/D27))) -> 0.66458333 | K27: 6.235003
A28: 10-00 | B28: 3589.6143 | C28: =IF(B28="","",IF(LEN(TRUNC(B27,0))-LEN(TRUNC(B28,0))=0,B28-B27,IF(LEN(TRUNC(B27,0))-LEN(TRUNC(B28,0))>0,VALUE(LEFT(B27,LEN(TRUNC(B27,0))-LEN(TRUNC(B28,0))))*POWER(10,LEN(TRUNC(B28,0)))+B28-B27,B28-B27-VALUE(LEFT(B28,LEN(TRUNC(B28,0))-LEN(TRUNC(B27,0))))*POWER(10,LEN(TRUNC(B27,0)))))) -> 0.0472 | D28: =IF(C28="","",C28*$D$15) -> 1699.2 | F28: 2437.9819 | G28: =F28-F27 -> 0.0322 | H28: =IF(G28="","",G28*$H$15) -> 1159.2 | I28: =IF(H28="","",IF(D28="","",IF(AND(H28=0,D28=0),0,H28/D28))) -> 0.68220339 | K28: 6.212505
A29: 11-00 | B29: 3589.6544 | C29: =IF(B29="","",IF(LEN(TRUNC(B28,0))-LEN(TRUNC(B29,0))=0,B29-B28,IF(LEN(TRUNC(B28,0))-LEN(TRUNC(B29,0))>0,VALUE(LEFT(B28,LEN(TRUNC(B28,0))-LEN(TRUNC(B29,0))))*POWER(10,LEN(TRUNC(B29,0)))+B29-B28,B29-B28-VALUE(LEFT(B29,LEN(TRUNC(B29,0))-LEN(TRUNC(B28,0))))*POWER(10,LEN(TRUNC(B28,0)))))) -> 0.0401 | D29: =IF(C29="","",C29*$D$15) -> 1443.6 | F29: 2438.0088 | G29: =F29-F28 -> 0.0269 | H29: =IF(G29="","",G29*$H$15) -> 968.4 | I29: =IF(H29="","",IF(D29="","",IF(AND(H29=0,D29=0),0,H29/D29))) -> 0.67082294 | K29: 6.257666 | M29: Указать отдельно рабочие и запломбированные трансформаторы и высоковольтные электродвигатели
A30: 12-00 | B30: 3589.6928 | C30: =IF(B30="","",IF(LEN(TRUNC(B29,0))-LEN(TRUNC(B30,0))=0,B30-B29,IF(LEN(TRUNC(B29,0))-LEN(TRUNC(B30,0))>0,VALUE(LEFT(B29,LEN(TRUNC(B29,0))-LEN(TRUNC(B30,0))))*POWER(10,LEN(TRUNC(B30,0)))+B30-B29,B30-B29-VALUE(LEFT(B30,LEN(TRUNC(B30,0))-LEN(TRUNC(B29,0))))*POWER(10,LEN(TRUNC(B29,0)))))) -> 0.0384 | D30: =IF(C30="","",C30*$D$15) -> 1382.4 | F30: 2438.0351 | G30: =F30-F29 -> 0.0263 | H30: =IF(G30="","",G30*$H$15) -> 946.8 | I30: =IF(H30="","",IF(D30="","",IF(AND(H30=0,D30=0),0,H30/D30))) -> 0.68489583 | K30: 6.282566 | M30: II. Статконденсаторы всех напряжений
A31: 13-00 | B31: 3589.7322 | C31: =IF(B31="","",IF(LEN(TRUNC(B30,0))-LEN(TRUNC(B31,0))=0,B31-B30,IF(LEN(TRUNC(B30,0))-LEN(TRUNC(B31,0))>0,VALUE(LEFT(B30,LEN(TRUNC(B30,0))-LEN(TRUNC(B31,0))))*POWER(10,LEN(TRUNC(B31,0)))+B31-B30,B31-B30-VALUE(LEFT(B31,LEN(TRUNC(B31,0))-LEN(TRUNC(B30,0))))*POWER(10,LEN(TRUNC(B30,0)))))) -> 0.0394 | D31: =IF(C31="","",C31*$D$15) -> 1418.4 | F31: 2438.0626 | G31: =F31-F30 -> 0.0275 | H31: =IF(G31="","",G31*$H$15) -> 990 | I31: =IF(H31="","",IF(D31="","",IF(AND(H31=0,D31=0),0,H31/D31))) -> 0.69796954 | K31: 6.308316 | M31: №№ | N31: Место | P31: Номинальное | R31: Номинальная | T31: В т.ч. с | V31: Время включения | Y31: Примечание
A32: 14-00 | B32: 3589.7751 | C32: =IF(B32="","",IF(LEN(TRUNC(B31,0))-LEN(TRUNC(B32,0))=0,B32-B31,IF(LEN(TRUNC(B31,0))-LEN(TRUNC(B32,0))>0,VALUE(LEFT(B31,LEN(TRUNC(B31,0))-LEN(TRUNC(B32,0))))*POWER(10,LEN(TRUNC(B32,0)))+B32-B31,B32-B31-VALUE(LEFT(B32,LEN(TRUNC(B32,0))-LEN(TRUNC(B31,0))))*POWER(10,LEN(TRUNC(B31,0)))))) -> 0.0429 | D32: =IF(C32="","",C32*$D$15) -> 1544.4 | F32: 2438.0929 | G32: =F32-F31 -> 0.0303 | H32: =IF(G32="","",G32*$H$15) -> 1090.8 | I32: =IF(H32="","",IF(D32="","",IF(AND(H32=0,D32=0),0,H32/D32))) -> 0.70629371 | K32: 6.246152 | P32: напряжение | R32: мощность | T32: авторегулир. | V32: и отключения
A33: 15-00 | B33: 3589.8228 | C33: =IF(B33="","",IF(LEN(TRUNC(B32,0))-LEN(TRUNC(B33,0))=0,B33-B32,IF(LEN(TRUNC(B32,0))-LEN(TRUNC(B33,0))>0,VALUE(LEFT(B32,LEN(TRUNC(B32,0))-LEN(TRUNC(B33,0))))*POWER(10,LEN(TRUNC(B33,0)))+B33-B32,B33-B32-VALUE(LEFT(B33,LEN(TRUNC(B33,0))-LEN(TRUNC(B32,0))))*POWER(10,LEN(TRUNC(B32,0)))))) -> 0.0477 | D33: =IF(C33="","",C33*$D$15) -> 1717.2 | F33: 2438.1269 | G33: =F33-F32 -> 0.034 | H33: =IF(G33="","",G33*$H$15) -> 1224 | I33: =IF(H33="","",IF(D33="","",IF(AND(H33=0,D33=0),0,H33/D33))) -> 0.71278826 | K33: 6.267416 | M33: п/п | N33: установки | P33: кВ | R33: кВар | T33: кВар | V33: установки за сутки
A34: 16-00 | B34: 3589.8642 | C34: =IF(B34="","",IF(LEN(TRUNC(B33,0))-LEN(TRUNC(B34,0))=0,B34-B33,IF(LEN(TRUNC(B33,0))-LEN(TRUNC(B34,0))>0,VALUE(LEFT(B33,LEN(TRUNC(B33,0))-LEN(TRUNC(B34,0))))*POWER(10,LEN(TRUNC(B34,0)))+B34-B33,B34-B33-VALUE(LEFT(B34,LEN(TRUNC(B34,0))-LEN(TRUNC(B33,0))))*POWER(10,LEN(TRUNC(B33,0)))))) -> 0.0414 | D34: =IF(C34="","",C34*$D$15) -> 1490.4 | F34: 2438.1552 | G34: =F34-F33 -> 0.0283 | H34: =IF(G34="","",G34*$H$15) -> 1018.8 | I34: =IF(H34="","",IF(D34="","",IF(AND(H34=0,D34=0),0,H34/D34))) -> 0.68357488 | K34: 6.291417
A35: 17-00 | B35: 3589.9069 | C35: =IF(B35="","",IF(LEN(TRUNC(B34,0))-LEN(TRUNC(B35,0))=0,B35-B34,IF(LEN(TRUNC(B34,0))-LEN(TRUNC(B35,0))>0,VALUE(LEFT(B34,LEN(TRUNC(B34,0))-LEN(TRUNC(B35,0))))*POWER(10,LEN(TRUNC(B35,0)))+B35-B34,B35-B34-VALUE(LEFT(B35,LEN(TRUNC(B35,0))-LEN(TRUNC(B34,0))))*POWER(10,LEN(TRUNC(B34,0)))))) -> 0.0427 | D35: =IF(C35="","",C35*$D$15) -> 1537.2 | F35: 2438.1835 | G35: =F35-F34 -> 0.0283 | H35: =IF(G35="","",G35*$H$15) -> 1018.8 | I35: =IF(H35="","",IF(D35="","",IF(AND(H35=0,D35=0),0,H35/D35))) -> 0.66276347 | K35: 6.279421 | N35: КТП-4 | P35: 0.4 | R35: 80
A36: 18-00 | B36: 3589.9503 | C36: =IF(B36="","",IF(LEN(TRUNC(B35,0))-LEN(TRUNC(B36,0))=0,B36-B35,IF(LEN(TRUNC(B35,0))-LEN(TRUNC(B36,0))>0,VALUE(LEFT(B35,LEN(TRUNC(B35,0))-LEN(TRUNC(B36,0))))*POWER(10,LEN(TRUNC(B36,0)))+B36-B35,B36-B35-VALUE(LEFT(B36,LEN(TRUNC(B36,0))-LEN(TRUNC(B35,0))))*POWER(10,LEN(TRUNC(B35,0)))))) -> 0.0434 | D36: =IF(C36="","",C36*$D$15) -> 1562.4 | F36: 2438.2123 | G36: =F36-F35 -> 0.0288 | H36: =IF(G36="","",G36*$H$15) -> 1036.8 | I36: =IF(H36="","",IF(D36="","",IF(AND(H36=0,D36=0),0,H36/D36))) -> 0.66359447 | K36: 6.266366
A37: 19-00 | B37: 3589.9941 | C37: =IF(B37="","",IF(LEN(TRUNC(B36,0))-LEN(TRUNC(B37,0))=0,B37-B36,IF(LEN(TRUNC(B36,0))-LEN(TRUNC(B37,0))>0,VALUE(LEFT(B36,LEN(TRUNC(B36,0))-LEN(TRUNC(B37,0))))*POWER(10,LEN(TRUNC(B37,0)))+B37-B36,B37-B36-VALUE(LEFT(B37,LEN(TRUNC(B37,0))-LEN(TRUNC(B36,0))))*POWER(10,LEN(TRUNC(B36,0)))))) -> 0.0438 | D37: =IF(C37="","",C37*$D$15) -> 1576.8 | F37: 2438.2397 | G37: =F37-F36 -> 0.0274 | H37: =IF(G37="","",G37*$H$15) -> 986.4 | I37: =IF(H37="","",IF(D37="","",IF(AND(H37=0,D37=0),0,H37/D37))) -> 0.62557078 | K37: 6.209613
A38: 20-00 | B38: 3590.0398 | C38: =IF(B38="","",IF(LEN(TRUNC(B37,0))-LEN(TRUNC(B38,0))=0,B38-B37,IF(LEN(TRUNC(B37,0))-LEN(TRUNC(B38,0))>0,VALUE(LEFT(B37,LEN(TRUNC(B37,0))-LEN(TRUNC(B38,0))))*POWER(10,LEN(TRUNC(B38,0)))+B38-B37,B38-B37-VALUE(LEFT(B38,LEN(TRUNC(B38,0))-LEN(TRUNC(B37,0))))*POWER(10,LEN(TRUNC(B37,0)))))) -> 0.0457 | D38: =IF(C38="","",C38*$D$15) -> 1645.2 | F38: 2438.2671 | G38: =F38-F37 -> 0.0274 | H38: =IF(G38="","",G38*$H$15) -> 986.4 | I38: =IF(H38="","",IF(D38="","",IF(AND(H38=0,D38=0),0,H38/D38))) -> 0.59956236 | K38: 6.237458
A39: 21-00 | B39: 3590.0843 | C39: =IF(B39="","",IF(LEN(TRUNC(B38,0))-LEN(TRUNC(B39,0))=0,B39-B38,IF(LEN(TRUNC(B38,0))-LEN(TRUNC(B39,0))>0,VALUE(LEFT(B38,LEN(TRUNC(B38,0))-LEN(TRUNC(B39,0))))*POWER(10,LEN(TRUNC(B39,0)))+B39-B38,B39-B38-VALUE(LEFT(B39,LEN(TRUNC(B39,0))-LEN(TRUNC(B38,0))))*POWER(10,LEN(TRUNC(B38,0)))))) -> 0.0445 | D39: =IF(C39="","",C39*$D$15) -> 1602 | F39: 2438.2946 | G39: =F39-F38 -> 0.0275 | H39: =IF(G39="","",G39*$H$15) -> 990 | I39: =IF(H39="","",IF(D39="","",IF(AND(H39=0,D39=0),0,H39/D39))) -> 0.61797753 | K39: 6.26228
A40: 22-00 | B40: 3590.1307 | C40: =IF(B40="","",IF(LEN(TRUNC(B39,0))-LEN(TRUNC(B40,0))=0,B40-B39,IF(LEN(TRUNC(B39,0))-LEN(TRUNC(B40,0))>0,VALUE(LEFT(B39,LEN(TRUNC(B39,0))-LEN(TRUNC(B40,0))))*POWER(10,LEN(TRUNC(B40,0)))+B40-B39,B40-B39-VALUE(LEFT(B40,LEN(TRUNC(B40,0))-LEN(TRUNC(B39,0))))*POWER(10,LEN(TRUNC(B39,0)))))) -> 0.0464 | D40: =IF(C40="","",C40*$D$15) -> 1670.4 | F40: 2438.3238 | G40: =F40-F39 -> 0.0292 | H40: =IF(G40="","",G40*$H$15) -> 1051.2 | I40: =IF(H40="","",IF(D40="","",IF(AND(H40=0,D40=0),0,H40/D40))) -> 0.62931034 | K40: 6.279316 | M40: III. Синхронные электродвигатели напряжением до 1000 В
A41: 23-00 | B41: 3590.1764 | C41: =IF(B41="","",IF(LEN(TRUNC(B40,0))-LEN(TRUNC(B41,0))=0,B41-B40,IF(LEN(TRUNC(B40,0))-LEN(TRUNC(B41,0))>0,VALUE(LEFT(B40,LEN(TRUNC(B40,0))-LEN(TRUNC(B41,0))))*POWER(10,LEN(TRUNC(B41,0)))+B41-B40,B41-B40-VALUE(LEFT(B41,LEN(TRUNC(B41,0))-LEN(TRUNC(B40,0))))*POWER(10,LEN(TRUNC(B40,0)))))) -> 0.0457 | D41: =IF(C41="","",C41*$D$15) -> 1645.2 | F41: 2438.3531 | G41: =F41-F40 -> 0.0293 | H41: =IF(G41="","",G41*$H$15) -> 1054.8 | I41: =IF(H41="","",IF(D41="","",IF(AND(H41=0,D41=0),0,H41/D41))) -> 0.64113786 | K41: 6.316542 | M41: №№ | N41: Место | P41: Номинальная | S41: № п-п | T41: Место установки | X41: Номинальная
A42: 24-00 | B42: 3590.2201 | C42: =IF(B42="","",IF(LEN(TRUNC(B41,0))-LEN(TRUNC(B42,0))=0,B42-B41,IF(LEN(TRUNC(B41,0))-LEN(TRUNC(B42,0))>0,VALUE(LEFT(B41,LEN(TRUNC(B41,0))-LEN(TRUNC(B42,0))))*POWER(10,LEN(TRUNC(B42,0)))+B42-B41,B42-B41-VALUE(LEFT(B42,LEN(TRUNC(B42,0))-LEN(TRUNC(B41,0))))*POWER(10,LEN(TRUNC(B41,0)))))) -> 0.0437 | D42: =IF(C42="","",C42*$D$15) -> 1573.2 | F42: 2438.3816 | G42: =F42-F41 -> 0.0285 | H42: =IF(G42="","",G42*$H$15) -> 1026 | I42: =IF(H42="","",IF(D42="","",IF(AND(H42=0,D42=0),0,H42/D42))) -> 0.65217391 | K42: 6.144315
D43: =SUM(D18:D42) -> 36813.6 | H43: =SUM(H18:H42) -> 24595.2 | I43: =IF(AND(H43=0,D43=0),0,H43/D43) -> 0.66810092 | M43: п/п | N43: установки | P43: мощность кВт | X43: мощность кВт
A44: Контрольная сумма
A46: Запись показаний счетчиков производили: | G46: Расчеты произвел:
A47: 1. | D47: ___________________
A48: фамилия | D48: (подпись)
A49: 2. | D49: ___________________ | H49: Каргина Т.В. | K49: _______________ | N49: Главный энергетик | Q49: _________________________ И.Н. Чернышов
A50: фамилия | D50: (подпись) | H50: фамилия | K50: (подпись) | S50: (подпись)
A51: 3. | D51: ___________________
A52: фамилия | D52: (подпись)

Sheet Ячейка 4
A1: ОАО "Пластик" | G1: Шифр | M1: I. Сведения о присоединенных трансформаторах и высоковольтных электродвигателях
A2: (наименование предприятия) | M2: 1. Трансформаторы
A3: г. Узловая, Тульская, 1 | G3: Питающий центр | I3: П/ст №214 (ГПП-2) | M3: №№ | N3: Место установки | P3: Мощность | R3: Номинальн. | T3: Включен. | V3: Назначение | X3: Примечание
A4: (адрес) | R4: напряжение | T4: на ответвление | V4: тр-ра
G5: № фидера | I5: яч 4 тр-р №1 | M5: п/п | P5: ква | R5: ________ кВ | T5: ________ кВ | V5: силов. освет.
A6: (министерство, ведомство) | V6: печной
A8: ПРОТОКОЛ (первичный)
A9: записей показания электросчетчиков и вольтметров, а также определение
A10: нагрузок и тангенса "фи" за | E10: 20 декабря | H10: 2017года
A11: напряжения | E11: _____6000______________ | I11: вольт
A13: Время записи часы | B13: Активн. сч-к тип | D13: СЭТ-4ТМ.03 | F13: Реактивн. сч-к тип | H13: СЭТ-4ТМ.03 | I13: Тангенс "фи" | J13: Показание | L13: Мощность
B14: ____________л__ | D14: №0103062039 | F14: ____________л__ | H14: №0103062039 | J14: вольтметр. | L14: включен.
B15: Расчетн. коэф | D15: 36000 | F15: Расчетн. коэф | H15: 36000 | J15: на стороне | L15: компенсир.
B16: показ. | C16: разность | D16: расход за | F16: показ. | G16: разность | H16: расход за | J16: в\н | K16: н\н | L16: устройств
B17: сч-ка | C17: показ. | D17: час (кВт) | F17: сч-ка | G17: показ. | H17: час (кВт) | L17: кВар | M17: 2. Высоковольтные электродвигатели
A18: 0-00 | B18: 5944.558 | F18: 3843.8862 | M18: №№ | N18: Место | Q18: Тип | T18: Номинальная | W18: Примечание
A19: 1-00 | B19: 5944.6165 | C19: =IF(B19="","",IF(LEN(TRUNC(B18,0))-LEN(TRUNC(B19,0))=0,B19-B18,IF(LEN(TRUNC(B18,0))-LEN(TRUNC(B19,0))>0,VALUE(LEFT(B18,LEN(TRUNC(B18,0))-LEN(TRUNC(B19,0))))*POWER(10,LEN(TRUNC(B19,0)))+B19-B18,B19-B18-VALUE(LEFT(B19,LEN(TRUNC(B19,0))-LEN(TRUNC(B18,0))))*POWER(10,LEN(TRUNC(B18,0)))))) -> 0.0585 | D19: =IF(C19="","",C19*$D$15) -> 2106 | F19: 3843.925 | G19: =F19-ReportObject10_3 -> 0.0388 | H19: =IF(G19="","",G19*$H$15) -> 1396.8 | I19: =IF(H19="","",IF(D19="","",IF(AND(H19=0,D19=0),0,H19/D19))) -> 0.66324786 | K19: 6.324968 | Q19: (синхронный,
A20: 2-00 | B20: 5944.6726 | C20: =IF(B20="","",IF(LEN(TRUNC(B19,0))-LEN(TRUNC(B20,0))=0,B20-B19,IF(LEN(TRUNC(B19,0))-LEN(TRUNC(B20,0))>0,VALUE(LEFT(B19,LEN(TRUNC(B19,0))-LEN(TRUNC(B20,0))))*POWER(10,LEN(TRUNC(B20,0)))+B20-B19,B20-B19-VALUE(LEFT(B20,LEN(TRUNC(B20,0))-LEN(TRUNC(B19,0))))*POWER(10,LEN(TRUNC(B19,0)))))) -> 0.0561 | D20: =IF(C20="","",C20*$D$15) -> 2019.6 | F20: 3843.9629 | G20: =F20-F19 -> 0.0379 | H20: =IF(G20="","",G20*$H$15) -> 1364.4 | I20: =IF(H20="","",IF(D20="","",IF(AND(H20=0,D20=0),0,H20/D20))) -> 0.67557932 | K20: 6.32256 | M20: п/п | N20: установки | Q20: асинхронный) | T20: мощность кВт
A21: 3-00 | B21: 5944.7277 | C21: =IF(B21="","",IF(LEN(TRUNC(B20,0))-LEN(TRUNC(B21,0))=0,B21-B20,IF(LEN(TRUNC(B20,0))-LEN(TRUNC(B21,0))>0,VALUE(LEFT(B20,LEN(TRUNC(B20,0))-LEN(TRUNC(B21,0))))*POWER(10,LEN(TRUNC(B21,0)))+B21-B20,B21-B20-VALUE(LEFT(B21,LEN(TRUNC(B21,0))-LEN(TRUNC(B20,0))))*POWER(10,LEN(TRUNC(B20,0)))))) -> 0.0551 | D21: =IF(C21="","",C21*$D$15) -> 1983.6 | F21: 3844.0005 | G21: =F21-F20 -> 0.0376 | H21: =IF(G21="","",G21*$H$15) -> 1353.6 | I21: =IF(H21="","",IF(D21="","",IF(AND(H21=0,D21=0),0,H21/D21))) -> 0.68239564 | K21: 6.299578
A22: 4-00 | B22: 5944.7868 | C22: =IF(B22="","",IF(LEN(TRUNC(B21,0))-LEN(TRUNC(B22,0))=0,B22-B21,IF(LEN(TRUNC(B21,0))-LEN(TRUNC(B22,0))>0,VALUE(LEFT(B21,LEN(TRUNC(B21,0))-LEN(TRUNC(B22,0))))*POWER(10,LEN(TRUNC(B22,0)))+B22-B21,B22-B21-VALUE(LEFT(B22,LEN(TRUNC(B22,0))-LEN(TRUNC(B21,0))))*POWER(10,LEN(TRUNC(B21,0)))))) -> 0.0591 | D22: =IF(C22="","",C22*$D$15) -> 2127.6 | F22: 3844.0404 | G22: =F22-F21 -> 0.0399 | H22: =IF(G22="","",G22*$H$15) -> 1436.4 | I22: =IF(H22="","",IF(D22="","",IF(AND(H22=0,D22=0),0,H22/D22))) -> 0.6751269 | K22: 6.339313
A23: 5-00 | B23: 5944.8455 | C23: =IF(B23="","",IF(LEN(TRUNC(B22,0))-LEN(TRUNC(B23,0))=0,B23-B22,IF(LEN(TRUNC(B22,0))-LEN(TRUNC(B23,0))>0,VALUE(LEFT(B22,LEN(TRUNC(B22,0))-LEN(TRUNC(B23,0))))*POWER(10,LEN(TRUNC(B23,0)))+B23-B22,B23-B22-VALUE(LEFT(B23,LEN(TRUNC(B23,0))-LEN(TRUNC(B22,0))))*POWER(10,LEN(TRUNC(B22,0)))))) -> 0.0587 | D23: =IF(C23="","",C23*$D$15) -> 2113.2 | F23: 3844.0802 | G23: =F23-F22 -> 0.0398 | H23: =IF(G23="","",G23*$H$15) -> 1432.8 | I23: =IF(H23="","",IF(D23="","",IF(AND(H23=0,D23=0),0,H23/D23))) -> 0.67802385 | K23: 6.138141
A24: 6-00 | B24: 5944.9046 | C24: =IF(B24="","",IF(LEN(TRUNC(B23,0))-LEN(TRUNC(B24,0))=0,B24-B23,IF(LEN(TRUNC(B23,0))-LEN(TRUNC(B24,0))>0,VALUE(LEFT(B23,LEN(TRUNC(B23,0))-LEN(TRUNC(B24,0))))*POWER(10,LEN(TRUNC(B24,0)))+B24-B23,B24-B23-VALUE(LEFT(B24,LEN(TRUNC(B24,0))-LEN(TRUNC(B23,0))))*POWER(10,LEN(TRUNC(B23,0)))))) -> 0.0591 | D24: =IF(C24="","",C24*$D$15) -> 2127.6 | F24: 3844.1194 | G24: =F24-F23 -> 0.0392 | H24: =IF(G24="","",G24*$H$15) -> 1411.2 | I24: =IF(H24="","",IF(D24="","",IF(AND(H24=0,D24=0),0,H24/D24))) -> 0.66328257 | K24: 6.339747
A25: 7-00 | B25: 5944.9641 | C25: =IF(B25="","",IF(LEN(TRUNC(B24,0))-LEN(TRUNC(B25,0))=0,B25-B24,IF(LEN(TRUNC(B24,0))-LEN(TRUNC(B25,0))>0,VALUE(LEFT(B24,LEN(TRUNC(B24,0))-LEN(TRUNC(B25,0))))*POWER(10,LEN(TRUNC(B25,0)))+B25-B24,B25-B24-VALUE(LEFT(B25,LEN(TRUNC(B25,0))-LEN(TRUNC(B24,0))))*POWER(10,LEN(TRUNC(B24,0)))))) -> 0.0595 | D25: =IF(C25="","",C25*$D$15) -> 2142 | F25: 3844.1584 | G25: =F25-F24 -> 0.039 | H25: =IF(G25="","",G25*$H$15) -> 1404 | I25: =IF(H25="","",IF(D25="","",IF(AND(H25=0,D25=0),0,H25/D25))) -> 0.65546218 | K25: 6.307392
A26: 8-00 | B26: 5945.0271 | C26: =IF(B26="","",IF(LEN(TRUNC(B25,0))-LEN(TRUNC(B26,0))=0,B26-B25,IF(LEN(TRUNC(B25,0))-LEN(TRUNC(B26,0))>0,VALUE(LEFT(B25,LEN(TRUNC(B25,0))-LEN(TRUNC(B26,0))))*POWER(10,LEN(TRUNC(B26,0)))+B26-B25,B26-B25-VALUE(LEFT(B26,LEN(TRUNC(B26,0))-LEN(TRUNC(B25,0))))*POWER(10,LEN(TRUNC(B25,0)))))) -> 0.063 | D26: =IF(C26="","",C26*$D$15) -> 2268 | F26: 3844.1983 | G26: =F26-F25 -> 0.0399 | H26: =IF(G26="","",G26*$H$15) -> 1436.4 | I26: =IF(H26="","",IF(D26="","",IF(AND(H26=0,D26=0),0,H26/D26))) -> 0.63333333 | K26: 6.283824
A27: 9-00 | B27: 5945.0951 | C27: =IF(B27="","",IF(LEN(TRUNC(B26,0))-LEN(TRUNC(B27,0))=0,B27-B26,IF(LEN(TRUNC(B26,0))-LEN(TRUNC(B27,0))>0,VALUE(LEFT(B26,LEN(TRUNC(B26,0))-LEN(TRUNC(B27,0))))*POWER(10,LEN(TRUNC(B27,0)))+B27-B26,B27-B26-VALUE(LEFT(B27,LEN(TRUNC(B27,0))-LEN(TRUNC(B26,0))))*POWER(10,LEN(TRUNC(B26,0)))))) -> 0.068 | D27: =IF(C27="","",C27*$D$15) -> 2448 | F27: 3844.2399 | G27: =F27-F26 -> 0.0416 | H27: =IF(G27="","",G27*$H$15) -> 1497.6 | I27: =IF(H27="","",IF(D27="","",IF(AND(H27=0,D27=0),0,H27/D27))) -> 0.61176471 | K27: 6.003105
A28: 10-00 | B28: 5945.1655 | C28: =IF(B28="","",IF(LEN(TRUNC(B27,0))-LEN(TRUNC(B28,0))=0,B28-B27,IF(LEN(TRUNC(B27,0))-LEN(TRUNC(B28,0))>0,VALUE(LEFT(B27,LEN(TRUNC(B27,0))-LEN(TRUNC(B28,0))))*POWER(10,LEN(TRUNC(B28,0)))+B28-B27,B28-B27-VALUE(LEFT(B28,LEN(TRUNC(B28,0))-LEN(TRUNC(B27,0))))*POWER(10,LEN(TRUNC(B27,0)))))) -> 0.0704 | D28: =IF(C28="","",C28*$D$15) -> 2534.4 | F28: 3844.2818 | G28: =F28-F27 -> 0.0419 | H28: =IF(G28="","",G28*$H$15) -> 1508.4 | I28: =IF(H28="","",IF(D28="","",IF(AND(H28=0,D28=0),0,H28/D28))) -> 0.59517045 | K28: 6.196014
A29: 11-00 | B29: 5945.2336 | C29: =IF(B29="","",IF(LEN(TRUNC(B28,0))-LEN(TRUNC(B29,0))=0,B29-B28,IF(LEN(TRUNC(B28,0))-LEN(TRUNC(B29,0))>0,VALUE(LEFT(B28,LEN(TRUNC(B28,0))-LEN(TRUNC(B29,0))))*POWER(10,LEN(TRUNC(B29,0)))+B29-B28,B29-B28-VALUE(LEFT(B29,LEN(TRUNC(B29,0))-LEN(TRUNC(B28,0))))*POWER(10,LEN(TRUNC(B28,0)))))) -> 0.0681 | D29: =IF(C29="","",C29*$D$15) -> 2451.6 | F29: 3844.3234 | G29: =F29-F28 -> 0.0416 | H29: =IF(G29="","",G29*$H$15) -> 1497.6 | I29: =IF(H29="","",IF(D29="","",IF(AND(H29=0,D29=0),0,H29/D29))) -> 0.61086637 | K29: 6.234672 | M29: Указать отдельно рабочие и запломбированные трансформаторы и высоковольтные электродвигатели
A30: 12-00 | B30: 5945.3021 | C30: =IF(B30="","",IF(LEN(TRUNC(B29,0))-LEN(TRUNC(B30,0))=0,B30-B29,IF(LEN(TRUNC(B29,0))-LEN(TRUNC(B30,0))>0,VALUE(LEFT(B29,LEN(TRUNC(B29,0))-LEN(TRUNC(B30,0))))*POWER(10,LEN(TRUNC(B30,0)))+B30-B29,B30-B29-VALUE(LEFT(B30,LEN(TRUNC(B30,0))-LEN(TRUNC(B29,0))))*POWER(10,LEN(TRUNC(B29,0)))))) -> 0.0685 | D30: =IF(C30="","",C30*$D$15) -> 2466 | F30: 3844.3657 | G30: =F30-F29 -> 0.0423 | H30: =IF(G30="","",G30*$H$15) -> 1522.8 | I30: =IF(H30="","",IF(D30="","",IF(AND(H30=0,D30=0),0,H30/D30))) -> 0.61751825 | K30: 6.258725 | M30: II. Статконденсаторы всех напряжений
A31: 13-00 | B31: 5945.3629 | C31: =IF(B31="","",IF(LEN(TRUNC(B30,0))-LEN(TRUNC(B31,0))=0,B31-B30,IF(LEN(TRUNC(B30,0))-LEN(TRUNC(B31,0))>0,VALUE(LEFT(B30,LEN(TRUNC(B30,0))-LEN(TRUNC(B31,0))))*POWER(10,LEN(TRUNC(B31,0)))+B31-B30,B31-B30-VALUE(LEFT(B31,LEN(TRUNC(B31,0))-LEN(TRUNC(B30,0))))*POWER(10,LEN(TRUNC(B30,0)))))) -> 0.0608 | D31: =IF(C31="","",C31*$D$15) -> 2188.8 | F31: 3844.4047 | G31: =F31-F30 -> 0.039 | H31: =IF(G31="","",G31*$H$15) -> 1404 | I31: =IF(H31="","",IF(D31="","",IF(AND(H31=0,D31=0),0,H31/D31))) -> 0.64144737 | K31: 6.290012 | M31: №№ | N31: Место | P31: Номинальное | R31: Номинальная | T31: В т.ч. с | V31: Время включения | Y31: Примечание
A32: 14-00 | B32: 5945.4234 | C32: =IF(B32="","",IF(LEN(TRUNC(B31,0))-LEN(TRUNC(B32,0))=0,B32-B31,IF(LEN(TRUNC(B31,0))-LEN(TRUNC(B32,0))>0,VALUE(LEFT(B31,LEN(TRUNC(B31,0))-LEN(TRUNC(B32,0))))*POWER(10,LEN(TRUNC(B32,0)))+B32-B31,B32-B31-VALUE(LEFT(B32,LEN(TRUNC(B32,0))-LEN(TRUNC(B31,0))))*POWER(10,LEN(TRUNC(B31,0)))))) -> 0.0605 | D32: =IF(C32="","",C32*$D$15) -> 2178 | F32: 3844.444 | G32: =F32-F31 -> 0.0393 | H32: =IF(G32="","",G32*$H$15) -> 1414.8 | I32: =IF(H32="","",IF(D32="","",IF(AND(H32=0,D32=0),0,H32/D32))) -> 0.64958678 | K32: 6.26401 | P32: напряжение | R32: мощность | T32: авторегулир. | V32: и отключения
A33: 15-00 | B33: 5945.4824 | C33: =IF(B33="","",IF(LEN(TRUNC(B32,0))-LEN(TRUNC(B33,0))=0,B33-B32,IF(LEN(TRUNC(B32,0))-LEN(TRUNC(B33,0))>0,VALUE(LEFT(B32,LEN(TRUNC(B32,0))-LEN(TRUNC(B33,0))))*POWER(10,LEN(TRUNC(B33,0)))+B33-B32,B33-B32-VALUE(LEFT(B33,LEN(TRUNC(B33,0))-LEN(TRUNC(B32,0))))*POWER(10,LEN(TRUNC(B32,0)))))) -> 0.059 | D33: =IF(C33="","",C33*$D$15) -> 2124 | F33: 3844.4829 | G33: =F33-F32 -> 0.0389 | H33: =IF(G33="","",G33*$H$15) -> 1400.4 | I33: =IF(H33="","",IF(D33="","",IF(AND(H33=0,D33=0),0,H33/D33))) -> 0.65932203 | K33: 6.256423 | M33: п/п | N33: установки | P33: кВ | R33: кВар | T33: кВар | V33: установки за сутки
A34: 16-00 | B34: 5945.5415 | C34: =IF(B34="","",IF(LEN(TRUNC(B33,0))-LEN(TRUNC(B34,0))=0,B34-B33,IF(LEN(TRUNC(B33,0))-LEN(TRUNC(B34,0))>0,VALUE(LEFT(B33,LEN(TRUNC(B33,0))-LEN(TRUNC(B34,0))))*POWER(10,LEN(TRUNC(B34,0)))+B34-B33,B34-B33-VALUE(LEFT(B34,LEN(TRUNC(B34,0))-LEN(TRUNC(B33,0))))*POWER(10,LEN(TRUNC(B33,0)))))) -> 0.0591 | D34: =IF(C34="","",C34*$D$15) -> 2127.6 | F34: 3844.5227 | G34: =F34-F33 -> 0.0398 | H34: =IF(G34="","",G34*$H$15) -> 1432.8 | I34: =IF(H34="","",IF(D34="","",IF(AND(H34=0,D34=0),0,H34/D34))) -> 0.67343486 | K34: 6.138141
A35: 17-00 | B35: 5945.5989 | C35: =IF(B35="","",IF(LEN(TRUNC(B34,0))-LEN(TRUNC(B35,0))=0,B35-B34,IF(LEN(TRUNC(B34,0))-LEN(TRUNC(B35,0))>0,VALUE(LEFT(B34,LEN(TRUNC(B34,0))-LEN(TRUNC(B35,0))))*POWER(10,LEN(TRUNC(B35,0)))+B35-B34,B35-B34-VALUE(LEFT(B35,LEN(TRUNC(B35,0))-LEN(TRUNC(B34,0))))*POWER(10,LEN(TRUNC(B34,0)))))) -> 0.0574 | D35: =IF(C35="","",C35*$D$15) -> 2066.4 | F35: 3844.5607 | G35: =F35-F34 -> 0.038 | H35: =IF(G35="","",G35*$H$15) -> 1368 | I35: =IF(H35="","",IF(D35="","",IF(AND(H35=0,D35=0),0,H35/D35))) -> 0.66202091 | K35: 5.795416 | N35: КТП-27,28, | P35: 0.4 | R35: 590
A36: 18-00 | B36: 5945.6566 | C36: =IF(B36="","",IF(LEN(TRUNC(B35,0))-LEN(TRUNC(B36,0))=0,B36-B35,IF(LEN(TRUNC(B35,0))-LEN(TRUNC(B36,0))>0,VALUE(LEFT(B35,LEN(TRUNC(B35,0))-LEN(TRUNC(B36,0))))*POWER(10,LEN(TRUNC(B36,0)))+B36-B35,B36-B35-VALUE(LEFT(B36,LEN(TRUNC(B36,0))-LEN(TRUNC(B35,0))))*POWER(10,LEN(TRUNC(B35,0)))))) -> 0.0577 | D36: =IF(C36="","",C36*$D$15) -> 2077.2 | F36: 3844.5984 | G36: =F36-F35 -> 0.0377 | H36: =IF(G36="","",G36*$H$15) -> 1357.2 | I36: =IF(H36="","",IF(D36="","",IF(AND(H36=0,D36=0),0,H36/D36))) -> 0.65337955 | K36: 6.251604 | N36: 7,8,9,10
A37: 19-00 | B37: 5945.7159 | C37: =IF(B37="","",IF(LEN(TRUNC(B36,0))-LEN(TRUNC(B37,0))=0,B37-B36,IF(LEN(TRUNC(B36,0))-LEN(TRUNC(B37,0))>0,VALUE(LEFT(B36,LEN(TRUNC(B36,0))-LEN(TRUNC(B37,0))))*POWER(10,LEN(TRUNC(B37,0)))+B37-B36,B37-B36-VALUE(LEFT(B37,LEN(TRUNC(B37,0))-LEN(TRUNC(B36,0))))*POWER(10,LEN(TRUNC(B36,0)))))) -> 0.0593 | D37: =IF(C37="","",C37*$D$15) -> 2134.8 | F37: 3844.6355 | G37: =F37-F36 -> 0.0371 | H37: =IF(G37="","",G37*$H$15) -> 1335.6 | I37: =IF(H37="","",IF(D37="","",IF(AND(H37=0,D37=0),0,H37/D37))) -> 0.62563238 | K37: 6.193665
A38: 20-00 | B38: 5945.7722 | C38: =IF(B38="","",IF(LEN(TRUNC(B37,0))-LEN(TRUNC(B38,0))=0,B38-B37,IF(LEN(TRUNC(B37,0))-LEN(TRUNC(B38,0))>0,VALUE(LEFT(B37,LEN(TRUNC(B37,0))-LEN(TRUNC(B38,0))))*POWER(10,LEN(TRUNC(B38,0)))+B38-B37,B38-B37-VALUE(LEFT(B38,LEN(TRUNC(B38,0))-LEN(TRUNC(B37,0))))*POWER(10,LEN(TRUNC(B37,0)))))) -> 0.0563 | D38: =IF(C38="","",C38*$D$15) -> 2026.8 | F38: 3844.6711 | G38: =F38-F37 -> 0.0356 | H38: =IF(G38="","",G38*$H$15) -> 1281.6 | I38: =IF(H38="","",IF(D38="","",IF(AND(H38=0,D38=0),0,H38/D38))) -> 0.63232682 | K38: 6.050566
A39: 21-00 | B39: 5945.8262 | C39: =IF(B39="","",IF(LEN(TRUNC(B38,0))-LEN(TRUNC(B39,0))=0,B39-B38,IF(LEN(TRUNC(B38,0))-LEN(TRUNC(B39,0))>0,VALUE(LEFT(B38,LEN(TRUNC(B38,0))-LEN(TRUNC(B39,0))))*POWER(10,LEN(TRUNC(B39,0)))+B39-B38,B39-B38-VALUE(LEFT(B39,LEN(TRUNC(B39,0))-LEN(TRUNC(B38,0))))*POWER(10,LEN(TRUNC(B38,0)))))) -> 0.054 | D39: =IF(C39="","",C39*$D$15) -> 1944 | F39: 3844.7061 | G39: =F39-F38 -> 0.035 | H39: =IF(G39="","",G39*$H$15) -> 1260 | I39: =IF(H39="","",IF(D39="","",IF(AND(H39=0,D39=0),0,H39/D39))) -> 0.64814815 | K39: 6.248739
A40: 22-00 | B40: 5945.8797 | C40: =IF(B40="","",IF(LEN(TRUNC(B39,0))-LEN(TRUNC(B40,0))=0,B40-B39,IF(LEN(TRUNC(B39,0))-LEN(TRUNC(B40,0))>0,VALUE(LEFT(B39,LEN(TRUNC(B39,0))-LEN(TRUNC(B40,0))))*POWER(10,LEN(TRUNC(B40,0)))+B40-B39,B40-B39-VALUE(LEFT(B40,LEN(TRUNC(B40,0))-LEN(TRUNC(B39,0))))*POWER(10,LEN(TRUNC(B39,0)))))) -> 0.0535 | D40: =IF(C40="","",C40*$D$15) -> 1926 | F40: 3844.7413 | G40: =F40-F39 -> 0.0352 | H40: =IF(G40="","",G40*$H$15) -> 1267.2 | I40: =IF(H40="","",IF(D40="","",IF(AND(H40=0,D40=0),0,H40/D40))) -> 0.65794393 | K40: 6.057559 | M40: III. Синхронные электродвигатели напряжением до 1000 В
A41: 23-00 | B41: 5945.9362 | C41: =IF(B41="","",IF(LEN(TRUNC(B40,0))-LEN(TRUNC(B41,0))=0,B41-B40,IF(LEN(TRUNC(B40,0))-LEN(TRUNC(B41,0))>0,VALUE(LEFT(B40,LEN(TRUNC(B40,0))-LEN(TRUNC(B41,0))))*POWER(10,LEN(TRUNC(B41,0)))+B41-B40,B41-B40-VALUE(LEFT(B41,LEN(TRUNC(B41,0))-LEN(TRUNC(B40,0))))*POWER(10,LEN(TRUNC(B40,0)))))) -> 0.0565 | D41: =IF(C41="","",C41*$D$15) -> 2034 | F41: 3844.7789 | G41: =F41-F40 -> 0.0376 | H41: =IF(G41="","",G41*$H$15) -> 1353.6 | I41: =IF(H41="","",IF(D41="","",IF(AND(H41=0,D41=0),0,H41/D41))) -> 0.66548673 | K41: 6.302068 | M41: №№ | N41: Место | P41: Номинальная | S41: № п-п | T41: Место установки | X41: Номинальная
A42: 24-00 | B42: 5945.9895 | C42: =IF(B42="","",IF(LEN(TRUNC(B41,0))-LEN(TRUNC(B42,0))=0,B42-B41,IF(LEN(TRUNC(B41,0))-LEN(TRUNC(B42,0))>0,VALUE(LEFT(B41,LEN(TRUNC(B41,0))-LEN(TRUNC(B42,0))))*POWER(10,LEN(TRUNC(B42,0)))+B42-B41,B42-B41-VALUE(LEFT(B42,LEN(TRUNC(B42,0))-LEN(TRUNC(B41,0))))*POWER(10,LEN(TRUNC(B41,0)))))) -> 0.0533 | D42: =IF(C42="","",C42*$D$15) -> 1918.8 | F42: 3844.8156 | G42: =F42-F41 -> 0.0367 | H42: =IF(G42="","",G42*$H$15) -> 1321.2 | I42: =IF(H42="","",IF(D42="","",IF(AND(H42=0,D42=0),0,H42/D42))) -> 0.68855535 | K42: 6.315621
A43: Суточн. расход эл. энергии | D43: =SUM(D18:D42) -> 51534 | H43: =SUM(H18:H42) -> 33458.4 | I43: =IF(AND(H43=0,D43=0),0,H43/D43) -> 0.64924904 | M43: п/п | N43: установки | P43: мощность кВт | X43: мощность кВт
A44: Контрольная сумма
A46: Запись показаний счетчиков производили: | G46: Расчеты произвел:
A47: 1. | D47: ___________________
A48: фамилия | D48: (подпись)
A49: 2. | D49: ___________________ | H49: Каргина Т.В. | K49: _______________ | N49: Главный энергетик | Q49: _________________________ И.Н. Чернышов
A50: фамилия | D50: (подпись) | H50: фамилия | K50: (подпись) | S50: (подпись)
A51: 3. | D51: ___________________
A52: фамилия | D52: (подпись)

Sheet Ячейка 36
A1: ОАО "Пластик" | G1: Шифр | M1: I. Сведения о присоединенных трансформаторах и высоковольтных электродвигателях
A2: (наименование предприятия) | M2: 1. Трансформаторы
A3: г. Узловая, Тульская, 1 | G3: Питающий центр | I3: П/ст №214 (ГПП-2) | M3: №№ | N3: Место установки | P3: Мощность | R3: Номинальн. | T3: Включен. | V3: Назначение | X3: Примечание
A4: (адрес) | R4: напряжение | T4: на ответвление | V4: тр-ра
G5: № фидера | I5: яч 36 тр-р №2 | M5: п/п | P5: ква | R5: ________ кВ | T5: ________ кВ | V5: силов. освет.
A6: (министерство, ведомство) | V6: печной
A8: ПРОТОКОЛ (первичный)
A9: записей показания электросчетчиков и вольтметров, а также определение
A10: нагрузок и тангенса "фи" за | E10: 20 декабря | H10: 2017года
A11: напряжения | E11: _________6000__________ | I11: вольт
A13: Время записи часы | B13: Активн. сч-к тип | D13: СЭТ-4ТМ.03 | F13: Реактивн. сч-к тип | H13: СЭТ-4ТМ.03 | I13: Тангенс "фи" | J13: Показание | L13: Мощность
B14: ____________л__ | D14: №0102061040 | F14: ____________л__ | H14: №0102061040 | J14: вольтметр. | L14: включен.
B15: Расчетн. коэф | D15: 36000 | F15: Расчетн. коэф | H15: 36000 | J15: на стороне | L15: компенсир.
B16: показ. | C16: разность | D16: расход за | F16: показ. | G16: разность | H16: расход за | J16: в\н | K16: н\н | L16: устройств
B17: сч-ка | C17: показ. | D17: час (кВт) | F17: сч-ка | G17: показ. | H17: час (кВт) | L17: кВар | M17: 2. Высоковольтные электродвигатели
A18: 0-00 | B18: 3444.187 | F18: 1941.2009 | M18: №№ | N18: Место | Q18: Тип | T18: Номинальная | W18: Примечание
A19: 1-00 | B19: 3444.2061 | C19: =IF(B19="","",IF(LEN(TRUNC(B18,0))-LEN(TRUNC(B19,0))=0,B19-B18,IF(LEN(TRUNC(B18,0))-LEN(TRUNC(B19,0))>0,VALUE(LEFT(B18,LEN(TRUNC(B18,0))-LEN(TRUNC(B19,0))))*POWER(10,LEN(TRUNC(B19,0)))+B19-B18,B19-B18-VALUE(LEFT(B19,LEN(TRUNC(B19,0))-LEN(TRUNC(B18,0))))*POWER(10,LEN(TRUNC(B18,0)))))) -> 0.0191 | D19: =IF(C19="","",C19*$D$15) -> 687.6 | F19: 1941.2145 | G19: =F19-ReportObject11_3 -> 0.0136 | H19: =IF(G19="","",G19*$H$15) -> 489.6 | I19: =IF(H19="","",IF(D19="","",IF(AND(H19=0,D19=0),0,H19/D19))) -> 0.71204188 | K19: 6.311797 | Q19: (синхронный,
A20: 2-00 | B20: 3444.2253 | C20: =IF(B20="","",IF(LEN(TRUNC(B19,0))-LEN(TRUNC(B20,0))=0,B20-B19,IF(LEN(TRUNC(B19,0))-LEN(TRUNC(B20,0))>0,VALUE(LEFT(B19,LEN(TRUNC(B19,0))-LEN(TRUNC(B20,0))))*POWER(10,LEN(TRUNC(B20,0)))+B20-B19,B20-B19-VALUE(LEFT(B20,LEN(TRUNC(B20,0))-LEN(TRUNC(B19,0))))*POWER(10,LEN(TRUNC(B19,0)))))) -> 0.0192 | D20: =IF(C20="","",C20*$D$15) -> 691.2 | F20: 1941.2283 | G20: =F20-F19 -> 0.0138 | H20: =IF(G20="","",G20*$H$15) -> 496.8 | I20: =IF(H20="","",IF(D20="","",IF(AND(H20=0,D20=0),0,H20/D20))) -> 0.71875 | K20: 6.311281 | M20: п/п | N20: установки | Q20: асинхронный) | T20: мощность кВт
A21: 3-00 | B21: 3444.2445 | C21: =IF(B21="","",IF(LEN(TRUNC(B20,0))-LEN(TRUNC(B21,0))=0,B21-B20,IF(LEN(TRUNC(B20,0))-LEN(TRUNC(B21,0))>0,VALUE(LEFT(B20,LEN(TRUNC(B20,0))-LEN(TRUNC(B21,0))))*POWER(10,LEN(TRUNC(B21,0)))+B21-B20,B21-B20-VALUE(LEFT(B21,LEN(TRUNC(B21,0))-LEN(TRUNC(B20,0))))*POWER(10,LEN(TRUNC(B20,0)))))) -> 0.0192 | D21: =IF(C21="","",C21*$D$15) -> 691.2 | F21: 1941.2421 | G21: =F21-F20 -> 0.0138 | H21: =IF(G21="","",G21*$H$15) -> 496.8 | I21: =IF(H21="","",IF(D21="","",IF(AND(H21=0,D21=0),0,H21/D21))) -> 0.71875 | K21: 6.315791
A22: 4-00 | B22: 3444.2637 | C22: =IF(B22="","",IF(LEN(TRUNC(B21,0))-LEN(TRUNC(B22,0))=0,B22-B21,IF(LEN(TRUNC(B21,0))-LEN(TRUNC(B22,0))>0,VALUE(LEFT(B21,LEN(TRUNC(B21,0))-LEN(TRUNC(B22,0))))*POWER(10,LEN(TRUNC(B22,0)))+B22-B21,B22-B21-VALUE(LEFT(B22,LEN(TRUNC(B22,0))-LEN(TRUNC(B21,0))))*POWER(10,LEN(TRUNC(B21,0)))))) -> 0.0192 | D22: =IF(C22="","",C22*$D$15) -> 691.2 | F22: 1941.256 | G22: =F22-F21 -> 0.0139 | H22: =IF(G22="","",G22*$H$15) -> 500.4 | I22: =IF(H22="","",IF(D22="","",IF(AND(H22=0,D22=0),0,H22/D22))) -> 0.72395833 | K22: 6.33204 | N22: РП-5 | Q22: СДКН | T22: 3х630
A23: 5-00 | B23: 3444.2831 | C23: =IF(B23="","",IF(LEN(TRUNC(B22,0))-LEN(TRUNC(B23,0))=0,B23-B22,IF(LEN(TRUNC(B22,0))-LEN(TRUNC(B23,0))>0,VALUE(LEFT(B22,LEN(TRUNC(B22,0))-LEN(TRUNC(B23,0))))*POWER(10,LEN(TRUNC(B23,0)))+B23-B22,B23-B22-VALUE(LEFT(B23,LEN(TRUNC(B23,0))-LEN(TRUNC(B22,0))))*POWER(10,LEN(TRUNC(B22,0)))))) -> 0.0194 | D23: =IF(C23="","",C23*$D$15) -> 698.4 | F23: 1941.2698 | G23: =F23-F22 -> 0.0138 | H23: =IF(G23="","",G23*$H$15) -> 496.8 | I23: =IF(H23="","",IF(D23="","",IF(AND(H23=0,D23=0),0,H23/D23))) -> 0.71134021 | K23: 6.272622
A24: 6-00 | B24: 3444.3025 | C24: =IF(B24="","",IF(LEN(TRUNC(B23,0))-LEN(TRUNC(B24,0))=0,B24-B23,IF(LEN(TRUNC(B23,0))-LEN(TRUNC(B24,0))>0,VALUE(LEFT(B23,LEN(TRUNC(B23,0))-LEN(TRUNC(B24,0))))*POWER(10,LEN(TRUNC(B24,0)))+B24-B23,B24-B23-VALUE(LEFT(B24,LEN(TRUNC(B24,0))-LEN(TRUNC(B23,0))))*POWER(10,LEN(TRUNC(B23,0)))))) -> 0.0194 | D24: =IF(C24="","",C24*$D$15) -> 698.4 | F24: 1941.2836 | G24: =F24-F23 -> 0.0138 | H24: =IF(G24="","",G24*$H$15) -> 496.8 | I24: =IF(H24="","",IF(D24="","",IF(AND(H24=0,D24=0),0,H24/D24))) -> 0.71134021 | K24: 6.328553
A25: 7-00 | B25: 3444.3218 | C25: =IF(B25="","",IF(LEN(TRUNC(B24,0))-LEN(TRUNC(B25,0))=0,B25-B24,IF(LEN(TRUNC(B24,0))-LEN(TRUNC(B25,0))>0,VALUE(LEFT(B24,LEN(TRUNC(B24,0))-LEN(TRUNC(B25,0))))*POWER(10,LEN(TRUNC(B25,0)))+B25-B24,B25-B24-VALUE(LEFT(B25,LEN(TRUNC(B25,0))-LEN(TRUNC(B24,0))))*POWER(10,LEN(TRUNC(B24,0)))))) -> 0.0193 | D25: =IF(C25="","",C25*$D$15) -> 694.8 | F25: 1941.2971 | G25: =F25-F24 -> 0.0135 | H25: =IF(G25="","",G25*$H$15) -> 486 | I25: =IF(H25="","",IF(D25="","",IF(AND(H25=0,D25=0),0,H25/D25))) -> 0.69948187 | K25: 6.295186
A26: 8-00 | B26: 3444.3412 | C26: =IF(B26="","",IF(LEN(TRUNC(B25,0))-LEN(TRUNC(B26,0))=0,B26-B25,IF(LEN(TRUNC(B25,0))-LEN(TRUNC(B26,0))>0,VALUE(LEFT(B25,LEN(TRUNC(B25,0))-LEN(TRUNC(B26,0))))*POWER(10,LEN(TRUNC(B26,0)))+B26-B25,B26-B25-VALUE(LEFT(B26,LEN(TRUNC(B26,0))-LEN(TRUNC(B25,0))))*POWER(10,LEN(TRUNC(B25,0)))))) -> 0.0194 | D26: =IF(C26="","",C26*$D$15) -> 698.4 | F26: 1941.3106 | G26: =F26-F25 -> 0.0135 | H26: =IF(G26="","",G26*$H$15) -> 486 | I26: =IF(H26="","",IF(D26="","",IF(AND(H26=0,D26=0),0,H26/D26))) -> 0.69587629 | K26: 6.270929
A27: 9-00 | B27: 3444.3604 | C27: =IF(B27="","",IF(LEN(TRUNC(B26,0))-LEN(TRUNC(B27,0))=0,B27-B26,IF(LEN(TRUNC(B26,0))-LEN(TRUNC(B27,0))>0,VALUE(LEFT(B26,LEN(TRUNC(B26,0))-LEN(TRUNC(B27,0))))*POWER(10,LEN(TRUNC(B27,0)))+B27-B26,B27-B26-VALUE(LEFT(B27,LEN(TRUNC(B27,0))-LEN(TRUNC(B26,0))))*POWER(10,LEN(TRUNC(B26,0)))))) -> 0.0192 | D27: =IF(C27="","",C27*$D$15) -> 691.2 | F27: 1941.3237 | G27: =F27-F26 -> 0.0131 | H27: =IF(G27="","",G27*$H$15) -> 471.6 | I27: =IF(H27="","",IF(D27="","",IF(AND(H27=0,D27=0),0,H27/D27))) -> 0.68229167 | K27: 6.207516
A28: 10-00 | B28: 3444.3796 | C28: =IF(B28="","",IF(LEN(TRUNC(B27,0))-LEN(TRUNC(B28,0))=0,B28-B27,IF(LEN(TRUNC(B27,0))-LEN(TRUNC(B28,0))>0,VALUE(LEFT(B27,LEN(TRUNC(B27,0))-LEN(TRUNC(B28,0))))*POWER(10,LEN(TRUNC(B28,0)))+B28-B27,B28-B27-VALUE(LEFT(B28,LEN(TRUNC(B28,0))-LEN(TRUNC(B27,0))))*POWER(10,LEN(TRUNC(B27,0)))))) -> 0.0192 | D28: =IF(C28="","",C28*$D$15) -> 691.2 | F28: 1941.3368 | G28: =F28-F27 -> 0.0131 | H28: =IF(G28="","",G28*$H$15) -> 471.6 | I28: =IF(H28="","",IF(D28="","",IF(AND(H28=0,D28=0),0,H28/D28))) -> 0.68229167 | K28: 6.183744
A29: 11-00 | B29: 3444.3992 | C29: =IF(B29="","",IF(LEN(TRUNC(B28,0))-LEN(TRUNC(B29,0))=0,B29-B28,IF(LEN(TRUNC(B28,0))-LEN(TRUNC(B29,0))>0,VALUE(LEFT(B28,LEN(TRUNC(B28,0))-LEN(TRUNC(B29,0))))*POWER(10,LEN(TRUNC(B29,0)))+B29-B28,B29-B28-VALUE(LEFT(B29,LEN(TRUNC(B29,0))-LEN(TRUNC(B28,0))))*POWER(10,LEN(TRUNC(B28,0)))))) -> 0.0196 | D29: =IF(C29="","",C29*$D$15) -> 705.6 | F29: 1941.3502 | G29: =F29-F28 -> 0.0134 | H29: =IF(G29="","",G29*$H$15) -> 482.4 | I29: =IF(H29="","",IF(D29="","",IF(AND(H29=0,D29=0),0,H29/D29))) -> 0.68367347 | K29: 6.210851 | M29: Указать отдельно рабочие и запломбированные трансформаторы и высоковольтные электродвигатели
A30: 12-00 | B30: 3444.4186 | C30: =IF(B30="","",IF(LEN(TRUNC(B29,0))-LEN(TRUNC(B30,0))=0,B30-B29,IF(LEN(TRUNC(B29,0))-LEN(TRUNC(B30,0))>0,VALUE(LEFT(B29,LEN(TRUNC(B29,0))-LEN(TRUNC(B30,0))))*POWER(10,LEN(TRUNC(B30,0)))+B30-B29,B30-B29-VALUE(LEFT(B30,LEN(TRUNC(B30,0))-LEN(TRUNC(B29,0))))*POWER(10,LEN(TRUNC(B29,0)))))) -> 0.0194 | D30: =IF(C30="","",C30*$D$15) -> 698.4 | F30: 1941.3637 | G30: =F30-F29 -> 0.0135 | H30: =IF(G30="","",G30*$H$15) -> 486 | I30: =IF(H30="","",IF(D30="","",IF(AND(H30=0,D30=0),0,H30/D30))) -> 0.69587629 | K30: 6.240614 | M30: II. Статконденсаторы всех напряжений
A31: 13-00 | B31: 3444.4379 | C31: =IF(B31="","",IF(LEN(TRUNC(B30,0))-LEN(TRUNC(B31,0))=0,B31-B30,IF(LEN(TRUNC(B30,0))-LEN(TRUNC(B31,0))>0,VALUE(LEFT(B30,LEN(TRUNC(B30,0))-LEN(TRUNC(B31,0))))*POWER(10,LEN(TRUNC(B31,0)))+B31-B30,B31-B30-VALUE(LEFT(B31,LEN(TRUNC(B31,0))-LEN(TRUNC(B30,0))))*POWER(10,LEN(TRUNC(B30,0)))))) -> 0.0193 | D31: =IF(C31="","",C31*$D$15) -> 694.8 | F31: 1941.3772 | G31: =F31-F30 -> 0.0135 | H31: =IF(G31="","",G31*$H$15) -> 486 | I31: =IF(H31="","",IF(D31="","",IF(AND(H31=0,D31=0),0,H31/D31))) -> 0.69948187 | K31: 6.268505 | M31: №№ | N31: Место | P31: Номинальное | R31: Номинальная | T31: В т.ч. с | V31: Время включения | Y31: Примечание
A32: 14-00 | B32: 3444.4574 | C32: =IF(B32="","",IF(LEN(TRUNC(B31,0))-LEN(TRUNC(B32,0))=0,B32-B31,IF(LEN(TRUNC(B31,0))-LEN(TRUNC(B32,0))>0,VALUE(LEFT(B31,LEN(TRUNC(B31,0))-LEN(TRUNC(B32,0))))*POWER(10,LEN(TRUNC(B32,0)))+B32-B31,B32-B31-VALUE(LEFT(B32,LEN(TRUNC(B32,0))-LEN(TRUNC(B31,0))))*POWER(10,LEN(TRUNC(B31,0)))))) -> 0.0195 | D32: =IF(C32="","",C32*$D$15) -> 702 | F32: 1941.3907 | G32: =F32-F31 -> 0.0135 | H32: =IF(G32="","",G32*$H$15) -> 486 | I32: =IF(H32="","",IF(D32="","",IF(AND(H32=0,D32=0),0,H32/D32))) -> 0.69230769 | K32: 6.245797 | P32: напряжение | R32: мощность | T32: авторегулир. | V32: и отключения
A33: 15-00 | B33: 3444.4767 | C33: =IF(B33="","",IF(LEN(TRUNC(B32,0))-LEN(TRUNC(B33,0))=0,B33-B32,IF(LEN(TRUNC(B32,0))-LEN(TRUNC(B33,0))>0,VALUE(LEFT(B32,LEN(TRUNC(B32,0))-LEN(TRUNC(B33,0))))*POWER(10,LEN(TRUNC(B33,0)))+B33-B32,B33-B32-VALUE(LEFT(B33,LEN(TRUNC(B33,0))-LEN(TRUNC(B32,0))))*POWER(10,LEN(TRUNC(B32,0)))))) -> 0.0193 | D33: =IF(C33="","",C33*$D$15) -> 694.8 | F33: 1941.4041 | G33: =F33-F32 -> 0.0134 | H33: =IF(G33="","",G33*$H$15) -> 482.4 | I33: =IF(H33="","",IF(D33="","",IF(AND(H33=0,D33=0),0,H33/D33))) -> 0.69430052 | K33: 6.240436 | M33: п/п | N33: установки | P33: кВ | R33: кВар | T33: кВар | V33: установки за сутки
A34: 16-00 | B34: 3444.4959 | C34: =IF(B34="","",IF(LEN(TRUNC(B33,0))-LEN(TRUNC(B34,0))=0,B34-B33,IF(LEN(TRUNC(B33,0))-LEN(TRUNC(B34,0))>0,VALUE(LEFT(B33,LEN(TRUNC(B33,0))-LEN(TRUNC(B34,0))))*POWER(10,LEN(TRUNC(B34,0)))+B34-B33,B34-B33-VALUE(LEFT(B34,LEN(TRUNC(B34,0))-LEN(TRUNC(B33,0))))*POWER(10,LEN(TRUNC(B33,0)))))) -> 0.0192 | D34: =IF(C34="","",C34*$D$15) -> 691.2 | F34: 1941.4174 | G34: =F34-F33 -> 0.0133 | H34: =IF(G34="","",G34*$H$15) -> 478.8 | I34: =IF(H34="","",IF(D34="","",IF(AND(H34=0,D34=0),0,H34/D34))) -> 0.69270833 | K34: 6.253
A35: 17-00 | B35: 3444.5153 | C35: =IF(B35="","",IF(LEN(TRUNC(B34,0))-LEN(TRUNC(B35,0))=0,B35-B34,IF(LEN(TRUNC(B34,0))-LEN(TRUNC(B35,0))>0,VALUE(LEFT(B34,LEN(TRUNC(B34,0))-LEN(TRUNC(B35,0))))*POWER(10,LEN(TRUNC(B35,0)))+B35-B34,B35-B34-VALUE(LEFT(B35,LEN(TRUNC(B35,0))-LEN(TRUNC(B34,0))))*POWER(10,LEN(TRUNC(B34,0)))))) -> 0.0194 | D35: =IF(C35="","",C35*$D$15) -> 698.4 | F35: 1941.4307 | G35: =F35-F34 -> 0.0133 | H35: =IF(G35="","",G35*$H$15) -> 478.8 | I35: =IF(H35="","",IF(D35="","",IF(AND(H35=0,D35=0),0,H35/D35))) -> 0.68556701 | K35: 6.23548 | N35: КТП-4 | P35: 0.4 | R35: 80
A36: 18-00 | B36: 3444.535 | C36: =IF(B36="","",IF(LEN(TRUNC(B35,0))-LEN(TRUNC(B36,0))=0,B36-B35,IF(LEN(TRUNC(B35,0))-LEN(TRUNC(B36,0))>0,VALUE(LEFT(B35,LEN(TRUNC(B35,0))-LEN(TRUNC(B36,0))))*POWER(10,LEN(TRUNC(B36,0)))+B36-B35,B36-B35-VALUE(LEFT(B36,LEN(TRUNC(B36,0))-LEN(TRUNC(B35,0))))*POWER(10,LEN(TRUNC(B35,0)))))) -> 0.0197 | D36: =IF(C36="","",C36*$D$15) -> 709.2 | F36: 1941.444 | G36: =F36-F35 -> 0.0133 | H36: =IF(G36="","",G36*$H$15) -> 478.8 | I36: =IF(H36="","",IF(D36="","",IF(AND(H36=0,D36=0),0,H36/D36))) -> 0.6751269 | K36: 6.221354
A37: 19-00 | B37: 3444.5545 | C37: =IF(B37="","",IF(LEN(TRUNC(B36,0))-LEN(TRUNC(B37,0))=0,B37-B36,IF(LEN(TRUNC(B36,0))-LEN(TRUNC(B37,0))>0,VALUE(LEFT(B36,LEN(TRUNC(B36,0))-LEN(TRUNC(B37,0))))*POWER(10,LEN(TRUNC(B37,0)))+B37-B36,B37-B36-VALUE(LEFT(B37,LEN(TRUNC(B37,0))-LEN(TRUNC(B36,0))))*POWER(10,LEN(TRUNC(B36,0)))))) -> 0.0195 | D37: =IF(C37="","",C37*$D$15) -> 702 | F37: 1941.457 | G37: =F37-F36 -> 0.013 | H37: =IF(G37="","",G37*$H$15) -> 468 | I37: =IF(H37="","",IF(D37="","",IF(AND(H37=0,D37=0),0,H37/D37))) -> 0.66666667 | K37: 6.161024
A38: 20-00 | B38: 3444.5744 | C38: =IF(B38="","",IF(LEN(TRUNC(B37,0))-LEN(TRUNC(B38,0))=0,B38-B37,IF(LEN(TRUNC(B37,0))-LEN(TRUNC(B38,0))>0,VALUE(LEFT(B37,LEN(TRUNC(B37,0))-LEN(TRUNC(B38,0))))*POWER(10,LEN(TRUNC(B38,0)))+B38-B37,B38-B37-VALUE(LEFT(B38,LEN(TRUNC(B38,0))-LEN(TRUNC(B37,0))))*POWER(10,LEN(TRUNC(B37,0)))))) -> 0.0199 | D38: =IF(C38="","",C38*$D$15) -> 716.4 | F38: 1941.4704 | G38: =F38-F37 -> 0.0134 | H38: =IF(G38="","",G38*$H$15) -> 482.4 | I38: =IF(H38="","",IF(D38="","",IF(AND(H38=0,D38=0),0,H38/D38))) -> 0.67336683 | K38: 6.188663
A39: 21-00 | B39: 3444.5939 | C39: =IF(B39="","",IF(LEN(TRUNC(B38,0))-LEN(TRUNC(B39,0))=0,B39-B38,IF(LEN(TRUNC(B38,0))-LEN(TRUNC(B39,0))>0,VALUE(LEFT(B38,LEN(TRUNC(B38,0))-LEN(TRUNC(B39,0))))*POWER(10,LEN(TRUNC(B39,0)))+B39-B38,B39-B38-VALUE(LEFT(B39,LEN(TRUNC(B39,0))-LEN(TRUNC(B38,0))))*POWER(10,LEN(TRUNC(B38,0)))))) -> 0.0195 | D39: =IF(C39="","",C39*$D$15) -> 702 | F39: 1941.4839 | G39: =F39-F38 -> 0.0135 | H39: =IF(G39="","",G39*$H$15) -> 486 | I39: =IF(H39="","",IF(D39="","",IF(AND(H39=0,D39=0),0,H39/D39))) -> 0.69230769 | K39: 6.2144
A40: 22-00 | B40: 3444.6142 | C40: =IF(B40="","",IF(LEN(TRUNC(B39,0))-LEN(TRUNC(B40,0))=0,B40-B39,IF(LEN(TRUNC(B39,0))-LEN(TRUNC(B40,0))>0,VALUE(LEFT(B39,LEN(TRUNC(B39,0))-LEN(TRUNC(B40,0))))*POWER(10,LEN(TRUNC(B40,0)))+B40-B39,B40-B39-VALUE(LEFT(B40,LEN(TRUNC(B40,0))-LEN(TRUNC(B39,0))))*POWER(10,LEN(TRUNC(B39,0)))))) -> 0.0203 | D40: =IF(C40="","",C40*$D$15) -> 730.8 | F40: 1941.4984 | G40: =F40-F39 -> 0.0145 | H40: =IF(G40="","",G40*$H$15) -> 522 | I40: =IF(H40="","",IF(D40="","",IF(AND(H40=0,D40=0),0,H40/D40))) -> 0.71428571 | K40: 6.212711 | M40: III. Синхронные электродвигатели напряжением до 1000 В
A41: 23-00 | B41: 3444.6346 | C41: =IF(B41="","",IF(LEN(TRUNC(B40,0))-LEN(TRUNC(B41,0))=0,B41-B40,IF(LEN(TRUNC(B40,0))-LEN(TRUNC(B41,0))>0,VALUE(LEFT(B40,LEN(TRUNC(B40,0))-LEN(TRUNC(B41,0))))*POWER(10,LEN(TRUNC(B41,0)))+B41-B40,B41-B40-VALUE(LEFT(B41,LEN(TRUNC(B41,0))-LEN(TRUNC(B40,0))))*POWER(10,LEN(TRUNC(B40,0)))))) -> 0.0204 | D41: =IF(C41="","",C41*$D$15) -> 734.4 | F41: 1941.5133 | G41: =F41-F40 -> 0.0149 | H41: =IF(G41="","",G41*$H$15) -> 536.4 | I41: =IF(H41="","",IF(D41="","",IF(AND(H41=0,D41=0),0,H41/D41))) -> 0.73039216 | K41: 6.275168 | M41: №№ | N41: Место | P41: Номинальная | S41: № п-п | T41: Место установки | X41: Номинальная
A42: 24-00 | B42: 3444.6549 | C42: =IF(B42="","",IF(LEN(TRUNC(B41,0))-LEN(TRUNC(B42,0))=0,B42-B41,IF(LEN(TRUNC(B41,0))-LEN(TRUNC(B42,0))>0,VALUE(LEFT(B41,LEN(TRUNC(B41,0))-LEN(TRUNC(B42,0))))*POWER(10,LEN(TRUNC(B42,0)))+B42-B41,B42-B41-VALUE(LEFT(B42,LEN(TRUNC(B42,0))-LEN(TRUNC(B41,0))))*POWER(10,LEN(TRUNC(B41,0)))))) -> 0.0203 | D42: =IF(C42="","",C42*$D$15) -> 730.8 | F42: 1941.5281 | G42: =F42-F41 -> 0.0148 | H42: =IF(G42="","",G42*$H$15) -> 532.8 | I42: =IF(H42="","",IF(D42="","",IF(AND(H42=0,D42=0),0,H42/D42))) -> 0.72906404 | K42: 6.204573
A43: Суточн. расход эл. энергии | D43: =SUM(D18:D42) -> 16844.4 | H43: =SUM(H18:H42) -> 11779.2 | I43: =IF(AND(H43=0,D43=0),0,H43/D43) -> 0.69929472 | M43: п/п | N43: установки | P43: мощность кВт | X43: мощность кВт
A44: Контрольная сумма
A46: Запись показаний счетчиков производили: | G46: Расчеты произвел:
A47: 1. | D47: ___________________
A48: фамилия | D48: (подпись)
A49: 2. | D49: ___________________ | H49: Каргина Т.В. | K49: _______________ | N49: Главный энергетик | Q49: _________________________ И.Н. Чернышов
A50: фамилия | D50: (подпись) | H50: фамилия | K50: (подпись) | S50: (подпись)
A51: 3. | D51: ___________________
A52: фамилия | D52: (подпись)

Sheet Ячейка 37
A1: ОАО "Пластик" | G1: Шифр | M1: I. Сведения о присоединенных трансформаторах и высоковольтных электродвигателях
A2: (наименование предприятия) | M2: 1. Трансформаторы
A3: г. Узловая, Тульская, 1 | G3: Питающий центр | I3: П/ст №214 (ГПП-2) | M3: №№ | N3: Место установки | P3: Мощность | R3: Номинальн. | T3: Включен. | V3: Назначение | X3: Примечание
A4: (адрес) | R4: напряжение | T4: на ответвление | V4: тр-ра
G5: № фидера | I5: яч 37 тр-р №2 | M5: п/п | P5: ква | R5: ________ кВ | T5: ________ кВ | V5: силов. освет.
A6: (министерство, ведомство) | V6: печной
A8: ПРОТОКОЛ (первичный)
A9: записей показания электросчетчиков и вольтметров, а также определение
A10: нагрузок и тангенса "фи" за | E10: 20 декабря | H10: 2017года
A11: напряжения | E11: __________6000__________ | I11: вольт
A13: Время записи часы | B13: Активн. сч-к тип | D13: СЭТ-4ТМ.03 | F13: Реактивн. сч-к тип | H13: СЭТ-4ТМ.03 | I13: Тангенс "фи" | J13: Показание | L13: Мощность
B14: ____________л__ | D14: №0103061231 | F14: ____________л__ | H14: №0103061231 | J14: вольтметр. | L14: включен.
B15: Расчетн. коэф | D15: 36000 | F15: Расчетн. коэф | H15: 36000 | J15: на стороне | L15: компенсир.
B16: показ. | C16: разность | D16: расход за | F16: показ. | G16: разность | H16: расход за | J16: в\н | K16: н\н | L16: устройств
B17: сч-ка | C17: показ. | D17: час (кВт) | F17: сч-ка | G17: показ. | H17: час (кВт) | L17: кВар | M17: 2. Высоковольтные электродвигатели
A18: 0-00 | B18: 4025.0578 | F18: 2657.5203 | M18: №№ | N18: Место | Q18: Тип | T18: Номинальная | W18: Примечание
A19: 1-00 | B19: 4025.1177 | C19: =IF(B19="","",IF(LEN(TRUNC(B18,0))-LEN(TRUNC(B19,0))=0,B19-B18,IF(LEN(TRUNC(B18,0))-LEN(TRUNC(B19,0))>0,VALUE(LEFT(B18,LEN(TRUNC(B18,0))-LEN(TRUNC(B19,0))))*POWER(10,LEN(TRUNC(B19,0)))+B19-B18,B19-B18-VALUE(LEFT(B19,LEN(TRUNC(B19,0))-LEN(TRUNC(B18,0))))*POWER(10,LEN(TRUNC(B18,0)))))) -> 0.0599 | D19: =IF(C19="","",C19*$D$15) -> 2156.4 | F19: 2657.5657 | G19: =F19-ReportObject12_3 -> 0.0454 | H19: =IF(G19="","",G19*$H$15) -> 1634.4 | I19: =IF(H19="","",IF(D19="","",IF(AND(H19=0,D19=0),0,H19/D19))) -> 0.75792988 | K19: 6.26102 | Q19: (синхронный,
A20: 2-00 | B20: 4025.1777 | C20: =IF(B20="","",IF(LEN(TRUNC(B19,0))-LEN(TRUNC(B20,0))=0,B20-B19,IF(LEN(TRUNC(B19,0))-LEN(TRUNC(B20,0))>0,VALUE(LEFT(B19,LEN(TRUNC(B19,0))-LEN(TRUNC(B20,0))))*POWER(10,LEN(TRUNC(B20,0)))+B20-B19,B20-B19-VALUE(LEFT(B20,LEN(TRUNC(B20,0))-LEN(TRUNC(B19,0))))*POWER(10,LEN(TRUNC(B19,0)))))) -> 0.06 | D20: =IF(C20="","",C20*$D$15) -> 2160 | F20: 2657.6111 | G20: =F20-F19 -> 0.0454 | H20: =IF(G20="","",G20*$H$15) -> 1634.4 | I20: =IF(H20="","",IF(D20="","",IF(AND(H20=0,D20=0),0,H20/D20))) -> 0.75666667 | K20: 6.187887 | M20: п/п | N20: установки | Q20: асинхронный) | T20: мощность кВт
A21: 3-00 | B21: 4025.2369 | C21: =IF(B21="","",IF(LEN(TRUNC(B20,0))-LEN(TRUNC(B21,0))=0,B21-B20,IF(LEN(TRUNC(B20,0))-LEN(TRUNC(B21,0))>0,VALUE(LEFT(B20,LEN(TRUNC(B20,0))-LEN(TRUNC(B21,0))))*POWER(10,LEN(TRUNC(B21,0)))+B21-B20,B21-B20-VALUE(LEFT(B21,LEN(TRUNC(B21,0))-LEN(TRUNC(B20,0))))*POWER(10,LEN(TRUNC(B20,0)))))) -> 0.0592 | D21: =IF(C21="","",C21*$D$15) -> 2131.2 | F21: 2657.6562 | G21: =F21-F20 -> 0.0451 | H21: =IF(G21="","",G21*$H$15) -> 1623.6 | I21: =IF(H21="","",IF(D21="","",IF(AND(H21=0,D21=0),0,H21/D21))) -> 0.76182432 | K21: 6.265873
A22: 4-00 | B22: 4025.2962 | C22: =IF(B22="","",IF(LEN(TRUNC(B21,0))-LEN(TRUNC(B22,0))=0,B22-B21,IF(LEN(TRUNC(B21,0))-LEN(TRUNC(B22,0))>0,VALUE(LEFT(B21,LEN(TRUNC(B21,0))-LEN(TRUNC(B22,0))))*POWER(10,LEN(TRUNC(B22,0)))+B22-B21,B22-B21-VALUE(LEFT(B22,LEN(TRUNC(B22,0))-LEN(TRUNC(B21,0))))*POWER(10,LEN(TRUNC(B21,0)))))) -> 0.0593 | D22: =IF(C22="","",C22*$D$15) -> 2134.8 | F22: 2657.7017 | G22: =F22-F21 -> 0.0455 | H22: =IF(G22="","",G22*$H$15) -> 1638 | I22: =IF(H22="","",IF(D22="","",IF(AND(H22=0,D22=0),0,H22/D22))) -> 0.76728499 | K22: 6.281696
A23: 5-00 | B23: 4025.3564 | C23: =IF(B23="","",IF(LEN(TRUNC(B22,0))-LEN(TRUNC(B23,0))=0,B23-B22,IF(LEN(TRUNC(B22,0))-LEN(TRUNC(B23,0))>0,VALUE(LEFT(B22,LEN(TRUNC(B22,0))-LEN(TRUNC(B23,0))))*POWER(10,LEN(TRUNC(B23,0)))+B23-B22,B23-B22-VALUE(LEFT(B23,LEN(TRUNC(B23,0))-LEN(TRUNC(B22,0))))*POWER(10,LEN(TRUNC(B22,0)))))) -> 0.0602 | D23: =IF(C23="","",C23*$D$15) -> 2167.2 | F23: 2657.7475 | G23: =F23-F22 -> 0.0458 | H23: =IF(G23="","",G23*$H$15) -> 1648.8 | I23: =IF(H23="","",IF(D23="","",IF(AND(H23=0,D23=0),0,H23/D23))) -> 0.76079734 | K23: 6.287336
A24: 6-00 | B24: 4025.4163 | C24: =IF(B24="","",IF(LEN(TRUNC(B23,0))-LEN(TRUNC(B24,0))=0,B24-B23,IF(LEN(TRUNC(B23,0))-LEN(TRUNC(B24,0))>0,VALUE(LEFT(B23,LEN(TRUNC(B23,0))-LEN(TRUNC(B24,0))))*POWER(10,LEN(TRUNC(B24,0)))+B24-B23,B24-B23-VALUE(LEFT(B24,LEN(TRUNC(B24,0))-LEN(TRUNC(B23,0))))*POWER(10,LEN(TRUNC(B23,0)))))) -> 0.0599 | D24: =IF(C24="","",C24*$D$15) -> 2156.4 | F24: 2657.7932 | G24: =F24-F23 -> 0.0457 | H24: =IF(G24="","",G24*$H$15) -> 1645.2 | I24: =IF(H24="","",IF(D24="","",IF(AND(H24=0,D24=0),0,H24/D24))) -> 0.76293823 | K24: 6.277696
A25: 7-00 | B25: 4025.478 | C25: =IF(B25="","",IF(LEN(TRUNC(B24,0))-LEN(TRUNC(B25,0))=0,B25-B24,IF(LEN(TRUNC(B24,0))-LEN(TRUNC(B25,0))>0,VALUE(LEFT(B24,LEN(TRUNC(B24,0))-LEN(TRUNC(B25,0))))*POWER(10,LEN(TRUNC(B25,0)))+B25-B24,B25-B24-VALUE(LEFT(B25,LEN(TRUNC(B25,0))-LEN(TRUNC(B24,0))))*POWER(10,LEN(TRUNC(B24,0)))))) -> 0.0617 | D25: =IF(C25="","",C25*$D$15) -> 2221.2 | F25: 2657.8384 | G25: =F25-F24 -> 0.0452 | H25: =IF(G25="","",G25*$H$15) -> 1627.2 | I25: =IF(H25="","",IF(D25="","",IF(AND(H25=0,D25=0),0,H25/D25))) -> 0.73257699 | K25: 6.244106
A26: 8-00 | B26: 4025.5404 | C26: =IF(B26="","",IF(LEN(TRUNC(B25,0))-LEN(TRUNC(B26,0))=0,B26-B25,IF(LEN(TRUNC(B25,0))-LEN(TRUNC(B26,0))>0,VALUE(LEFT(B25,LEN(TRUNC(B25,0))-LEN(TRUNC(B26,0))))*POWER(10,LEN(TRUNC(B26,0)))+B26-B25,B26-B25-VALUE(LEFT(B26,LEN(TRUNC(B26,0))-LEN(TRUNC(B25,0))))*POWER(10,LEN(TRUNC(B25,0)))))) -> 0.0624 | D26: =IF(C26="","",C26*$D$15) -> 2246.4 | F26: 2657.8831 | G26: =F26-F25 -> 0.0447 | H26: =IF(G26="","",G26*$H$15) -> 1609.2 | I26: =IF(H26="","",IF(D26="","",IF(AND(H26=0,D26=0),0,H26/D26))) -> 0.71634615 | K26: 6.181808
A27: 9-00 | B27: 4025.6002 | C27: =IF(B27="","",IF(LEN(TRUNC(B26,0))-LEN(TRUNC(B27,0))=0,B27-B26,IF(LEN(TRUNC(B26,0))-LEN(TRUNC(B27,0))>0,VALUE(LEFT(B26,LEN(TRUNC(B26,0))-LEN(TRUNC(B27,0))))*POWER(10,LEN(TRUNC(B27,0)))+B27-B26,B27-B26-VALUE(LEFT(B27,LEN(TRUNC(B27,0))-LEN(TRUNC(B26,0))))*POWER(10,LEN(TRUNC(B26,0)))))) -> 0.0598 | D27: =IF(C27="","",C27*$D$15) -> 2152.8 | F27: 2657.9265 | G27: =F27-F26 -> 0.0434 | H27: =IF(G27="","",G27*$H$15) -> 1562.4 | I27: =IF(H27="","",IF(D27="","",IF(AND(H27=0,D27=0),0,H27/D27))) -> 0.72575251 | K27: 6.035825
A28: 10-00 | B28: 4025.661 | C28: =IF(B28="","",IF(LEN(TRUNC(B27,0))-LEN(TRUNC(B28,0))=0,B28-B27,IF(LEN(TRUNC(B27,0))-LEN(TRUNC(B28,0))>0,VALUE(LEFT(B27,LEN(TRUNC(B27,0))-LEN(TRUNC(B28,0))))*POWER(10,LEN(TRUNC(B28,0)))+B28-B27,B28-B27-VALUE(LEFT(B28,LEN(TRUNC(B28,0))-LEN(TRUNC(B27,0))))*POWER(10,LEN(TRUNC(B27,0)))))) -> 0.0608 | D28: =IF(C28="","",C28*$D$15) -> 2188.8 | F28: 2657.9708 | G28: =F28-F27 -> 0.0443 | H28: =IF(G28="","",G28*$H$15) -> 1594.8 | I28: =IF(H28="","",IF(D28="","",IF(AND(H28=0,D28=0),0,H28/D28))) -> 0.72861842 | K28: 6.133238
A29: 11-00 | B29: 4025.7237 | C29: =IF(B29="","",IF(LEN(TRUNC(B28,0))-LEN(TRUNC(B29,0))=0,B29-B28,IF(LEN(TRUNC(B28,0))-LEN(TRUNC(B29,0))>0,VALUE(LEFT(B28,LEN(TRUNC(B28,0))-LEN(TRUNC(B29,0))))*POWER(10,LEN(TRUNC(B29,0)))+B29-B28,B29-B28-VALUE(LEFT(B29,LEN(TRUNC(B29,0))-LEN(TRUNC(B28,0))))*POWER(10,LEN(TRUNC(B28,0)))))) -> 0.0627 | D29: =IF(C29="","",C29*$D$15) -> 2257.2 | F29: 2658.0162 | G29: =F29-F28 -> 0.0454 | H29: =IF(G29="","",G29*$H$15) -> 1634.4 | I29: =IF(H29="","",IF(D29="","",IF(AND(H29=0,D29=0),0,H29/D29))) -> 0.72408293 | K29: 6.158995 | M29: Указать отдельно рабочие и запломбированные трансформаторы и высоковольтные электродвигатели
A30: 12-00 | B30: 4025.7865 | C30: =IF(B30="","",IF(LEN(TRUNC(B29,0))-LEN(TRUNC(B30,0))=0,B30-B29,IF(LEN(TRUNC(B29,0))-LEN(TRUNC(B30,0))>0,VALUE(LEFT(B29,LEN(TRUNC(B29,0))-LEN(TRUNC(B30,0))))*POWER(10,LEN(TRUNC(B30,0)))+B30-B29,B30-B29-VALUE(LEFT(B30,LEN(TRUNC(B30,0))-LEN(TRUNC(B29,0))))*POWER(10,LEN(TRUNC(B29,0)))))) -> 0.0628 | D30: =IF(C30="","",C30*$D$15) -> 2260.8 | F30: 2658.0618 | G30: =F30-F29 -> 0.0456 | H30: =IF(G30="","",G30*$H$15) -> 1641.6 | I30: =IF(H30="","",IF(D30="","",IF(AND(H30=0,D30=0),0,H30/D30))) -> 0.72611465 | K30: 6.188571 | M30: II. Статконденсаторы всех напряжений
A31: 13-00 | B31: 4025.8474 | C31: =IF(B31="","",IF(LEN(TRUNC(B30,0))-LEN(TRUNC(B31,0))=0,B31-B30,IF(LEN(TRUNC(B30,0))-LEN(TRUNC(B31,0))>0,VALUE(LEFT(B30,LEN(TRUNC(B30,0))-LEN(TRUNC(B31,0))))*POWER(10,LEN(TRUNC(B31,0)))+B31-B30,B31-B30-VALUE(LEFT(B31,LEN(TRUNC(B31,0))-LEN(TRUNC(B30,0))))*POWER(10,LEN(TRUNC(B30,0)))))) -> 0.0609 | D31: =IF(C31="","",C31*$D$15) -> 2192.4 | F31: 2658.1071 | G31: =F31-F30 -> 0.0453 | H31: =IF(G31="","",G31*$H$15) -> 1630.8 | I31: =IF(H31="","",IF(D31="","",IF(AND(H31=0,D31=0),0,H31/D31))) -> 0.74384236 | K31: 6.061934 | M31: №№ | N31: Место | P31: Номинальное | R31: Номинальная | T31: В т.ч. с | V31: Время включения | Y31: Примечание
A32: 14-00 | B32: 4025.9082 | C32: =IF(B32="","",IF(LEN(TRUNC(B31,0))-LEN(TRUNC(B32,0))=0,B32-B31,IF(LEN(TRUNC(B31,0))-LEN(TRUNC(B32,0))>0,VALUE(LEFT(B31,LEN(TRUNC(B31,0))-LEN(TRUNC(B32,0))))*POWER(10,LEN(TRUNC(B32,0)))+B32-B31,B32-B31-VALUE(LEFT(B32,LEN(TRUNC(B32,0))-LEN(TRUNC(B31,0))))*POWER(10,LEN(TRUNC(B31,0)))))) -> 0.0608 | D32: =IF(C32="","",C32*$D$15) -> 2188.8 | F32: 2658.1518 | G32: =F32-F31 -> 0.0447 | H32: =IF(G32="","",G32*$H$15) -> 1609.2 | I32: =IF(H32="","",IF(D32="","",IF(AND(H32=0,D32=0),0,H32/D32))) -> 0.73519737 | K32: 6.195236 | P32: напряжение | R32: мощность | T32: авторегулир. | V32: и отключения
A33: 15-00 | B33: 4025.97 | C33: =IF(B33="","",IF(LEN(TRUNC(B32,0))-LEN(TRUNC(B33,0))=0,B33-B32,IF(LEN(TRUNC(B32,0))-LEN(TRUNC(B33,0))>0,VALUE(LEFT(B32,LEN(TRUNC(B32,0))-LEN(TRUNC(B33,0))))*POWER(10,LEN(TRUNC(B33,0)))+B33-B32,B33-B32-VALUE(LEFT(B33,LEN(TRUNC(B33,0))-LEN(TRUNC(B32,0))))*POWER(10,LEN(TRUNC(B32,0)))))) -> 0.0618 | D33: =IF(C33="","",C33*$D$15) -> 2224.8 | F33: 2658.1968 | G33: =F33-F32 -> 0.045 | H33: =IF(G33="","",G33*$H$15) -> 1620 | I33: =IF(H33="","",IF(D33="","",IF(AND(H33=0,D33=0),0,H33/D33))) -> 0.72815534 | K33: 6.189315 | M33: п/п | N33: установки | P33: кВ | R33: кВар | T33: кВар | V33: установки за сутки
A34: 16-00 | B34: 4026.0328 | C34: =IF(B34="","",IF(LEN(TRUNC(B33,0))-LEN(TRUNC(B34,0))=0,B34-B33,IF(LEN(TRUNC(B33,0))-LEN(TRUNC(B34,0))>0,VALUE(LEFT(B33,LEN(TRUNC(B33,0))-LEN(TRUNC(B34,0))))*POWER(10,LEN(TRUNC(B34,0)))+B34-B33,B34-B33-VALUE(LEFT(B34,LEN(TRUNC(B34,0))-LEN(TRUNC(B33,0))))*POWER(10,LEN(TRUNC(B33,0)))))) -> 0.0628 | D34: =IF(C34="","",C34*$D$15) -> 2260.8 | F34: 2658.2422 | G34: =F34-F33 -> 0.0454 | H34: =IF(G34="","",G34*$H$15) -> 1634.4 | I34: =IF(H34="","",IF(D34="","",IF(AND(H34=0,D34=0),0,H34/D34))) -> 0.72292994 | K34: 6.200922
A35: 17-00 | B35: 4026.0976 | C35: =IF(B35="","",IF(LEN(TRUNC(B34,0))-LEN(TRUNC(B35,0))=0,B35-B34,IF(LEN(TRUNC(B34,0))-LEN(TRUNC(B35,0))>0,VALUE(LEFT(B34,LEN(TRUNC(B34,0))-LEN(TRUNC(B35,0))))*POWER(10,LEN(TRUNC(B35,0)))+B35-B34,B35-B34-VALUE(LEFT(B35,LEN(TRUNC(B35,0))-LEN(TRUNC(B34,0))))*POWER(10,LEN(TRUNC(B34,0)))))) -> 0.0648 | D35: =IF(C35="","",C35*$D$15) -> 2332.8 | F35: 2658.2876 | G35: =F35-F34 -> 0.0454 | H35: =IF(G35="","",G35*$H$15) -> 1634.4 | I35: =IF(H35="","",IF(D35="","",IF(AND(H35=0,D35=0),0,H35/D35))) -> 0.70061728 | K35: 6.1839 | N35: КТП-27,28, | P35: 0.4 | R35: 590
A36: 18-00 | B36: 4026.1596 | C36: =IF(B36="","",IF(LEN(TRUNC(B35,0))-LEN(TRUNC(B36,0))=0,B36-B35,IF(LEN(TRUNC(B35,0))-LEN(TRUNC(B36,0))>0,VALUE(LEFT(B35,LEN(TRUNC(B35,0))-LEN(TRUNC(B36,0))))*POWER(10,LEN(TRUNC(B36,0)))+B36-B35,B36-B35-VALUE(LEFT(B36,LEN(TRUNC(B36,0))-LEN(TRUNC(B35,0))))*POWER(10,LEN(TRUNC(B35,0)))))) -> 0.062 | D36: =IF(C36="","",C36*$D$15) -> 2232 | F36: 2658.333 | G36: =F36-F35 -> 0.0454 | H36: =IF(G36="","",G36*$H$15) -> 1634.4 | I36: =IF(H36="","",IF(D36="","",IF(AND(H36=0,D36=0),0,H36/D36))) -> 0.73225806 | K36: 6.169132 | N36: 7,8,9,10
A37: 19-00 | B37: 4026.2219 | C37: =IF(B37="","",IF(LEN(TRUNC(B36,0))-LEN(TRUNC(B37,0))=0,B37-B36,IF(LEN(TRUNC(B36,0))-LEN(TRUNC(B37,0))>0,VALUE(LEFT(B36,LEN(TRUNC(B36,0))-LEN(TRUNC(B37,0))))*POWER(10,LEN(TRUNC(B37,0)))+B37-B36,B37-B36-VALUE(LEFT(B37,LEN(TRUNC(B37,0))-LEN(TRUNC(B36,0))))*POWER(10,LEN(TRUNC(B36,0)))))) -> 0.0623 | D37: =IF(C37="","",C37*$D$15) -> 2242.8 | F37: 2658.3771 | G37: =F37-F36 -> 0.0441 | H37: =IF(G37="","",G37*$H$15) -> 1587.6 | I37: =IF(H37="","",IF(D37="","",IF(AND(H37=0,D37=0),0,H37/D37))) -> 0.70786517 | K37: 6.110467
A38: 20-00 | B38: 4026.2864 | C38: =IF(B38="","",IF(LEN(TRUNC(B37,0))-LEN(TRUNC(B38,0))=0,B38-B37,IF(LEN(TRUNC(B37,0))-LEN(TRUNC(B38,0))>0,VALUE(LEFT(B37,LEN(TRUNC(B37,0))-LEN(TRUNC(B38,0))))*POWER(10,LEN(TRUNC(B38,0)))+B38-B37,B38-B37-VALUE(LEFT(B38,LEN(TRUNC(B38,0))-LEN(TRUNC(B37,0))))*POWER(10,LEN(TRUNC(B37,0)))))) -> 0.0645 | D38: =IF(C38="","",C38*$D$15) -> 2322 | F38: 2658.4218 | G38: =F38-F37 -> 0.0447 | H38: =IF(G38="","",G38*$H$15) -> 1609.2 | I38: =IF(H38="","",IF(D38="","",IF(AND(H38=0,D38=0),0,H38/D38))) -> 0.69302326 | K38: 6.137771
A39: 21-00 | B39: 4026.3475 | C39: =IF(B39="","",IF(LEN(TRUNC(B38,0))-LEN(TRUNC(B39,0))=0,B39-B38,IF(LEN(TRUNC(B38,0))-LEN(TRUNC(B39,0))>0,VALUE(LEFT(B38,LEN(TRUNC(B38,0))-LEN(TRUNC(B39,0))))*POWER(10,LEN(TRUNC(B39,0)))+B39-B38,B39-B38-VALUE(LEFT(B39,LEN(TRUNC(B39,0))-LEN(TRUNC(B38,0))))*POWER(10,LEN(TRUNC(B38,0)))))) -> 0.0611 | D39: =IF(C39="","",C39*$D$15) -> 2199.6 | F39: 2658.4668 | G39: =F39-F38 -> 0.045 | H39: =IF(G39="","",G39*$H$15) -> 1620 | I39: =IF(H39="","",IF(D39="","",IF(AND(H39=0,D39=0),0,H39/D39))) -> 0.73649755 | K39: 6.163636
A40: 22-00 | B40: 4026.4089 | C40: =IF(B40="","",IF(LEN(TRUNC(B39,0))-LEN(TRUNC(B40,0))=0,B40-B39,IF(LEN(TRUNC(B39,0))-LEN(TRUNC(B40,0))>0,VALUE(LEFT(B39,LEN(TRUNC(B39,0))-LEN(TRUNC(B40,0))))*POWER(10,LEN(TRUNC(B40,0)))+B40-B39,B40-B39-VALUE(LEFT(B40,LEN(TRUNC(B40,0))-LEN(TRUNC(B39,0))))*POWER(10,LEN(TRUNC(B39,0)))))) -> 0.0614 | D40: =IF(C40="","",C40*$D$15) -> 2210.4 | F40: 2658.5123 | G40: =F40-F39 -> 0.0455 | H40: =IF(G40="","",G40*$H$15) -> 1638 | I40: =IF(H40="","",IF(D40="","",IF(AND(H40=0,D40=0),0,H40/D40))) -> 0.74104235 | K40: 6.184078 | M40: III. Синхронные электродвигатели напряжением до 1000 В
A41: 23-00 | B41: 4026.4709 | C41: =IF(B41="","",IF(LEN(TRUNC(B40,0))-LEN(TRUNC(B41,0))=0,B41-B40,IF(LEN(TRUNC(B40,0))-LEN(TRUNC(B41,0))>0,VALUE(LEFT(B40,LEN(TRUNC(B40,0))-LEN(TRUNC(B41,0))))*POWER(10,LEN(TRUNC(B41,0)))+B41-B40,B41-B40-VALUE(LEFT(B41,LEN(TRUNC(B41,0))-LEN(TRUNC(B40,0))))*POWER(10,LEN(TRUNC(B40,0)))))) -> 0.062 | D41: =IF(C41="","",C41*$D$15) -> 2232 | F41: 2658.5587 | G41: =F41-F40 -> 0.0464 | H41: =IF(G41="","",G41*$H$15) -> 1670.4 | I41: =IF(H41="","",IF(D41="","",IF(AND(H41=0,D41=0),0,H41/D41))) -> 0.7483871 | K41: 5.997714 | M41: №№ | N41: Место | P41: Номинальная | S41: № п-п | T41: Место установки | X41: Номинальная
A42: 24-00 | B42: 4026.5326 | C42: =IF(B42="","",IF(LEN(TRUNC(B41,0))-LEN(TRUNC(B42,0))=0,B42-B41,IF(LEN(TRUNC(B41,0))-LEN(TRUNC(B42,0))>0,VALUE(LEFT(B41,LEN(TRUNC(B41,0))-LEN(TRUNC(B42,0))))*POWER(10,LEN(TRUNC(B42,0)))+B42-B41,B42-B41-VALUE(LEFT(B42,LEN(TRUNC(B42,0))-LEN(TRUNC(B41,0))))*POWER(10,LEN(TRUNC(B41,0)))))) -> 0.0617 | D42: =IF(C42="","",C42*$D$15) -> 2221.2 | F42: 2658.6052 | G42: =F42-F41 -> 0.0465 | H42: =IF(G42="","",G42*$H$15) -> 1674 | I42: =IF(H42="","",IF(D42="","",IF(AND(H42=0,D42=0),0,H42/D42))) -> 0.75364668 | K42: 6.239845
A43: Суточн. расход эл. энергии | D43: =SUM(D18:D42) -> 53092.8 | H43: =SUM(H18:H42) -> 39056.4 | I43: =IF(AND(H43=0,D43=0),0,H43/D43) -> 0.73562517 | M43: п/п | N43: установки | P43: мощность кВт | X43: мощность кВт
A44: Контрольная сумма
A46: Запись показаний счетчиков производили: | G46: Расчеты произвел:
A47: 1. | D47: ___________________
A48: фамилия | D48: (подпись)
A49: 2. | D49: ___________________ | H49: Каргина Т.В. | K49: _______________ | N49: Главный энергетик | Q49: _________________________ И.Н. Чернышов
A50: фамилия | D50: (подпись) | H50: фамилия | K50: (подпись) | S50: (подпись)
A51: 3. | D51: ___________________
A52: фамилия | D52: (подпись)

Sheet Ячейка 27Эн
A1: ОАО "Пластик" | G1: Шифр | M1: I. Сведения о присоединенных трансформаторах и высоковольтных электродвигателях
A2: (наименование предприятия) | M2: 1. Трансформаторы
A3: г. Узловая, Тульская, 1 | G3: Питающий центр | I3: П/ст №167 (ГПП-1) | M3: №№ | N3: Место установки | P3: Мощность | R3: Номинальн. | T3: Включен. | V3: Назначение | X3: Примечание
A4: (адрес) | R4: напряжение | T4: на ответвление | V4: тр-ра
G5: № фидера | I5: яч. 27 Воейково-1 | M5: п/п | P5: ква | R5: ________ кВ | T5: ________ кВ | V5: силов. освет.
A6: (министерство, ведомство) | V6: печной
A8: ПРОТОКОЛ (первичный)
A9: записей показания электросчетчиков и вольтметров, а также определение
A10: нагрузок и тангенса "фи" за | E10: 20 декабря | H10: 2017года
A11: напряжения | E11: _________6000___________ | I11: вольт
A13: Время записи часы | B13: Активн. сч-к тип | D13: СЭТ-4ТМ.03М | F13: Реактивн. сч-к тип | H13: СЭТ-4ТМ.03М | I13: Тангенс "фи" | J13: Показание | L13: Мощность
B14: ____________л__ | D14: №812091240 | F14: ____________л__ | H14: № 812091240 | J14: вольтметр. | L14: включен.
B15: Расчетн. коэф | D15: 12000 | F15: Расчетн. коэф | H15: 12000 | J15: на стороне | L15: компенсир.
B16: показ. | C16: разность | D16: расход за | F16: показ. | G16: разность | H16: расход за | J16: в\н | K16: н\н | L16: устройств
B17: сч-ка | C17: показ. | D17: час (кВт) | F17: сч-ка | G17: показ. | H17: час (кВт) | L17: кВар | M17: 2. Высоковольтные электродвигатели
A18: 0-00 | B18: 79.7068 | F18: 49.8122 | M18: №№ | N18: Место | Q18: Тип | T18: Номинальная | W18: Примечание
A19: 1-00 | B19: 79.7068 | C19: =IF(B19="","",IF(LEN(TRUNC(B18,0))-LEN(TRUNC(B19,0))=0,B19-B18,IF(LEN(TRUNC(B18,0))-LEN(TRUNC(B19,0))>0,VALUE(LEFT(B18,LEN(TRUNC(B18,0))-LEN(TRUNC(B19,0))))*POWER(10,LEN(TRUNC(B19,0)))+B19-B18,B19-B18-VALUE(LEFT(B19,LEN(TRUNC(B19,0))-LEN(TRUNC(B18,0))))*POWER(10,LEN(TRUNC(B18,0)))))) -> 0 | D19: =IF(C19="","",C19*$D$15) -> 0 | F19: 49.8122 | G19: =F19-ReportObject4_3 -> 0 | H19: =IF(G19="","",G19*$H$15) -> 0 | I19: =IF(H19="","",IF(D19="","",IF(AND(H19=0,D19=0),0,H19/D19))) -> 0 | J19: 6.275262 | Q19: (синхронный,
A20: 2-00 | B20: 79.7068 | C20: =IF(B20="","",IF(LEN(TRUNC(B19,0))-LEN(TRUNC(B20,0))=0,B20-B19,IF(LEN(TRUNC(B19,0))-LEN(TRUNC(B20,0))>0,VALUE(LEFT(B19,LEN(TRUNC(B19,0))-LEN(TRUNC(B20,0))))*POWER(10,LEN(TRUNC(B20,0)))+B20-B19,B20-B19-VALUE(LEFT(B20,LEN(TRUNC(B20,0))-LEN(TRUNC(B19,0))))*POWER(10,LEN(TRUNC(B19,0)))))) -> 0 | D20: =IF(C20="","",C20*$D$15) -> 0 | F20: 49.8122 | G20: =F20-F19 -> 0 | H20: =IF(G20="","",G20*$H$15) -> 0 | I20: =IF(H20="","",IF(D20="","",IF(AND(H20=0,D20=0),0,H20/D20))) -> 0 | J20: 6.415853 | M20: п/п | N20: установки | Q20: асинхронный) | T20: мощность кВт
A21: 3-00 | B21: 79.7068 | C21: =IF(B21="","",IF(LEN(TRUNC(B20,0))-LEN(TRUNC(B21,0))=0,B21-B20,IF(LEN(TRUNC(B20,0))-LEN(TRUNC(B21,0))>0,VALUE(LEFT(B20,LEN(TRUNC(B20,0))-LEN(TRUNC(B21,0))))*POWER(10,LEN(TRUNC(B21,0)))+B21-B20,B21-B20-VALUE(LEFT(B21,LEN(TRUNC(B21,0))-LEN(TRUNC(B20,0))))*POWER(10,LEN(TRUNC(B20,0)))))) -> 0 | D21: =IF(C21="","",C21*$D$15) -> 0 | F21: 49.8122 | G21: =F21-F20 -> 0 | H21: =IF(G21="","",G21*$H$15) -> 0 | I21: =IF(H21="","",IF(D21="","",IF(AND(H21=0,D21=0),0,H21/D21))) -> 0 | J21: 6.332952
A22: 4-00 | B22: 79.7068 | C22: =IF(B22="","",IF(LEN(TRUNC(B21,0))-LEN(TRUNC(B22,0))=0,B22-B21,IF(LEN(TRUNC(B21,0))-LEN(TRUNC(B22,0))>0,VALUE(LEFT(B21,LEN(TRUNC(B21,0))-LEN(TRUNC(B22,0))))*POWER(10,LEN(TRUNC(B22,0)))+B22-B21,B22-B21-VALUE(LEFT(B22,LEN(TRUNC(B22,0))-LEN(TRUNC(B21,0))))*POWER(10,LEN(TRUNC(B21,0)))))) -> 0 | D22: =IF(C22="","",C22*$D$15) -> 0 | F22: 49.8122 | G22: =F22-F21 -> 0 | H22: =IF(G22="","",G22*$H$15) -> 0 | I22: =IF(H22="","",IF(D22="","",IF(AND(H22=0,D22=0),0,H22/D22))) -> 0 | J22: 6.435564
A23: 5-00 | B23: 79.7069 | C23: =IF(B23="","",IF(LEN(TRUNC(B22,0))-LEN(TRUNC(B23,0))=0,B23-B22,IF(LEN(TRUNC(B22,0))-LEN(TRUNC(B23,0))>0,VALUE(LEFT(B22,LEN(TRUNC(B22,0))-LEN(TRUNC(B23,0))))*POWER(10,LEN(TRUNC(B23,0)))+B23-B22,B23-B22-VALUE(LEFT(B23,LEN(TRUNC(B23,0))-LEN(TRUNC(B22,0))))*POWER(10,LEN(TRUNC(B22,0)))))) -> 0.0001 | D23: =IF(C23="","",C23*$D$15) -> 1.2 | F23: 49.8122 | G23: =F23-F22 -> 0 | H23: =IF(G23="","",G23*$H$15) -> 0 | I23: =IF(H23="","",IF(D23="","",IF(AND(H23=0,D23=0),0,H23/D23))) -> 0 | J23: 6.443177
A24: 6-00 | B24: 79.7069 | C24: =IF(B24="","",IF(LEN(TRUNC(B23,0))-LEN(TRUNC(B24,0))=0,B24-B23,IF(LEN(TRUNC(B23,0))-LEN(TRUNC(B24,0))>0,VALUE(LEFT(B23,LEN(TRUNC(B23,0))-LEN(TRUNC(B24,0))))*POWER(10,LEN(TRUNC(B24,0)))+B24-B23,B24-B23-VALUE(LEFT(B24,LEN(TRUNC(B24,0))-LEN(TRUNC(B23,0))))*POWER(10,LEN(TRUNC(B23,0)))))) -> 0 | D24: =IF(C24="","",C24*$D$15) -> 0 | F24: 49.8122 | G24: =F24-F23 -> 0 | H24: =IF(G24="","",G24*$H$15) -> 0 | I24: =IF(H24="","",IF(D24="","",IF(AND(H24=0,D24=0),0,H24/D24))) -> 0 | J24: 6.43589
A25: 7-00 | B25: 79.7069 | C25: =IF(B25="","",IF(LEN(TRUNC(B24,0))-LEN(TRUNC(B25,0))=0,B25-B24,IF(LEN(TRUNC(B24,0))-LEN(TRUNC(B25,0))>0,VALUE(LEFT(B24,LEN(TRUNC(B24,0))-LEN(TRUNC(B25,0))))*POWER(10,LEN(TRUNC(B25,0)))+B25-B24,B25-B24-VALUE(LEFT(B25,LEN(TRUNC(B25,0))-LEN(TRUNC(B24,0))))*POWER(10,LEN(TRUNC(B24,0)))))) -> 0 | D25: =IF(C25="","",C25*$D$15) -> 0 | F25: 49.8122 | G25: =F25-F24 -> 0 | H25: =IF(G25="","",G25*$H$15) -> 0 | I25: =IF(H25="","",IF(D25="","",IF(AND(H25=0,D25=0),0,H25/D25))) -> 0 | J25: 6.301332
A26: 8-00 | B26: 79.7069 | C26: =IF(B26="","",IF(LEN(TRUNC(B25,0))-LEN(TRUNC(B26,0))=0,B26-B25,IF(LEN(TRUNC(B25,0))-LEN(TRUNC(B26,0))>0,VALUE(LEFT(B25,LEN(TRUNC(B25,0))-LEN(TRUNC(B26,0))))*POWER(10,LEN(TRUNC(B26,0)))+B26-B25,B26-B25-VALUE(LEFT(B26,LEN(TRUNC(B26,0))-LEN(TRUNC(B25,0))))*POWER(10,LEN(TRUNC(B25,0)))))) -> 0 | D26: =IF(C26="","",C26*$D$15) -> 0 | F26: 49.8122 | G26: =F26-F25 -> 0 | H26: =IF(G26="","",G26*$H$15) -> 0 | I26: =IF(H26="","",IF(D26="","",IF(AND(H26=0,D26=0),0,H26/D26))) -> 0 | J26: 6.383555
A27: 9-00 | B27: 79.7069 | C27: =IF(B27="","",IF(LEN(TRUNC(B26,0))-LEN(TRUNC(B27,0))=0,B27-B26,IF(LEN(TRUNC(B26,0))-LEN(TRUNC(B27,0))>0,VALUE(LEFT(B26,LEN(TRUNC(B26,0))-LEN(TRUNC(B27,0))))*POWER(10,LEN(TRUNC(B27,0)))+B27-B26,B27-B26-VALUE(LEFT(B27,LEN(TRUNC(B27,0))-LEN(TRUNC(B26,0))))*POWER(10,LEN(TRUNC(B26,0)))))) -> 0 | D27: =IF(C27="","",C27*$D$15) -> 0 | F27: 49.8122 | G27: =F27-F26 -> 0 | H27: =IF(G27="","",G27*$H$15) -> 0 | I27: =IF(H27="","",IF(D27="","",IF(AND(H27=0,D27=0),0,H27/D27))) -> 0 | J27: 6.31399
A28: 10-00 | B28: 79.7069 | C28: =IF(B28="","",IF(LEN(TRUNC(B27,0))-LEN(TRUNC(B28,0))=0,B28-B27,IF(LEN(TRUNC(B27,0))-LEN(TRUNC(B28,0))>0,VALUE(LEFT(B27,LEN(TRUNC(B27,0))-LEN(TRUNC(B28,0))))*POWER(10,LEN(TRUNC(B28,0)))+B28-B27,B28-B27-VALUE(LEFT(B28,LEN(TRUNC(B28,0))-LEN(TRUNC(B27,0))))*POWER(10,LEN(TRUNC(B27,0)))))) -> 0 | D28: =IF(C28="","",C28*$D$15) -> 0 | F28: 49.8122 | G28: =F28-F27 -> 0 | H28: =IF(G28="","",G28*$H$15) -> 0 | I28: =IF(H28="","",IF(D28="","",IF(AND(H28=0,D28=0),0,H28/D28))) -> 0 | J28: 6.287243
A29: 11-00 | B29: 79.7069 | C29: =IF(B29="","",IF(LEN(TRUNC(B28,0))-LEN(TRUNC(B29,0))=0,B29-B28,IF(LEN(TRUNC(B28,0))-LEN(TRUNC(B29,0))>0,VALUE(LEFT(B28,LEN(TRUNC(B28,0))-LEN(TRUNC(B29,0))))*POWER(10,LEN(TRUNC(B29,0)))+B29-B28,B29-B28-VALUE(LEFT(B29,LEN(TRUNC(B29,0))-LEN(TRUNC(B28,0))))*POWER(10,LEN(TRUNC(B28,0)))))) -> 0 | D29: =IF(C29="","",C29*$D$15) -> 0 | F29: 49.8122 | G29: =F29-F28 -> 0 | H29: =IF(G29="","",G29*$H$15) -> 0 | I29: =IF(H29="","",IF(D29="","",IF(AND(H29=0,D29=0),0,H29/D29))) -> 0 | J29: 6.320937 | M29: Указать отдельно рабочие и запломбированные трансформаторы и высоковольтные электродвигатели
A30: 12-00 | B30: 79.7069 | C30: =IF(B30="","",IF(LEN(TRUNC(B29,0))-LEN(TRUNC(B30,0))=0,B30-B29,IF(LEN(TRUNC(B29,0))-LEN(TRUNC(B30,0))>0,VALUE(LEFT(B29,LEN(TRUNC(B29,0))-LEN(TRUNC(B30,0))))*POWER(10,LEN(TRUNC(B30,0)))+B30-B29,B30-B29-VALUE(LEFT(B30,LEN(TRUNC(B30,0))-LEN(TRUNC(B29,0))))*POWER(10,LEN(TRUNC(B29,0)))))) -> 0 | D30: =IF(C30="","",C30*$D$15) -> 0 | F30: 49.8122 | G30: =F30-F29 -> 0 | H30: =IF(G30="","",G30*$H$15) -> 0 | I30: =IF(H30="","",IF(D30="","",IF(AND(H30=0,D30=0),0,H30/D30))) -> 0 | J30: 6.344934 | M30: II. Статконденсаторы всех напряжений
A31: 13-00 | B31: 79.7069 | C31: =IF(B31="","",IF(LEN(TRUNC(B30,0))-LEN(TRUNC(B31,0))=0,B31-B30,IF(LEN(TRUNC(B30,0))-LEN(TRUNC(B31,0))>0,VALUE(LEFT(B30,LEN(TRUNC(B30,0))-LEN(TRUNC(B31,0))))*POWER(10,LEN(TRUNC(B31,0)))+B31-B30,B31-B30-VALUE(LEFT(B31,LEN(TRUNC(B31,0))-LEN(TRUNC(B30,0))))*POWER(10,LEN(TRUNC(B30,0)))))) -> 0 | D31: =IF(C31="","",C31*$D$15) -> 0 | F31: 49.8122 | G31: =F31-F30 -> 0 | H31: =IF(G31="","",G31*$H$15) -> 0 | I31: =IF(H31="","",IF(D31="","",IF(AND(H31=0,D31=0),0,H31/D31))) -> 0 | J31: 6.373718 | M31: №№ | N31: Место | P31: Номинальное | R31: Номинальная | T31: В т.ч. с | V31: Время включения | Y31: Примечание
A32: 14-00 | B32: 79.7069 | C32: =IF(B32="","",IF(LEN(TRUNC(B31,0))-LEN(TRUNC(B32,0))=0,B32-B31,IF(LEN(TRUNC(B31,0))-LEN(TRUNC(B32,0))>0,VALUE(LEFT(B31,LEN(TRUNC(B31,0))-LEN(TRUNC(B32,0))))*POWER(10,LEN(TRUNC(B32,0)))+B32-B31,B32-B31-VALUE(LEFT(B32,LEN(TRUNC(B32,0))-LEN(TRUNC(B31,0))))*POWER(10,LEN(TRUNC(B31,0)))))) -> 0 | D32: =IF(C32="","",C32*$D$15) -> 0 | F32: 49.8122 | G32: =F32-F31 -> 0 | H32: =IF(G32="","",G32*$H$15) -> 0 | I32: =IF(H32="","",IF(D32="","",IF(AND(H32=0,D32=0),0,H32/D32))) -> 0 | J32: 6.346944 | P32: напряжение | R32: мощность | T32: авторегулир. | V32: и отключения
A33: 15-00 | B33: 79.7069 | C33: =IF(B33="","",IF(LEN(TRUNC(B32,0))-LEN(TRUNC(B33,0))=0,B33-B32,IF(LEN(TRUNC(B32,0))-LEN(TRUNC(B33,0))>0,VALUE(LEFT(B32,LEN(TRUNC(B32,0))-LEN(TRUNC(B33,0))))*POWER(10,LEN(TRUNC(B33,0)))+B33-B32,B33-B32-VALUE(LEFT(B33,LEN(TRUNC(B33,0))-LEN(TRUNC(B32,0))))*POWER(10,LEN(TRUNC(B32,0)))))) -> 0 | D33: =IF(C33="","",C33*$D$15) -> 0 | F33: 49.8122 | G33: =F33-F32 -> 0 | H33: =IF(G33="","",G33*$H$15) -> 0 | I33: =IF(H33="","",IF(D33="","",IF(AND(H33=0,D33=0),0,H33/D33))) -> 0 | J33: 6.232457 | M33: п/п | N33: установки | P33: кВ | R33: кВар | T33: кВар | V33: установки за сутки
A34: 16-00 | B34: 79.7069 | C34: =IF(B34="","",IF(LEN(TRUNC(B33,0))-LEN(TRUNC(B34,0))=0,B34-B33,IF(LEN(TRUNC(B33,0))-LEN(TRUNC(B34,0))>0,VALUE(LEFT(B33,LEN(TRUNC(B33,0))-LEN(TRUNC(B34,0))))*POWER(10,LEN(TRUNC(B34,0)))+B34-B33,B34-B33-VALUE(LEFT(B34,LEN(TRUNC(B34,0))-LEN(TRUNC(B33,0))))*POWER(10,LEN(TRUNC(B33,0)))))) -> 0 | D34: =IF(C34="","",C34*$D$15) -> 0 | F34: 49.8122 | G34: =F34-F33 -> 0 | H34: =IF(G34="","",G34*$H$15) -> 0 | I34: =IF(H34="","",IF(D34="","",IF(AND(H34=0,D34=0),0,H34/D34))) -> 0 | J34: 6.355583
A35: 17-00 | B35: 79.7069 | C35: =IF(B35="","",IF(LEN(TRUNC(B34,0))-LEN(TRUNC(B35,0))=0,B35-B34,IF(LEN(TRUNC(B34,0))-LEN(TRUNC(B35,0))>0,VALUE(LEFT(B34,LEN(TRUNC(B34,0))-LEN(TRUNC(B35,0))))*POWER(10,LEN(TRUNC(B35,0)))+B35-B34,B35-B34-VALUE(LEFT(B35,LEN(TRUNC(B35,0))-LEN(TRUNC(B34,0))))*POWER(10,LEN(TRUNC(B34,0)))))) -> 0 | D35: =IF(C35="","",C35*$D$15) -> 0 | F35: 49.8122 | G35: =F35-F34 -> 0 | H35: =IF(G35="","",G35*$H$15) -> 0 | I35: =IF(H35="","",IF(D35="","",IF(AND(H35=0,D35=0),0,H35/D35))) -> 0 | J35: 6.277733
A36: 18-00 | B36: 79.7069 | C36: =IF(B36="","",IF(LEN(TRUNC(B35,0))-LEN(TRUNC(B36,0))=0,B36-B35,IF(LEN(TRUNC(B35,0))-LEN(TRUNC(B36,0))>0,VALUE(LEFT(B35,LEN(TRUNC(B35,0))-LEN(TRUNC(B36,0))))*POWER(10,LEN(TRUNC(B36,0)))+B36-B35,B36-B35-VALUE(LEFT(B36,LEN(TRUNC(B36,0))-LEN(TRUNC(B35,0))))*POWER(10,LEN(TRUNC(B35,0)))))) -> 0 | D36: =IF(C36="","",C36*$D$15) -> 0 | F36: 49.8122 | G36: =F36-F35 -> 0 | H36: =IF(G36="","",G36*$H$15) -> 0 | I36: =IF(H36="","",IF(D36="","",IF(AND(H36=0,D36=0),0,H36/D36))) -> 0 | J36: 6.342901
A37: 19-00 | B37: 79.7069 | C37: =IF(B37="","",IF(LEN(TRUNC(B36,0))-LEN(TRUNC(B37,0))=0,B37-B36,IF(LEN(TRUNC(B36,0))-LEN(TRUNC(B37,0))>0,VALUE(LEFT(B36,LEN(TRUNC(B36,0))-LEN(TRUNC(B37,0))))*POWER(10,LEN(TRUNC(B37,0)))+B37-B36,B37-B36-VALUE(LEFT(B37,LEN(TRUNC(B37,0))-LEN(TRUNC(B36,0))))*POWER(10,LEN(TRUNC(B36,0)))))) -> 0 | D37: =IF(C37="","",C37*$D$15) -> 0 | F37: 49.8122 | G37: =F37-F36 -> 0 | H37: =IF(G37="","",G37*$H$15) -> 0 | I37: =IF(H37="","",IF(D37="","",IF(AND(H37=0,D37=0),0,H37/D37))) -> 0 | J37: 6.291354
A38: 20-00 | B38: 79.707 | C38: =IF(B38="","",IF(LEN(TRUNC(B37,0))-LEN(TRUNC(B38,0))=0,B38-B37,IF(LEN(TRUNC(B37,0))-LEN(TRUNC(B38,0))>0,VALUE(LEFT(B37,LEN(TRUNC(B37,0))-LEN(TRUNC(B38,0))))*POWER(10,LEN(TRUNC(B38,0)))+B38-B37,B38-B37-VALUE(LEFT(B38,LEN(TRUNC(B38,0))-LEN(TRUNC(B37,0))))*POWER(10,LEN(TRUNC(B37,0)))))) -> 0.0001 | D38: =IF(C38="","",C38*$D$15) -> 1.2 | F38: 49.8122 | G38: =F38-F37 -> 0 | H38: =IF(G38="","",G38*$H$15) -> 0 | I38: =IF(H38="","",IF(D38="","",IF(AND(H38=0,D38=0),0,H38/D38))) -> 0 | J38: 6.321241
A39: 21-00 | B39: 79.707 | C39: =IF(B39="","",IF(LEN(TRUNC(B38,0))-LEN(TRUNC(B39,0))=0,B39-B38,IF(LEN(TRUNC(B38,0))-LEN(TRUNC(B39,0))>0,VALUE(LEFT(B38,LEN(TRUNC(B38,0))-LEN(TRUNC(B39,0))))*POWER(10,LEN(TRUNC(B39,0)))+B39-B38,B39-B38-VALUE(LEFT(B39,LEN(TRUNC(B39,0))-LEN(TRUNC(B38,0))))*POWER(10,LEN(TRUNC(B38,0)))))) -> 0 | D39: =IF(C39="","",C39*$D$15) -> 0 | F39: 49.8122 | G39: =F39-F38 -> 0 | H39: =IF(G39="","",G39*$H$15) -> 0 | I39: =IF(H39="","",IF(D39="","",IF(AND(H39=0,D39=0),0,H39/D39))) -> 0 | J39: 6.344234
A40: 22-00 | B40: 79.707 | C40: =IF(B40="","",IF(LEN(TRUNC(B39,0))-LEN(TRUNC(B40,0))=0,B40-B39,IF(LEN(TRUNC(B39,0))-LEN(TRUNC(B40,0))>0,VALUE(LEFT(B39,LEN(TRUNC(B39,0))-LEN(TRUNC(B40,0))))*POWER(10,LEN(TRUNC(B40,0)))+B40-B39,B40-B39-VALUE(LEFT(B40,LEN(TRUNC(B40,0))-LEN(TRUNC(B39,0))))*POWER(10,LEN(TRUNC(B39,0)))))) -> 0 | D40: =IF(C40="","",C40*$D$15) -> 0 | F40: 49.8122 | G40: =F40-F39 -> 0 | H40: =IF(G40="","",G40*$H$15) -> 0 | I40: =IF(H40="","",IF(D40="","",IF(AND(H40=0,D40=0),0,H40/D40))) -> 0 | J40: 6.364006 | M40: III. Синхронные электродвигатели напряжением до 1000 В
A41: 23-00 | B41: 79.707 | C41: =IF(B41="","",IF(LEN(TRUNC(B40,0))-LEN(TRUNC(B41,0))=0,B41-B40,IF(LEN(TRUNC(B40,0))-LEN(TRUNC(B41,0))>0,VALUE(LEFT(B40,LEN(TRUNC(B40,0))-LEN(TRUNC(B41,0))))*POWER(10,LEN(TRUNC(B41,0)))+B41-B40,B41-B40-VALUE(LEFT(B41,LEN(TRUNC(B41,0))-LEN(TRUNC(B40,0))))*POWER(10,LEN(TRUNC(B40,0)))))) -> 0 | D41: =IF(C41="","",C41*$D$15) -> 0 | F41: 49.8122 | G41: =F41-F40 -> 0 | H41: =IF(G41="","",G41*$H$15) -> 0 | I41: =IF(H41="","",IF(D41="","",IF(AND(H41=0,D41=0),0,H41/D41))) -> 0 | J41: 6.400516 | M41: №№ | N41: Место | P41: Номинальная | S41: № п-п | T41: Место установки | X41: Номинальная
A42: 24-00 | B42: 79.707 | C42: =IF(B42="","",IF(LEN(TRUNC(B41,0))-LEN(TRUNC(B42,0))=0,B42-B41,IF(LEN(TRUNC(B41,0))-LEN(TRUNC(B42,0))>0,VALUE(LEFT(B41,LEN(TRUNC(B41,0))-LEN(TRUNC(B42,0))))*POWER(10,LEN(TRUNC(B42,0)))+B42-B41,B42-B41-VALUE(LEFT(B42,LEN(TRUNC(B42,0))-LEN(TRUNC(B41,0))))*POWER(10,LEN(TRUNC(B41,0)))))) -> 0 | D42: =IF(C42="","",C42*$D$15) -> 0 | F42: 49.8122 | G42: =F42-F41 -> 0 | H42: =IF(G42="","",G42*$H$15) -> 0 | I42: =IF(H42="","",IF(D42="","",IF(AND(H42=0,D42=0),0,H42/D42))) -> 0 | J42: 6.412046
A43: Суточн. расход эл. энергии | D43: =SUM(D18:D42) -> 2.4 | H43: =SUM(H18:H42) -> 0 | I43: =IF(AND(H43=0,D43=0),0,H43/D43) -> 0 | M43: п/п | N43: установки | P43: мощность кВт | X43: мощность кВт
A44: Контрольная сумма
A46: Запись показаний счетчиков производили: | G46: Расчеты произвел:
A47: 1. | D47: ___________________
A48: фамилия | D48: (подпись)
A49: 2. | D49: ___________________ | H49: Каргина Т.В. | K49: _______________ | N49: Главный энергетик | Q49: _________________________ И.Н. Чернышов
A50: фамилия | D50: (подпись) | H50: фамилия | K50: (подпись) | S50: (подпись)
A51: 3. | D51: ___________________
A52: фамилия | D52: (подпись)

Sheet Ячейка 30Эн
A1: ОАО "Пластик" | G1: Шифр | M1: I. Сведения о присоединенных трансформаторах и высоковольтных электродвигателях
A2: (наименование предприятия) | M2: 1. Трансформаторы
A3: г. Узловая, Тульская, 1 | G3: Питающий центр | I3: П/ст №167 (ГПП-1) | M3: №№ | N3: Место установки | P3: Мощность | R3: Номинальн. | T3: Включен. | V3: Назначение | X3: Примечание
A4: (адрес) | R4: напряжение | T4: на ответвление | V4: тр-ра
G5: № фидера | I5: яч.30 Воейково-2 | M5: п/п | P5: ква | R5: ________ кВ | T5: ________ кВ | V5: силов. освет.
A6: (министерство, ведомство) | V6: печной
A8: ПРОТОКОЛ (первичный)
A9: записей показания электросчетчиков и вольтметров, а также определение
A10: нагрузок и тангенса "фи" за | E10: 20 декабря | H10: 2017года
A11: напряжения | E11: ______6000______________ | I11: вольт
A13: Время записи часы | B13: Активн. сч-к тип | D13: СЭТ-4ТМ.03М | F13: Реактивн. сч-к тип | H13: СЭТ-4ТМ.03М | I13: Тангенс "фи" | J13: Показание | L13: Мощность
B14: ____________л__ | D14: № 0808090624 | F14: ____________л__ | H14: № 0808090624 | J14: вольтметр. | L14: включен.
B15: Расчетн. коэф | D15: 12000 | F15: Расчетн. коэф | H15: 12000 | J15: на стороне | L15: компенсир.
B16: показ. | C16: разность | D16: расход за | F16: показ. | G16: разность | H16: расход за | J16: в\н | K16: н\н | L16: устройств
B17: сч-ка | C17: показ. | D17: час (кВт) | F17: сч-ка | G17: показ. | H17: час (кВт) | L17: кВар | M17: 2. Высоковольтные электродвигатели
A18: 0-00 | B18: 9679.7049 | F18: 6238.4531 | M18: №№ | N18: Место | Q18: Тип | T18: Номинальная | W18: Примечание
A19: 1-00 | B19: 9679.8373 | C19: =IF(B19="","",IF(LEN(TRUNC(B18,0))-LEN(TRUNC(B19,0))=0,B19-B18,IF(LEN(TRUNC(B18,0))-LEN(TRUNC(B19,0))>0,VALUE(LEFT(B18,LEN(TRUNC(B18,0))-LEN(TRUNC(B19,0))))*POWER(10,LEN(TRUNC(B19,0)))+B19-B18,B19-B18-VALUE(LEFT(B19,LEN(TRUNC(B19,0))-LEN(TRUNC(B18,0))))*POWER(10,LEN(TRUNC(B18,0)))))) -> 0.1324 | D19: =IF(C19="","",C19*$D$15) -> 1588.8 | F19: 6238.5409 | G19: =IF(F19="","",IF(LEN(TRUNC(F18,0))-LEN(TRUNC(F19,0))=0,F19-F18,IF(LEN(TRUNC(F18,0))-LEN(TRUNC(F19,0))>0,VALUE(LEFT(F18,LEN(TRUNC(F18,0))-LEN(TRUNC(F19,0))))*POWER(10,LEN(TRUNC(F19,0)))+F19-F18,F19-F18-VALUE(LEFT(F19,LEN(TRUNC(F19,0))-LEN(TRUNC(F18,0))))*POWER(10,LEN(TRUNC(F18,0)))))) -> 0.0878 | H19: =IF(G19="","",G19*$H$15) -> 1053.6 | I19: =IF(H19="","",IF(D19="","",IF(AND(H19=0,D19=0),0,H19/D19))) -> 0.66314199 | J19: 6.402756 | Q19: (синхронный,
A20: 2-00 | B20: 9679.9592 | C20: =IF(B20="","",IF(LEN(TRUNC(B19,0))-LEN(TRUNC(B20,0))=0,B20-B19,IF(LEN(TRUNC(B19,0))-LEN(TRUNC(B20,0))>0,VALUE(LEFT(B19,LEN(TRUNC(B19,0))-LEN(TRUNC(B20,0))))*POWER(10,LEN(TRUNC(B20,0)))+B20-B19,B20-B19-VALUE(LEFT(B20,LEN(TRUNC(B20,0))-LEN(TRUNC(B19,0))))*POWER(10,LEN(TRUNC(B19,0)))))) -> 0.1219 | D20: =IF(C20="","",C20*$D$15) -> 1462.8 | F20: 6238.6254 | G20: =IF(F20="","",IF(LEN(TRUNC(F19,0))-LEN(TRUNC(F20,0))=0,F20-F19,IF(LEN(TRUNC(F19,0))-LEN(TRUNC(F20,0))>0,VALUE(LEFT(F19,LEN(TRUNC(F19,0))-LEN(TRUNC(F20,0))))*POWER(10,LEN(TRUNC(F20,0)))+F20-F19,F20-F19-VALUE(LEFT(F20,LEN(TRUNC(F20,0))-LEN(TRUNC(F19,0))))*POWER(10,LEN(TRUNC(F19,0)))))) -> 0.0845 | H20: =IF(G20="","",G20*$H$15) -> 1014 | I20: =IF(H20="","",IF(D20="","",IF(AND(H20=0,D20=0),0,H20/D20))) -> 0.69319114 | J20: 6.401501 | M20: п/п | N20: установки | Q20: асинхронный) | T20: мощность кВт
A21: 3-00 | B21: 9680.0781 | C21: =IF(B21="","",IF(LEN(TRUNC(B20,0))-LEN(TRUNC(B21,0))=0,B21-B20,IF(LEN(TRUNC(B20,0))-LEN(TRUNC(B21,0))>0,VALUE(LEFT(B20,LEN(TRUNC(B20,0))-LEN(TRUNC(B21,0))))*POWER(10,LEN(TRUNC(B21,0)))+B21-B20,B21-B20-VALUE(LEFT(B21,LEN(TRUNC(B21,0))-LEN(TRUNC(B20,0))))*POWER(10,LEN(TRUNC(B20,0)))))) -> 0.1189 | D21: =IF(C21="","",C21*$D$15) -> 1426.8 | F21: 6238.7084 | G21: =IF(F21="","",IF(LEN(TRUNC(F20,0))-LEN(TRUNC(F21,0))=0,F21-F20,IF(LEN(TRUNC(F20,0))-LEN(TRUNC(F21,0))>0,VALUE(LEFT(F20,LEN(TRUNC(F20,0))-LEN(TRUNC(F21,0))))*POWER(10,LEN(TRUNC(F21,0)))+F21-F20,F21-F20-VALUE(LEFT(F21,LEN(TRUNC(F21,0))-LEN(TRUNC(F20,0))))*POWER(10,LEN(TRUNC(F20,0)))))) -> 0.083 | H21: =IF(G21="","",G21*$H$15) -> 996 | I21: =IF(H21="","",IF(D21="","",IF(AND(H21=0,D21=0),0,H21/D21))) -> 0.6980656 | J21: 6.405905
A22: 4-00 | B22: 9680.2071 | C22: =IF(B22="","",IF(LEN(TRUNC(B21,0))-LEN(TRUNC(B22,0))=0,B22-B21,IF(LEN(TRUNC(B21,0))-LEN(TRUNC(B22,0))>0,VALUE(LEFT(B21,LEN(TRUNC(B21,0))-LEN(TRUNC(B22,0))))*POWER(10,LEN(TRUNC(B22,0)))+B22-B21,B22-B21-VALUE(LEFT(B22,LEN(TRUNC(B22,0))-LEN(TRUNC(B21,0))))*POWER(10,LEN(TRUNC(B21,0)))))) -> 0.129 | D22: =IF(C22="","",C22*$D$15) -> 1548 | F22: 6238.7978 | G22: =IF(F22="","",IF(LEN(TRUNC(F21,0))-LEN(TRUNC(F22,0))=0,F22-F21,IF(LEN(TRUNC(F21,0))-LEN(TRUNC(F22,0))>0,VALUE(LEFT(F21,LEN(TRUNC(F21,0))-LEN(TRUNC(F22,0))))*POWER(10,LEN(TRUNC(F22,0)))+F22-F21,F22-F21-VALUE(LEFT(F22,LEN(TRUNC(F22,0))-LEN(TRUNC(F21,0))))*POWER(10,LEN(TRUNC(F21,0)))))) -> 0.0894 | H22: =IF(G22="","",G22*$H$15) -> 1072.8 | I22: =IF(H22="","",IF(D22="","",IF(AND(H22=0,D22=0),0,H22/D22))) -> 0.69302326 | J22: 6.417461
A23: 5-00 | B23: 9680.3379 | C23: =IF(B23="","",IF(LEN(TRUNC(B22,0))-LEN(TRUNC(B23,0))=0,B23-B22,IF(LEN(TRUNC(B22,0))-LEN(TRUNC(B23,0))>0,VALUE(LEFT(B22,LEN(TRUNC(B22,0))-LEN(TRUNC(B23,0))))*POWER(10,LEN(TRUNC(B23,0)))+B23-B22,B23-B22-VALUE(LEFT(B23,LEN(TRUNC(B23,0))-LEN(TRUNC(B22,0))))*POWER(10,LEN(TRUNC(B22,0)))))) -> 0.1308 | D23: =IF(C23="","",C23*$D$15) -> 1569.6 | F23: 6238.8895 | G23: =IF(F23="","",IF(LEN(TRUNC(F22,0))-LEN(TRUNC(F23,0))=0,F23-F22,IF(LEN(TRUNC(F22,0))-LEN(TRUNC(F23,0))>0,VALUE(LEFT(F22,LEN(TRUNC(F22,0))-LEN(TRUNC(F23,0))))*POWER(10,LEN(TRUNC(F23,0)))+F23-F22,F23-F22-VALUE(LEFT(F23,LEN(TRUNC(F23,0))-LEN(TRUNC(F22,0))))*POWER(10,LEN(TRUNC(F22,0)))))) -> 0.0917 | H23: =IF(G23="","",G23*$H$15) -> 1100.4 | I23: =IF(H23="","",IF(D23="","",IF(AND(H23=0,D23=0),0,H23/D23))) -> 0.70107034 | J23: 6.423085
A24: 6-00 | B24: 9680.4713 | C24: =IF(B24="","",IF(LEN(TRUNC(B23,0))-LEN(TRUNC(B24,0))=0,B24-B23,IF(LEN(TRUNC(B23,0))-LEN(TRUNC(B24,0))>0,VALUE(LEFT(B23,LEN(TRUNC(B23,0))-LEN(TRUNC(B24,0))))*POWER(10,LEN(TRUNC(B24,0)))+B24-B23,B24-B23-VALUE(LEFT(B24,LEN(TRUNC(B24,0))-LEN(TRUNC(B23,0))))*POWER(10,LEN(TRUNC(B23,0)))))) -> 0.1334 | D24: =IF(C24="","",C24*$D$15) -> 1600.8 | F24: 6238.9803 | G24: =IF(F24="","",IF(LEN(TRUNC(F23,0))-LEN(TRUNC(F24,0))=0,F24-F23,IF(LEN(TRUNC(F23,0))-LEN(TRUNC(F24,0))>0,VALUE(LEFT(F23,LEN(TRUNC(F23,0))-LEN(TRUNC(F24,0))))*POWER(10,LEN(TRUNC(F24,0)))+F24-F23,F24-F23-VALUE(LEFT(F24,LEN(TRUNC(F24,0))-LEN(TRUNC(F23,0))))*POWER(10,LEN(TRUNC(F23,0)))))) -> 0.0908 | H24: =IF(G24="","",G24*$H$15) -> 1089.6 | I24: =IF(H24="","",IF(D24="","",IF(AND(H24=0,D24=0),0,H24/D24))) -> 0.68065967 | J24: 6.416529
A25: 7-00 | B25: 9680.6093 | C25: =IF(B25="","",IF(LEN(TRUNC(B24,0))-LEN(TRUNC(B25,0))=0,B25-B24,IF(LEN(TRUNC(B24,0))-LEN(TRUNC(B25,0))>0,VALUE(LEFT(B24,LEN(TRUNC(B24,0))-LEN(TRUNC(B25,0))))*POWER(10,LEN(TRUNC(B25,0)))+B25-B24,B25-B24-VALUE(LEFT(B25,LEN(TRUNC(B25,0))-LEN(TRUNC(B24,0))))*POWER(10,LEN(TRUNC(B24,0)))))) -> 0.138 | D25: =IF(C25="","",C25*$D$15) -> 1656 | F25: 6239.0697 | G25: =IF(F25="","",IF(LEN(TRUNC(F24,0))-LEN(TRUNC(F25,0))=0,F25-F24,IF(LEN(TRUNC(F24,0))-LEN(TRUNC(F25,0))>0,VALUE(LEFT(F24,LEN(TRUNC(F24,0))-LEN(TRUNC(F25,0))))*POWER(10,LEN(TRUNC(F25,0)))+F25-F24,F25-F24-VALUE(LEFT(F25,LEN(TRUNC(F25,0))-LEN(TRUNC(F24,0))))*POWER(10,LEN(TRUNC(F24,0)))))) -> 0.0894 | H25: =IF(G25="","",G25*$H$15) -> 1072.8 | I25: =IF(H25="","",IF(D25="","",IF(AND(H25=0,D25=0),0,H25/D25))) -> 0.64782609 | J25: 6.384053
A26: 8-00 | B26: 9680.7573 | C26: =IF(B26="","",IF(LEN(TRUNC(B25,0))-LEN(TRUNC(B26,0))=0,B26-B25,IF(LEN(TRUNC(B25,0))-LEN(TRUNC(B26,0))>0,VALUE(LEFT(B25,LEN(TRUNC(B25,0))-LEN(TRUNC(B26,0))))*POWER(10,LEN(TRUNC(B26,0)))+B26-B25,B26-B25-VALUE(LEFT(B26,LEN(TRUNC(B26,0))-LEN(TRUNC(B25,0))))*POWER(10,LEN(TRUNC(B25,0)))))) -> 0.148 | D26: =IF(C26="","",C26*$D$15) -> 1776 | F26: 6239.1608 | G26: =IF(F26="","",IF(LEN(TRUNC(F25,0))-LEN(TRUNC(F26,0))=0,F26-F25,IF(LEN(TRUNC(F25,0))-LEN(TRUNC(F26,0))>0,VALUE(LEFT(F25,LEN(TRUNC(F25,0))-LEN(TRUNC(F26,0))))*POWER(10,LEN(TRUNC(F26,0)))+F26-F25,F26-F25-VALUE(LEFT(F26,LEN(TRUNC(F26,0))-LEN(TRUNC(F25,0))))*POWER(10,LEN(TRUNC(F25,0)))))) -> 0.0911 | H26: =IF(G26="","",G26*$H$15) -> 1093.2 | I26: =IF(H26="","",IF(D26="","",IF(AND(H26=0,D26=0),0,H26/D26))) -> 0.61554054 | J26: 6.217087
A27: 9-00 | B27: 9680.9106 | C27: =IF(B27="","",IF(LEN(TRUNC(B26,0))-LEN(TRUNC(B27,0))=0,B27-B26,IF(LEN(TRUNC(B26,0))-LEN(TRUNC(B27,0))>0,VALUE(LEFT(B26,LEN(TRUNC(B26,0))-LEN(TRUNC(B27,0))))*POWER(10,LEN(TRUNC(B27,0)))+B27-B26,B27-B26-VALUE(LEFT(B27,LEN(TRUNC(B27,0))-LEN(TRUNC(B26,0))))*POWER(10,LEN(TRUNC(B26,0)))))) -> 0.1533 | D27: =IF(C27="","",C27*$D$15) -> 1839.6 | F27: 6239.2528 | G27: =IF(F27="","",IF(LEN(TRUNC(F26,0))-LEN(TRUNC(F27,0))=0,F27-F26,IF(LEN(TRUNC(F26,0))-LEN(TRUNC(F27,0))>0,VALUE(LEFT(F26,LEN(TRUNC(F26,0))-LEN(TRUNC(F27,0))))*POWER(10,LEN(TRUNC(F27,0)))+F27-F26,F27-F26-VALUE(LEFT(F27,LEN(TRUNC(F27,0))-LEN(TRUNC(F26,0))))*POWER(10,LEN(TRUNC(F26,0)))))) -> 0.092 | H27: =IF(G27="","",G27*$H$15) -> 1104 | I27: =IF(H27="","",IF(D27="","",IF(AND(H27=0,D27=0),0,H27/D27))) -> 0.60013046 | J27: 6.093546
A28: 10-00 | B28: 9681.0738 | C28: =IF(B28="","",IF(LEN(TRUNC(B27,0))-LEN(TRUNC(B28,0))=0,B28-B27,IF(LEN(TRUNC(B27,0))-LEN(TRUNC(B28,0))>0,VALUE(LEFT(B27,LEN(TRUNC(B27,0))-LEN(TRUNC(B28,0))))*POWER(10,LEN(TRUNC(B28,0)))+B28-B27,B28-B27-VALUE(LEFT(B28,LEN(TRUNC(B28,0))-LEN(TRUNC(B27,0))))*POWER(10,LEN(TRUNC(B27,0)))))) -> 0.1632 | D28: =IF(C28="","",C28*$D$15) -> 1958.4 | F28: 6239.3502 | G28: =IF(F28="","",IF(LEN(TRUNC(F27,0))-LEN(TRUNC(F28,0))=0,F28-F27,IF(LEN(TRUNC(F27,0))-LEN(TRUNC(F28,0))>0,VALUE(LEFT(F27,LEN(TRUNC(F27,0))-LEN(TRUNC(F28,0))))*POWER(10,LEN(TRUNC(F28,0)))+F28-F27,F28-F27-VALUE(LEFT(F28,LEN(TRUNC(F28,0))-LEN(TRUNC(F27,0))))*POWER(10,LEN(TRUNC(F27,0)))))) -> 0.0974 | H28: =IF(G28="","",G28*$H$15) -> 1168.8 | I28: =IF(H28="","",IF(D28="","",IF(AND(H28=0,D28=0),0,H28/D28))) -> 0.59681373 | J28: 6.145785
A29: 11-00 | B29: 9681.2252 | C29: =IF(B29="","",IF(LEN(TRUNC(B28,0))-LEN(TRUNC(B29,0))=0,B29-B28,IF(LEN(TRUNC(B28,0))-LEN(TRUNC(B29,0))>0,VALUE(LEFT(B28,LEN(TRUNC(B28,0))-LEN(TRUNC(B29,0))))*POWER(10,LEN(TRUNC(B29,0)))+B29-B28,B29-B28-VALUE(LEFT(B29,LEN(TRUNC(B29,0))-LEN(TRUNC(B28,0))))*POWER(10,LEN(TRUNC(B28,0)))))) -> 0.1514 | D29: =IF(C29="","",C29*$D$15) -> 1816.8 | F29: 6239.4436 | G29: =IF(F29="","",IF(LEN(TRUNC(F28,0))-LEN(TRUNC(F29,0))=0,F29-F28,IF(LEN(TRUNC(F28,0))-LEN(TRUNC(F29,0))>0,VALUE(LEFT(F28,LEN(TRUNC(F28,0))-LEN(TRUNC(F29,0))))*POWER(10,LEN(TRUNC(F29,0)))+F29-F28,F29-F28-VALUE(LEFT(F29,LEN(TRUNC(F29,0))-LEN(TRUNC(F28,0))))*POWER(10,LEN(TRUNC(F28,0)))))) -> 0.0934 | H29: =IF(G29="","",G29*$H$15) -> 1120.8 | I29: =IF(H29="","",IF(D29="","",IF(AND(H29=0,D29=0),0,H29/D29))) -> 0.61690885 | J29: 6.10347 | M29: Указать отдельно рабочие и запломбированные трансформаторы и высоковольтные электродвигатели
A30: 12-00 | B30: 9681.3742 | C30: =IF(B30="","",IF(LEN(TRUNC(B29,0))-LEN(TRUNC(B30,0))=0,B30-B29,IF(LEN(TRUNC(B29,0))-LEN(TRUNC(B30,0))>0,VALUE(LEFT(B29,LEN(TRUNC(B29,0))-LEN(TRUNC(B30,0))))*POWER(10,LEN(TRUNC(B30,0)))+B30-B29,B30-B29-VALUE(LEFT(B30,LEN(TRUNC(B30,0))-LEN(TRUNC(B29,0))))*POWER(10,LEN(TRUNC(B29,0)))))) -> 0.149 | D30: =IF(C30="","",C30*$D$15) -> 1788 | F30: 6239.5365 | G30: =IF(F30="","",IF(LEN(TRUNC(F29,0))-LEN(TRUNC(F30,0))=0,F30-F29,IF(LEN(TRUNC(F29,0))-LEN(TRUNC(F30,0))>0,VALUE(LEFT(F29,LEN(TRUNC(F29,0))-LEN(TRUNC(F30,0))))*POWER(10,LEN(TRUNC(F30,0)))+F30-F29,F30-F29-VALUE(LEFT(F30,LEN(TRUNC(F30,0))-LEN(TRUNC(F29,0))))*POWER(10,LEN(TRUNC(F29,0)))))) -> 0.0929 | H30: =IF(G30="","",G30*$H$15) -> 1114.8 | I30: =IF(H30="","",IF(D30="","",IF(AND(H30=0,D30=0),0,H30/D30))) -> 0.62348993 | J30: 6.33539 | M30: II. Статконденсаторы всех напряжений
A31: 13-00 | B31: 9681.5197 | C31: =IF(B31="","",IF(LEN(TRUNC(B30,0))-LEN(TRUNC(B31,0))=0,B31-B30,IF(LEN(TRUNC(B30,0))-LEN(TRUNC(B31,0))>0,VALUE(LEFT(B30,LEN(TRUNC(B30,0))-LEN(TRUNC(B31,0))))*POWER(10,LEN(TRUNC(B31,0)))+B31-B30,B31-B30-VALUE(LEFT(B31,LEN(TRUNC(B31,0))-LEN(TRUNC(B30,0))))*POWER(10,LEN(TRUNC(B30,0)))))) -> 0.1455 | D31: =IF(C31="","",C31*$D$15) -> 1746 | F31: 6239.6279 | G31: =IF(F31="","",IF(LEN(TRUNC(F30,0))-LEN(TRUNC(F31,0))=0,F31-F30,IF(LEN(TRUNC(F30,0))-LEN(TRUNC(F31,0))>0,VALUE(LEFT(F30,LEN(TRUNC(F30,0))-LEN(TRUNC(F31,0))))*POWER(10,LEN(TRUNC(F31,0)))+F31-F30,F31-F30-VALUE(LEFT(F31,LEN(TRUNC(F31,0))-LEN(TRUNC(F30,0))))*POWER(10,LEN(TRUNC(F30,0)))))) -> 0.0914 | H31: =IF(G31="","",G31*$H$15) -> 1096.8 | I31: =IF(H31="","",IF(D31="","",IF(AND(H31=0,D31=0),0,H31/D31))) -> 0.62817869 | J31: 6.363932 | M31: №№ | N31: Место | P31: Номинальное | R31: Номинальная | T31: В т.ч. с | V31: Время включения | Y31: Примечание
A32: 14-00 | B32: 9681.6672 | C32: =IF(B32="","",IF(LEN(TRUNC(B31,0))-LEN(TRUNC(B32,0))=0,B32-B31,IF(LEN(TRUNC(B31,0))-LEN(TRUNC(B32,0))>0,VALUE(LEFT(B31,LEN(TRUNC(B31,0))-LEN(TRUNC(B32,0))))*POWER(10,LEN(TRUNC(B32,0)))+B32-B31,B32-B31-VALUE(LEFT(B32,LEN(TRUNC(B32,0))-LEN(TRUNC(B31,0))))*POWER(10,LEN(TRUNC(B31,0)))))) -> 0.1475 | D32: =IF(C32="","",C32*$D$15) -> 1770 | F32: 6239.7213 | G32: =IF(F32="","",IF(LEN(TRUNC(F31,0))-LEN(TRUNC(F32,0))=0,F32-F31,IF(LEN(TRUNC(F31,0))-LEN(TRUNC(F32,0))>0,VALUE(LEFT(F31,LEN(TRUNC(F31,0))-LEN(TRUNC(F32,0))))*POWER(10,LEN(TRUNC(F32,0)))+F32-F31,F32-F31-VALUE(LEFT(F32,LEN(TRUNC(F32,0))-LEN(TRUNC(F31,0))))*POWER(10,LEN(TRUNC(F31,0)))))) -> 0.0934 | H32: =IF(G32="","",G32*$H$15) -> 1120.8 | I32: =IF(H32="","",IF(D32="","",IF(AND(H32=0,D32=0),0,H32/D32))) -> 0.63322034 | J32: 6.332851 | P32: напряжение | R32: мощность | T32: авторегулир. | V32: и отключения
A33: 15-00 | B33: 9681.8098 | C33: =IF(B33="","",IF(LEN(TRUNC(B32,0))-LEN(TRUNC(B33,0))=0,B33-B32,IF(LEN(TRUNC(B32,0))-LEN(TRUNC(B33,0))>0,VALUE(LEFT(B32,LEN(TRUNC(B32,0))-LEN(TRUNC(B33,0))))*POWER(10,LEN(TRUNC(B33,0)))+B33-B32,B33-B32-VALUE(LEFT(B33,LEN(TRUNC(B33,0))-LEN(TRUNC(B32,0))))*POWER(10,LEN(TRUNC(B32,0)))))) -> 0.1426 | D33: =IF(C33="","",C33*$D$15) -> 1711.2 | F33: 6239.8149 | G33: =IF(F33="","",IF(LEN(TRUNC(F32,0))-LEN(TRUNC(F33,0))=0,F33-F32,IF(LEN(TRUNC(F32,0))-LEN(TRUNC(F33,0))>0,VALUE(LEFT(F32,LEN(TRUNC(F32,0))-LEN(TRUNC(F33,0))))*POWER(10,LEN(TRUNC(F33,0)))+F33-F32,F33-F32-VALUE(LEFT(F33,LEN(TRUNC(F33,0))-LEN(TRUNC(F32,0))))*POWER(10,LEN(TRUNC(F32,0)))))) -> 0.0936 | H33: =IF(G33="","",G33*$H$15) -> 1123.2 | I33: =IF(H33="","",IF(D33="","",IF(AND(H33=0,D33=0),0,H33/D33))) -> 0.65638149 | J33: 6.327693 | M33: п/п | N33: установки | P33: кВ | R33: кВар | T33: кВар | V33: установки за сутки
A34: 16-00 | B34: 9681.9538 | C34: =IF(B34="","",IF(LEN(TRUNC(B33,0))-LEN(TRUNC(B34,0))=0,B34-B33,IF(LEN(TRUNC(B33,0))-LEN(TRUNC(B34,0))>0,VALUE(LEFT(B33,LEN(TRUNC(B33,0))-LEN(TRUNC(B34,0))))*POWER(10,LEN(TRUNC(B34,0)))+B34-B33,B34-B33-VALUE(LEFT(B34,LEN(TRUNC(B34,0))-LEN(TRUNC(B33,0))))*POWER(10,LEN(TRUNC(B33,0)))))) -> 0.144 | D34: =IF(C34="","",C34*$D$15) -> 1728 | F34: 6239.9091 | G34: =IF(F34="","",IF(LEN(TRUNC(F33,0))-LEN(TRUNC(F34,0))=0,F34-F33,IF(LEN(TRUNC(F33,0))-LEN(TRUNC(F34,0))>0,VALUE(LEFT(F33,LEN(TRUNC(F33,0))-LEN(TRUNC(F34,0))))*POWER(10,LEN(TRUNC(F34,0)))+F34-F33,F34-F33-VALUE(LEFT(F34,LEN(TRUNC(F34,0))-LEN(TRUNC(F33,0))))*POWER(10,LEN(TRUNC(F33,0)))))) -> 0.0942 | H34: =IF(G34="","",G34*$H$15) -> 1130.4 | I34: =IF(H34="","",IF(D34="","",IF(AND(H34=0,D34=0),0,H34/D34))) -> 0.65416667 | J34: 6.341585
A35: 17-00 | B35: 9682.0978 | C35: =IF(B35="","",IF(LEN(TRUNC(B34,0))-LEN(TRUNC(B35,0))=0,B35-B34,IF(LEN(TRUNC(B34,0))-LEN(TRUNC(B35,0))>0,VALUE(LEFT(B34,LEN(TRUNC(B34,0))-LEN(TRUNC(B35,0))))*POWER(10,LEN(TRUNC(B35,0)))+B35-B34,B35-B34-VALUE(LEFT(B35,LEN(TRUNC(B35,0))-LEN(TRUNC(B34,0))))*POWER(10,LEN(TRUNC(B34,0)))))) -> 0.144 | D35: =IF(C35="","",C35*$D$15) -> 1728 | F35: 6239.9978 | G35: =IF(F35="","",IF(LEN(TRUNC(F34,0))-LEN(TRUNC(F35,0))=0,F35-F34,IF(LEN(TRUNC(F34,0))-LEN(TRUNC(F35,0))>0,VALUE(LEFT(F34,LEN(TRUNC(F34,0))-LEN(TRUNC(F35,0))))*POWER(10,LEN(TRUNC(F35,0)))+F35-F34,F35-F34-VALUE(LEFT(F35,LEN(TRUNC(F35,0))-LEN(TRUNC(F34,0))))*POWER(10,LEN(TRUNC(F34,0)))))) -> 0.0887 | H35: =IF(G35="","",G35*$H$15) -> 1064.4 | I35: =IF(H35="","",IF(D35="","",IF(AND(H35=0,D35=0),0,H35/D35))) -> 0.61597222 | J35: 6.331864
A36: 18-00 | B36: 9682.245 | C36: =IF(B36="","",IF(LEN(TRUNC(B35,0))-LEN(TRUNC(B36,0))=0,B36-B35,IF(LEN(TRUNC(B35,0))-LEN(TRUNC(B36,0))>0,VALUE(LEFT(B35,LEN(TRUNC(B35,0))-LEN(TRUNC(B36,0))))*POWER(10,LEN(TRUNC(B36,0)))+B36-B35,B36-B35-VALUE(LEFT(B36,LEN(TRUNC(B36,0))-LEN(TRUNC(B35,0))))*POWER(10,LEN(TRUNC(B35,0)))))) -> 0.1472 | D36: =IF(C36="","",C36*$D$15) -> 1766.4 | F36: 6240.0847 | G36: =IF(F36="","",IF(LEN(TRUNC(F35,0))-LEN(TRUNC(F36,0))=0,F36-F35,IF(LEN(TRUNC(F35,0))-LEN(TRUNC(F36,0))>0,VALUE(LEFT(F35,LEN(TRUNC(F35,0))-LEN(TRUNC(F36,0))))*POWER(10,LEN(TRUNC(F36,0)))+F36-F35,F36-F35-VALUE(LEFT(F36,LEN(TRUNC(F36,0))-LEN(TRUNC(F35,0))))*POWER(10,LEN(TRUNC(F35,0)))))) -> 0.0869 | H36: =IF(G36="","",G36*$H$15) -> 1042.8 | I36: =IF(H36="","",IF(D36="","",IF(AND(H36=0,D36=0),0,H36/D36))) -> 0.59035326 | J36: 6.240767
A37: 19-00 | B37: 9682.3977 | C37: =IF(B37="","",IF(LEN(TRUNC(B36,0))-LEN(TRUNC(B37,0))=0,B37-B36,IF(LEN(TRUNC(B36,0))-LEN(TRUNC(B37,0))>0,VALUE(LEFT(B36,LEN(TRUNC(B36,0))-LEN(TRUNC(B37,0))))*POWER(10,LEN(TRUNC(B37,0)))+B37-B36,B37-B36-VALUE(LEFT(B37,LEN(TRUNC(B37,0))-LEN(TRUNC(B36,0))))*POWER(10,LEN(TRUNC(B36,0)))))) -> 0.1527 | D37: =IF(C37="","",C37*$D$15) -> 1832.4 | F37: 6240.1698 | G37: =IF(F37="","",IF(LEN(TRUNC(F36,0))-LEN(TRUNC(F37,0))=0,F37-F36,IF(LEN(TRUNC(F36,0))-LEN(TRUNC(F37,0))>0,VALUE(LEFT(F36,LEN(TRUNC(F36,0))-LEN(TRUNC(F37,0))))*POWER(10,LEN(TRUNC(F37,0)))+F37-F36,F37-F36-VALUE(LEFT(F37,LEN(TRUNC(F37,0))-LEN(TRUNC(F36,0))))*POWER(10,LEN(TRUNC(F36,0)))))) -> 0.0851 | H37: =IF(G37="","",G37*$H$15) -> 1021.2 | I37: =IF(H37="","",IF(D37="","",IF(AND(H37=0,D37=0),0,H37/D37))) -> 0.5573019 | J37: 6.265226
A38: 20-00 | B38: 9682.557 | C38: =IF(B38="","",IF(LEN(TRUNC(B37,0))-LEN(TRUNC(B38,0))=0,B38-B37,IF(LEN(TRUNC(B37,0))-LEN(TRUNC(B38,0))>0,VALUE(LEFT(B37,LEN(TRUNC(B37,0))-LEN(TRUNC(B38,0))))*POWER(10,LEN(TRUNC(B38,0)))+B38-B37,B38-B37-VALUE(LEFT(B38,LEN(TRUNC(B38,0))-LEN(TRUNC(B37,0))))*POWER(10,LEN(TRUNC(B37,0)))))) -> 0.1593 | D38: =IF(C38="","",C38*$D$15) -> 1911.6 | F38: 6240.257 | G38: =IF(F38="","",IF(LEN(TRUNC(F37,0))-LEN(TRUNC(F38,0))=0,F38-F37,IF(LEN(TRUNC(F37,0))-LEN(TRUNC(F38,0))>0,VALUE(LEFT(F37,LEN(TRUNC(F37,0))-LEN(TRUNC(F38,0))))*POWER(10,LEN(TRUNC(F38,0)))+F38-F37,F38-F37-VALUE(LEFT(F38,LEN(TRUNC(F38,0))-LEN(TRUNC(F37,0))))*POWER(10,LEN(TRUNC(F37,0)))))) -> 0.0872 | H38: =IF(G38="","",G38*$H$15) -> 1046.4 | I38: =IF(H38="","",IF(D38="","",IF(AND(H38=0,D38=0),0,H38/D38))) -> 0.54739485 | J38: 6.182233
A39: 21-00 | B39: 9682.7124 | C39: =IF(B39="","",IF(LEN(TRUNC(B38,0))-LEN(TRUNC(B39,0))=0,B39-B38,IF(LEN(TRUNC(B38,0))-LEN(TRUNC(B39,0))>0,VALUE(LEFT(B38,LEN(TRUNC(B38,0))-LEN(TRUNC(B39,0))))*POWER(10,LEN(TRUNC(B39,0)))+B39-B38,B39-B38-VALUE(LEFT(B39,LEN(TRUNC(B39,0))-LEN(TRUNC(B38,0))))*POWER(10,LEN(TRUNC(B38,0)))))) -> 0.1554 | D39: =IF(C39="","",C39*$D$15) -> 1864.8 | F39: 6240.3435 | G39: =IF(F39="","",IF(LEN(TRUNC(F38,0))-LEN(TRUNC(F39,0))=0,F39-F38,IF(LEN(TRUNC(F38,0))-LEN(TRUNC(F39,0))>0,VALUE(LEFT(F38,LEN(TRUNC(F38,0))-LEN(TRUNC(F39,0))))*POWER(10,LEN(TRUNC(F39,0)))+F39-F38,F39-F38-VALUE(LEFT(F39,LEN(TRUNC(F39,0))-LEN(TRUNC(F38,0))))*POWER(10,LEN(TRUNC(F38,0)))))) -> 0.0865 | H39: =IF(G39="","",G39*$H$15) -> 1038 | I39: =IF(H39="","",IF(D39="","",IF(AND(H39=0,D39=0),0,H39/D39))) -> 0.55662806 | J39: 6.234414
A40: 22-00 | B40: 9682.8644 | C40: =IF(B40="","",IF(LEN(TRUNC(B39,0))-LEN(TRUNC(B40,0))=0,B40-B39,IF(LEN(TRUNC(B39,0))-LEN(TRUNC(B40,0))>0,VALUE(LEFT(B39,LEN(TRUNC(B39,0))-LEN(TRUNC(B40,0))))*POWER(10,LEN(TRUNC(B40,0)))+B40-B39,B40-B39-VALUE(LEFT(B40,LEN(TRUNC(B40,0))-LEN(TRUNC(B39,0))))*POWER(10,LEN(TRUNC(B39,0)))))) -> 0.152 | D40: =IF(C40="","",C40*$D$15) -> 1824 | F40: 6240.4308 | G40: =IF(F40="","",IF(LEN(TRUNC(F39,0))-LEN(TRUNC(F40,0))=0,F40-F39,IF(LEN(TRUNC(F39,0))-LEN(TRUNC(F40,0))>0,VALUE(LEFT(F39,LEN(TRUNC(F39,0))-LEN(TRUNC(F40,0))))*POWER(10,LEN(TRUNC(F40,0)))+F40-F39,F40-F39-VALUE(LEFT(F40,LEN(TRUNC(F40,0))-LEN(TRUNC(F39,0))))*POWER(10,LEN(TRUNC(F39,0)))))) -> 0.0873 | H40: =IF(G40="","",G40*$H$15) -> 1047.6 | I40: =IF(H40="","",IF(D40="","",IF(AND(H40=0,D40=0),0,H40/D40))) -> 0.57434211 | J40: 6.153194 | M40: III. Синхронные электродвигатели напряжением до 1000 В
A41: 23-00 | B41: 9683.0114 | C41: =IF(B41="","",IF(LEN(TRUNC(B40,0))-LEN(TRUNC(B41,0))=0,B41-B40,IF(LEN(TRUNC(B40,0))-LEN(TRUNC(B41,0))>0,VALUE(LEFT(B40,LEN(TRUNC(B40,0))-LEN(TRUNC(B41,0))))*POWER(10,LEN(TRUNC(B41,0)))+B41-B40,B41-B40-VALUE(LEFT(B41,LEN(TRUNC(B41,0))-LEN(TRUNC(B40,0))))*POWER(10,LEN(TRUNC(B40,0)))))) -> 0.147 | D41: =IF(C41="","",C41*$D$15) -> 1764 | F41: 6240.5193 | G41: =IF(F41="","",IF(LEN(TRUNC(F40,0))-LEN(TRUNC(F41,0))=0,F41-F40,IF(LEN(TRUNC(F40,0))-LEN(TRUNC(F41,0))>0,VALUE(LEFT(F40,LEN(TRUNC(F40,0))-LEN(TRUNC(F41,0))))*POWER(10,LEN(TRUNC(F41,0)))+F41-F40,F41-F40-VALUE(LEFT(F41,LEN(TRUNC(F41,0))-LEN(TRUNC(F40,0))))*POWER(10,LEN(TRUNC(F40,0)))))) -> 0.0885 | H41: =IF(G41="","",G41*$H$15) -> 1062 | I41: =IF(H41="","",IF(D41="","",IF(AND(H41=0,D41=0),0,H41/D41))) -> 0.60204082 | J41: 6.372995 | M41: №№ | N41: Место | P41: Номинальная | S41: № п-п | T41: Место установки | X41: Номинальная
A42: 24-00 | B42: 9683.146 | C42: =IF(B42="","",IF(LEN(TRUNC(B41,0))-LEN(TRUNC(B42,0))=0,B42-B41,IF(LEN(TRUNC(B41,0))-LEN(TRUNC(B42,0))>0,VALUE(LEFT(B41,LEN(TRUNC(B41,0))-LEN(TRUNC(B42,0))))*POWER(10,LEN(TRUNC(B42,0)))+B42-B41,B42-B41-VALUE(LEFT(B42,LEN(TRUNC(B42,0))-LEN(TRUNC(B41,0))))*POWER(10,LEN(TRUNC(B41,0)))))) -> 0.1346 | D42: =IF(C42="","",C42*$D$15) -> 1615.2 | F42: 6240.6062 | G42: =IF(F42="","",IF(LEN(TRUNC(F41,0))-LEN(TRUNC(F42,0))=0,F42-F41,IF(LEN(TRUNC(F41,0))-LEN(TRUNC(F42,0))>0,VALUE(LEFT(F41,LEN(TRUNC(F41,0))-LEN(TRUNC(F42,0))))*POWER(10,LEN(TRUNC(F42,0)))+F42-F41,F42-F41-VALUE(LEFT(F42,LEN(TRUNC(F42,0))-LEN(TRUNC(F41,0))))*POWER(10,LEN(TRUNC(F41,0)))))) -> 0.0869 | H42: =IF(G42="","",G42*$H$15) -> 1042.8 | I42: =IF(H42="","",IF(D42="","",IF(AND(H42=0,D42=0),0,H42/D42))) -> 0.64561664 | J42: 6.386526
A43: Суточн. расход эл. энергии | D43: =SUM(D18:D42) -> 41293.2 | H43: =SUM(H18:H42) -> 25837.2 | I43: =IF(AND(H43=0,D43=0),0,H43/D43) -> 0.62570108 | M43: п/п | N43: установки | P43: мощность кВт | X43: мощность кВт
A44: Контрольная сумма
A46: Запись показаний счетчиков производили: | G46: Расчеты произвел:
A47: 1. | D47: ___________________
A48: фамилия | D48: (подпись)
A49: 2. | D49: ___________________ | H49: Каргина Т.В. | K49: _______________ | N49: Главный энергетик | Q49: _________________________ И.Н. Чернышов
A50: фамилия | D50: (подпись) | H50: фамилия | K50: (подпись) | S50: (подпись)
A51: 3. | D51: ___________________
A52: фамилия | D52: (подпись)

Sheet Ячейка 10Эн
A1: ОАО "Пластик" | G1: Шифр | M1: I. Сведения о присоединенных трансформаторах и высоковольтных электродвигателях
A2: (наименование предприятия) | M2: 1. Трансформаторы
A3: г. Узловая, Тульская, 1 | G3: Питающий центр | I3: П/ст №214 (ГПП-2) | M3: №№ | N3: Место установки | P3: Мощность | R3: Номинальн. | T3: Включен. | V3: Назначение | X3: Примечание
A4: (адрес) | R4: напряжение | T4: на ответвление | V4: тр-ра
G5: № фидера | I5: яч 10 Воейково-3 | M5: п/п | P5: ква | R5: ________ кВ | T5: ________ кВ | V5: силов. освет.
A6: (министерство, ведомство) | V6: печной
A8: ПРОТОКОЛ (первичный)
A9: записей показания электросчетчиков и вольтметров, а также определение
A10: нагрузок и тангенса "фи" за | E10: 20 декабря | H10: 2017года
A11: напряжения | E11: ______6000______________ | I11: вольт
A13: Время записи часы | B13: Активн. сч-к тип | D13: СЭТ-4ТМ.03 | F13: Реактивн. сч-к тип | H13: СЭТ-4ТМ.03 | I13: Тангенс "фи" | J13: Показание | L13: Мощность
B14: ____________л__ | D14: № 0103061226 | F14: ____________л__ | H14: № 0103061226 | J14: вольтметр. | L14: включен.
B15: Расчетн. коэф | D15: 7200 | F15: Расчетн. коэф | H15: 7200 | J15: на стороне | L15: компенсир.
B16: показ. | C16: разность | D16: расход за | F16: показ. | G16: разность | H16: расход за | J16: в\н | K16: н\н | L16: устройств
B17: сч-ка | C17: показ. | D17: час (кВт) | F17: сч-ка | G17: показ. | H17: час (кВт) | L17: кВар | M17: 2. Высоковольтные электродвигатели
A18: 0-00 | B18: 11479.666 | F18: 6383.1792 | M18: №№ | N18: Место | Q18: Тип | T18: Номинальная | W18: Примечание
A19: 1-00 | B19: 11479.742 | C19: =B19-B18 -> 0.0766 | D19: =IF(C19="","",C19*$D$15) -> 551.52 | F19: 6383.2348 | G19: =F19-ReportObject13_3 -> 0.0556 | H19: =IF(G19="","",G19*$H$15) -> 400.32 | I19: =IF(H19="","",IF(D19="","",IF(AND(H19=0,D19=0),0,H19/D19))) -> 0.72584856 | J19: 6.324968 | Q19: (синхронный,
A20: 2-00 | B20: 11479.808 | C20: =IF(B20="","",IF(LEN(TRUNC(B19,0))-LEN(TRUNC(B20,0))=0,B20-B19,IF(LEN(TRUNC(B19,0))-LEN(TRUNC(B20,0))>0,VALUE(LEFT(B19,LEN(TRUNC(B19,0))-LEN(TRUNC(B20,0))))*POWER(10,LEN(TRUNC(B20,0)))+B20-B19,B20-B19-VALUE(LEFT(B20,LEN(TRUNC(B20,0))-LEN(TRUNC(B19,0))))*POWER(10,LEN(TRUNC(B19,0)))))) -> 0.0655 | D20: =IF(C20="","",C20*$D$15) -> 471.6 | F20: 6383.2859 | G20: =F20-F19 -> 0.0511 | H20: =IF(G20="","",G20*$H$15) -> 367.92 | I20: =IF(H20="","",IF(D20="","",IF(AND(H20=0,D20=0),0,H20/D20))) -> 0.78015267 | J20: 6.32256 | M20: п/п | N20: установки | Q20: асинхронный) | T20: мощность кВт
A21: 3-00 | B21: 11479.87 | C21: =IF(B21="","",IF(LEN(TRUNC(B20,0))-LEN(TRUNC(B21,0))=0,B21-B20,IF(LEN(TRUNC(B20,0))-LEN(TRUNC(B21,0))>0,VALUE(LEFT(B20,LEN(TRUNC(B20,0))-LEN(TRUNC(B21,0))))*POWER(10,LEN(TRUNC(B21,0)))+B21-B20,B21-B20-VALUE(LEFT(B21,LEN(TRUNC(B21,0))-LEN(TRUNC(B20,0))))*POWER(10,LEN(TRUNC(B20,0)))))) -> 0.0622 | D21: =IF(C21="","",C21*$D$15) -> 447.84 | F21: 6383.3354 | G21: =F21-F20 -> 0.0495 | H21: =IF(G21="","",G21*$H$15) -> 356.4 | I21: =IF(H21="","",IF(D21="","",IF(AND(H21=0,D21=0),0,H21/D21))) -> 0.79581994 | J21: 6.299578
A22: 4-00 | B22: 11479.952 | C22: =IF(B22="","",IF(LEN(TRUNC(B21,0))-LEN(TRUNC(B22,0))=0,B22-B21,IF(LEN(TRUNC(B21,0))-LEN(TRUNC(B22,0))>0,VALUE(LEFT(B21,LEN(TRUNC(B21,0))-LEN(TRUNC(B22,0))))*POWER(10,LEN(TRUNC(B22,0)))+B22-B21,B22-B21-VALUE(LEFT(B22,LEN(TRUNC(B22,0))-LEN(TRUNC(B21,0))))*POWER(10,LEN(TRUNC(B21,0)))))) -> 0.0819 | D22: =IF(C22="","",C22*$D$15) -> 589.68 | F22: 6383.3962 | G22: =F22-F21 -> 0.0608 | H22: =IF(G22="","",G22*$H$15) -> 437.76 | I22: =IF(H22="","",IF(D22="","",IF(AND(H22=0,D22=0),0,H22/D22))) -> 0.74236874 | J22: 6.339313
A23: 5-00 | B23: 11480.031 | C23: =IF(B23="","",IF(LEN(TRUNC(B22,0))-LEN(TRUNC(B23,0))=0,B23-B22,IF(LEN(TRUNC(B22,0))-LEN(TRUNC(B23,0))>0,VALUE(LEFT(B22,LEN(TRUNC(B22,0))-LEN(TRUNC(B23,0))))*POWER(10,LEN(TRUNC(B23,0)))+B23-B22,B23-B22-VALUE(LEFT(B23,LEN(TRUNC(B23,0))-LEN(TRUNC(B22,0))))*POWER(10,LEN(TRUNC(B22,0)))))) -> 0.079 | D23: =IF(C23="","",C23*$D$15) -> 568.8 | F23: 6383.4553 | G23: =F23-F22 -> 0.0591 | H23: =IF(G23="","",G23*$H$15) -> 425.52 | I23: =IF(H23="","",IF(D23="","",IF(AND(H23=0,D23=0),0,H23/D23))) -> 0.74810127 | J23: 6.138141
A24: 6-00 | B24: 11480.109 | C24: =IF(B24="","",IF(LEN(TRUNC(B23,0))-LEN(TRUNC(B24,0))=0,B24-B23,IF(LEN(TRUNC(B23,0))-LEN(TRUNC(B24,0))>0,VALUE(LEFT(B23,LEN(TRUNC(B23,0))-LEN(TRUNC(B24,0))))*POWER(10,LEN(TRUNC(B24,0)))+B24-B23,B24-B23-VALUE(LEFT(B24,LEN(TRUNC(B24,0))-LEN(TRUNC(B23,0))))*POWER(10,LEN(TRUNC(B23,0)))))) -> 0.0778 | D24: =IF(C24="","",C24*$D$15) -> 560.16 | F24: 6383.5117 | G24: =F24-F23 -> 0.0564 | H24: =IF(G24="","",G24*$H$15) -> 406.08 | I24: =IF(H24="","",IF(D24="","",IF(AND(H24=0,D24=0),0,H24/D24))) -> 0.72493573 | J24: 6.339747
A25: 7-00 | B25: 11480.188 | C25: =IF(B25="","",IF(LEN(TRUNC(B24,0))-LEN(TRUNC(B25,0))=0,B25-B24,IF(LEN(TRUNC(B24,0))-LEN(TRUNC(B25,0))>0,VALUE(LEFT(B24,LEN(TRUNC(B24,0))-LEN(TRUNC(B25,0))))*POWER(10,LEN(TRUNC(B25,0)))+B25-B24,B25-B24-VALUE(LEFT(B25,LEN(TRUNC(B25,0))-LEN(TRUNC(B24,0))))*POWER(10,LEN(TRUNC(B24,0)))))) -> 0.0795 | D25: =IF(C25="","",C25*$D$15) -> 572.4 | F25: 6383.5689 | G25: =F25-F24 -> 0.0572 | H25: =IF(G25="","",G25*$H$15) -> 411.84 | I25: =IF(H25="","",IF(D25="","",IF(AND(H25=0,D25=0),0,H25/D25))) -> 0.71949686 | J25: 6.307392
A26: 8-00 | B26: 11480.282 | C26: =IF(B26="","",IF(LEN(TRUNC(B25,0))-LEN(TRUNC(B26,0))=0,B26-B25,IF(LEN(TRUNC(B25,0))-LEN(TRUNC(B26,0))>0,VALUE(LEFT(B25,LEN(TRUNC(B25,0))-LEN(TRUNC(B26,0))))*POWER(10,LEN(TRUNC(B26,0)))+B26-B25,B26-B25-VALUE(LEFT(B26,LEN(TRUNC(B26,0))-LEN(TRUNC(B25,0))))*POWER(10,LEN(TRUNC(B25,0)))))) -> 0.0941 | D26: =IF(C26="","",C26*$D$15) -> 677.52 | F26: 6383.6315 | G26: =F26-F25 -> 0.0626 | H26: =IF(G26="","",G26*$H$15) -> 450.72 | I26: =IF(H26="","",IF(D26="","",IF(AND(H26=0,D26=0),0,H26/D26))) -> 0.66524973 | J26: 6.283824
A27: 9-00 | B27: 11480.404 | C27: =IF(B27="","",IF(LEN(TRUNC(B26,0))-LEN(TRUNC(B27,0))=0,B27-B26,IF(LEN(TRUNC(B26,0))-LEN(TRUNC(B27,0))>0,VALUE(LEFT(B26,LEN(TRUNC(B26,0))-LEN(TRUNC(B27,0))))*POWER(10,LEN(TRUNC(B27,0)))+B27-B26,B27-B26-VALUE(LEFT(B27,LEN(TRUNC(B27,0))-LEN(TRUNC(B26,0))))*POWER(10,LEN(TRUNC(B26,0)))))) -> 0.1221 | D27: =IF(C27="","",C27*$D$15) -> 879.12 | F27: 6383.7099 | G27: =F27-F26 -> 0.0784 | H27: =IF(G27="","",G27*$H$15) -> 564.48 | I27: =IF(H27="","",IF(D27="","",IF(AND(H27=0,D27=0),0,H27/D27))) -> 0.64209664 | J27: 6.003105
A28: 10-00 | B28: 11480.547 | C28: =IF(B28="","",IF(LEN(TRUNC(B27,0))-LEN(TRUNC(B28,0))=0,B28-B27,IF(LEN(TRUNC(B27,0))-LEN(TRUNC(B28,0))>0,VALUE(LEFT(B27,LEN(TRUNC(B27,0))-LEN(TRUNC(B28,0))))*POWER(10,LEN(TRUNC(B28,0)))+B28-B27,B28-B27-VALUE(LEFT(B28,LEN(TRUNC(B28,0))-LEN(TRUNC(B27,0))))*POWER(10,LEN(TRUNC(B27,0)))))) -> 0.143 | D28: =IF(C28="","",C28*$D$15) -> 1029.6 | F28: 6383.7995 | G28: =F28-F27 -> 0.0896 | H28: =IF(G28="","",G28*$H$15) -> 645.12 | I28: =IF(H28="","",IF(D28="","",IF(AND(H28=0,D28=0),0,H28/D28))) -> 0.62657343 | J28: 6.196014
A29: 11-00 | B29: 11480.68 | C29: =IF(B29="","",IF(LEN(TRUNC(B28,0))-LEN(TRUNC(B29,0))=0,B29-B28,IF(LEN(TRUNC(B28,0))-LEN(TRUNC(B29,0))>0,VALUE(LEFT(B28,LEN(TRUNC(B28,0))-LEN(TRUNC(B29,0))))*POWER(10,LEN(TRUNC(B29,0)))+B29-B28,B29-B28-VALUE(LEFT(B29,LEN(TRUNC(B29,0))-LEN(TRUNC(B28,0))))*POWER(10,LEN(TRUNC(B28,0)))))) -> 0.1326 | D29: =IF(C29="","",C29*$D$15) -> 954.72 | F29: 6383.884 | G29: =F29-F28 -> 0.0845 | H29: =IF(G29="","",G29*$H$15) -> 608.4 | I29: =IF(H29="","",IF(D29="","",IF(AND(H29=0,D29=0),0,H29/D29))) -> 0.6372549 | J29: 6.234672 | M29: Указать отдельно рабочие и запломбированные трансформаторы и высоковольтные электродвигатели
A30: 12-00 | B30: 11480.814 | C30: =IF(B30="","",IF(LEN(TRUNC(B29,0))-LEN(TRUNC(B30,0))=0,B30-B29,IF(LEN(TRUNC(B29,0))-LEN(TRUNC(B30,0))>0,VALUE(LEFT(B29,LEN(TRUNC(B29,0))-LEN(TRUNC(B30,0))))*POWER(10,LEN(TRUNC(B30,0)))+B30-B29,B30-B29-VALUE(LEFT(B30,LEN(TRUNC(B30,0))-LEN(TRUNC(B29,0))))*POWER(10,LEN(TRUNC(B29,0)))))) -> 0.1339 | D30: =IF(C30="","",C30*$D$15) -> 964.08 | F30: 6383.9702 | G30: =F30-F29 -> 0.0862 | H30: =IF(G30="","",G30*$H$15) -> 620.64 | I30: =IF(H30="","",IF(D30="","",IF(AND(H30=0,D30=0),0,H30/D30))) -> 0.643764 | J30: 6.258725 | M30: II. Статконденсаторы всех напряжений
A31: 13-00 | B31: 11480.944 | C31: =IF(B31="","",IF(LEN(TRUNC(B30,0))-LEN(TRUNC(B31,0))=0,B31-B30,IF(LEN(TRUNC(B30,0))-LEN(TRUNC(B31,0))>0,VALUE(LEFT(B30,LEN(TRUNC(B30,0))-LEN(TRUNC(B31,0))))*POWER(10,LEN(TRUNC(B31,0)))+B31-B30,B31-B30-VALUE(LEFT(B31,LEN(TRUNC(B31,0))-LEN(TRUNC(B30,0))))*POWER(10,LEN(TRUNC(B30,0)))))) -> 0.1301 | D31: =IF(C31="","",C31*$D$15) -> 936.72 | F31: 6384.0516 | G31: =F31-F30 -> 0.0814 | H31: =IF(G31="","",G31*$H$15) -> 586.08 | I31: =IF(H31="","",IF(D31="","",IF(AND(H31=0,D31=0),0,H31/D31))) -> 0.62567256 | J31: 6.290012 | M31: №№ | N31: Место | P31: Номинальное | R31: Номинальная | T31: В т.ч. с | V31: Время включения | Y31: Примечание
A32: 14-00 | B32: 11481.073 | C32: =IF(B32="","",IF(LEN(TRUNC(B31,0))-LEN(TRUNC(B32,0))=0,B32-B31,IF(LEN(TRUNC(B31,0))-LEN(TRUNC(B32,0))>0,VALUE(LEFT(B31,LEN(TRUNC(B31,0))-LEN(TRUNC(B32,0))))*POWER(10,LEN(TRUNC(B32,0)))+B32-B31,B32-B31-VALUE(LEFT(B32,LEN(TRUNC(B32,0))-LEN(TRUNC(B31,0))))*POWER(10,LEN(TRUNC(B31,0)))))) -> 0.1294 | D32: =IF(C32="","",C32*$D$15) -> 931.68 | F32: 6384.1359 | G32: =F32-F31 -> 0.0843 | H32: =IF(G32="","",G32*$H$15) -> 606.96 | I32: =IF(H32="","",IF(D32="","",IF(AND(H32=0,D32=0),0,H32/D32))) -> 0.65146832 | J32: 6.26401 | P32: напряжение | R32: мощность | T32: авторегулир. | V32: и отключения
A33: 15-00 | B33: 11481.195 | C33: =IF(B33="","",IF(LEN(TRUNC(B32,0))-LEN(TRUNC(B33,0))=0,B33-B32,IF(LEN(TRUNC(B32,0))-LEN(TRUNC(B33,0))>0,VALUE(LEFT(B32,LEN(TRUNC(B32,0))-LEN(TRUNC(B33,0))))*POWER(10,LEN(TRUNC(B33,0)))+B33-B32,B33-B32-VALUE(LEFT(B33,LEN(TRUNC(B33,0))-LEN(TRUNC(B32,0))))*POWER(10,LEN(TRUNC(B32,0)))))) -> 0.1217 | D33: =IF(C33="","",C33*$D$15) -> 876.24 | F33: 6384.2193 | G33: =F33-F32 -> 0.0834 | H33: =IF(G33="","",G33*$H$15) -> 600.48 | I33: =IF(H33="","",IF(D33="","",IF(AND(H33=0,D33=0),0,H33/D33))) -> 0.6852917 | J33: 6.256423 | M33: п/п | N33: установки | P33: кВ | R33: кВар | T33: кВар | V33: установки за сутки
A34: 16-00 | B34: 11481.319 | C34: =IF(B34="","",IF(LEN(TRUNC(B33,0))-LEN(TRUNC(B34,0))=0,B34-B33,IF(LEN(TRUNC(B33,0))-LEN(TRUNC(B34,0))>0,VALUE(LEFT(B33,LEN(TRUNC(B33,0))-LEN(TRUNC(B34,0))))*POWER(10,LEN(TRUNC(B34,0)))+B34-B33,B34-B33-VALUE(LEFT(B34,LEN(TRUNC(B34,0))-LEN(TRUNC(B33,0))))*POWER(10,LEN(TRUNC(B33,0)))))) -> 0.124 | D34: =IF(C34="","",C34*$D$15) -> 892.8 | F34: 6384.3052 | G34: =F34-F33 -> 0.0859 | H34: =IF(G34="","",G34*$H$15) -> 618.48 | I34: =IF(H34="","",IF(D34="","",IF(AND(H34=0,D34=0),0,H34/D34))) -> 0.69274194 | J34: 6.138141
A35: 17-00 | B35: 11481.424 | C35: =IF(B35="","",IF(LEN(TRUNC(B34,0))-LEN(TRUNC(B35,0))=0,B35-B34,IF(LEN(TRUNC(B34,0))-LEN(TRUNC(B35,0))>0,VALUE(LEFT(B34,LEN(TRUNC(B34,0))-LEN(TRUNC(B35,0))))*POWER(10,LEN(TRUNC(B35,0)))+B35-B34,B35-B34-VALUE(LEFT(B35,LEN(TRUNC(B35,0))-LEN(TRUNC(B34,0))))*POWER(10,LEN(TRUNC(B34,0)))))) -> 0.105 | D35: =IF(C35="","",C35*$D$15) -> 756 | F35: 6384.3756 | G35: =F35-F34 -> 0.0704 | H35: =IF(G35="","",G35*$H$15) -> 506.88 | I35: =IF(H35="","",IF(D35="","",IF(AND(H35=0,D35=0),0,H35/D35))) -> 0.67047619 | J35: 5.795416
A36: 18-00 | B36: 11481.527 | C36: =IF(B36="","",IF(LEN(TRUNC(B35,0))-LEN(TRUNC(B36,0))=0,B36-B35,IF(LEN(TRUNC(B35,0))-LEN(TRUNC(B36,0))>0,VALUE(LEFT(B35,LEN(TRUNC(B35,0))-LEN(TRUNC(B36,0))))*POWER(10,LEN(TRUNC(B36,0)))+B36-B35,B36-B35-VALUE(LEFT(B36,LEN(TRUNC(B36,0))-LEN(TRUNC(B35,0))))*POWER(10,LEN(TRUNC(B35,0)))))) -> 0.103 | D36: =IF(C36="","",C36*$D$15) -> 741.6 | F36: 6384.441 | G36: =F36-F35 -> 0.0654 | H36: =IF(G36="","",G36*$H$15) -> 470.88 | I36: =IF(H36="","",IF(D36="","",IF(AND(H36=0,D36=0),0,H36/D36))) -> 0.63495146 | J36: 6.251604
A37: 19-00 | B37: 11481.627 | C37: =IF(B37="","",IF(LEN(TRUNC(B36,0))-LEN(TRUNC(B37,0))=0,B37-B36,IF(LEN(TRUNC(B36,0))-LEN(TRUNC(B37,0))>0,VALUE(LEFT(B36,LEN(TRUNC(B36,0))-LEN(TRUNC(B37,0))))*POWER(10,LEN(TRUNC(B37,0)))+B37-B36,B37-B36-VALUE(LEFT(B37,LEN(TRUNC(B37,0))-LEN(TRUNC(B36,0))))*POWER(10,LEN(TRUNC(B36,0)))))) -> 0.0995 | D37: =IF(C37="","",C37*$D$15) -> 716.4 | F37: 6384.5019 | G37: =F37-F36 -> 0.0609 | H37: =IF(G37="","",G37*$H$15) -> 438.48 | I37: =IF(H37="","",IF(D37="","",IF(AND(H37=0,D37=0),0,H37/D37))) -> 0.6120603 | J37: 6.193665
A38: 20-00 | B38: 11481.727 | C38: =IF(B38="","",IF(LEN(TRUNC(B37,0))-LEN(TRUNC(B38,0))=0,B38-B37,IF(LEN(TRUNC(B37,0))-LEN(TRUNC(B38,0))>0,VALUE(LEFT(B37,LEN(TRUNC(B37,0))-LEN(TRUNC(B38,0))))*POWER(10,LEN(TRUNC(B38,0)))+B38-B37,B38-B37-VALUE(LEFT(B38,LEN(TRUNC(B38,0))-LEN(TRUNC(B37,0))))*POWER(10,LEN(TRUNC(B37,0)))))) -> 0.1003 | D38: =IF(C38="","",C38*$D$15) -> 722.16 | F38: 6384.5594 | G38: =F38-F37 -> 0.0575 | H38: =IF(G38="","",G38*$H$15) -> 414 | I38: =IF(H38="","",IF(D38="","",IF(AND(H38=0,D38=0),0,H38/D38))) -> 0.57328016 | J38: 6.050566
A39: 21-00 | B39: 11481.817 | C39: =IF(B39="","",IF(LEN(TRUNC(B38,0))-LEN(TRUNC(B39,0))=0,B39-B38,IF(LEN(TRUNC(B38,0))-LEN(TRUNC(B39,0))>0,VALUE(LEFT(B38,LEN(TRUNC(B38,0))-LEN(TRUNC(B39,0))))*POWER(10,LEN(TRUNC(B39,0)))+B39-B38,B39-B38-VALUE(LEFT(B39,LEN(TRUNC(B39,0))-LEN(TRUNC(B38,0))))*POWER(10,LEN(TRUNC(B38,0)))))) -> 0.0906 | D39: =IF(C39="","",C39*$D$15) -> 652.32 | F39: 6384.6119 | G39: =F39-F38 -> 0.0525 | H39: =IF(G39="","",G39*$H$15) -> 378 | I39: =IF(H39="","",IF(D39="","",IF(AND(H39=0,D39=0),0,H39/D39))) -> 0.5794702 | J39: 6.248739
A40: 22-00 | B40: 11481.905 | C40: =IF(B40="","",IF(LEN(TRUNC(B39,0))-LEN(TRUNC(B40,0))=0,B40-B39,IF(LEN(TRUNC(B39,0))-LEN(TRUNC(B40,0))>0,VALUE(LEFT(B39,LEN(TRUNC(B39,0))-LEN(TRUNC(B40,0))))*POWER(10,LEN(TRUNC(B40,0)))+B40-B39,B40-B39-VALUE(LEFT(B40,LEN(TRUNC(B40,0))-LEN(TRUNC(B39,0))))*POWER(10,LEN(TRUNC(B39,0)))))) -> 0.0876 | D40: =IF(C40="","",C40*$D$15) -> 630.72 | F40: 6384.6638 | G40: =F40-F39 -> 0.0519 | H40: =IF(G40="","",G40*$H$15) -> 373.68 | I40: =IF(H40="","",IF(D40="","",IF(AND(H40=0,D40=0),0,H40/D40))) -> 0.59246575 | J40: 6.057559 | M40: III. Синхронные электродвигатели напряжением до 1000 В
A41: 23-00 | B41: 11481.991 | C41: =IF(B41="","",IF(LEN(TRUNC(B40,0))-LEN(TRUNC(B41,0))=0,B41-B40,IF(LEN(TRUNC(B40,0))-LEN(TRUNC(B41,0))>0,VALUE(LEFT(B40,LEN(TRUNC(B40,0))-LEN(TRUNC(B41,0))))*POWER(10,LEN(TRUNC(B41,0)))+B41-B40,B41-B40-VALUE(LEFT(B41,LEN(TRUNC(B41,0))-LEN(TRUNC(B40,0))))*POWER(10,LEN(TRUNC(B40,0)))))) -> 0.0856 | D41: =IF(C41="","",C41*$D$15) -> 616.32 | F41: 6384.7181 | G41: =F41-F40 -> 0.0543 | H41: =IF(G41="","",G41*$H$15) -> 390.96 | I41: =IF(H41="","",IF(D41="","",IF(AND(H41=0,D41=0),0,H41/D41))) -> 0.63434579 | J41: 6.302068 | M41: №№ | N41: Место | P41: Номинальная | S41: № п-п | T41: Место установки | X41: Номинальная
A42: 24-00 | B42: 11482.072 | C42: =IF(B42="","",IF(LEN(TRUNC(B41,0))-LEN(TRUNC(B42,0))=0,B42-B41,IF(LEN(TRUNC(B41,0))-LEN(TRUNC(B42,0))>0,VALUE(LEFT(B41,LEN(TRUNC(B41,0))-LEN(TRUNC(B42,0))))*POWER(10,LEN(TRUNC(B42,0)))+B42-B41,B42-B41-VALUE(LEFT(B42,LEN(TRUNC(B42,0))-LEN(TRUNC(B41,0))))*POWER(10,LEN(TRUNC(B41,0)))))) -> 0.0812 | D42: =IF(C42="","",C42*$D$15) -> 584.64 | F42: 6384.7725 | G42: =F42-F41 -> 0.0544 | H42: =IF(G42="","",G42*$H$15) -> 391.68 | I42: =IF(H42="","",IF(D42="","",IF(AND(H42=0,D42=0),0,H42/D42))) -> 0.66995074 | J42: 6.315621
A43: Суточн. расход эл. энергии | D43: =SUM(D18:D42) -> 17324.64 | H43: =SUM(H18:H42) -> 11471.76 | I43: =IF(AND(H43=0,D43=0),0,H43/D43) -> 0.66216441 | M43: п/п | N43: установки | P43: мощность кВт | X43: мощность кВт
A44: Контрольная сумма
A46: Запись показаний счетчиков производили: | G46: Расчеты произвел:
A47: 1. | D47: ___________________
A48: фамилия | D48: (подпись)
A49: 2. | D49: ___________________ | H49: Каргина Т.В. | K49: _______________ | N49: Главный энергетик | Q49: _________________________ И.Н. Чернышов
A50: фамилия | D50: (подпись) | H50: фамилия | K50: (подпись) | S50: (подпись)
A51: 3. | D51: ___________________
A52: фамилия | D52: (подпись)

Sheet Ячейка 16РЖД
A1: ОАО "Пластик" | G1: Шифр | M1: I. Сведения о присоединенных трансформаторах и высоковольтных электродвигателях
A2: (наименование предприятия) | M2: 1. Трансформаторы
A3: г. Узловая, Тульская, 1 | G3: Питающий центр | I3: П/ст №214 (ГПП-2) | M3: №№ | N3: Место установки | P3: Мощность | R3: Номинальн. | T3: Включен. | V3: Назначение | X3: Примечание
A4: (адрес) | R4: напряжение | T4: на ответвление | V4: тр-ра
G5: № фидера | I5: яч 16 Узловая-2 | M5: п/п | P5: ква | R5: ________ кВ | T5: ________ кВ | V5: силов. освет.
A6: (министерство, ведомство) | V6: печной
A8: ПРОТОКОЛ (первичный)
A9: записей показания электросчетчиков и вольтметров, а также определение
A10: нагрузок и тангенса "фи" за | E10: 20 декабря | H10: 2017года
A11: напряжения | E11: ________6000_____________ | I11: вольт
A13: Время записи часы | B13: Активн. сч-к тип | D13: СЭТ-4ТМ.03 | F13: Реактивн. сч-к тип | H13: СЭТ-4ТМ.03 | I13: Тангенс "фи" | J13: Показание | L13: Мощность
B14: ____________л__ | D14: №0103061217 | F14: ____________л__ | H14: №0103061217 | J14: вольтметр. | L14: включен.
B15: Расчетн. коэф | D15: 3600 | F15: Расчетн. коэф | H15: 3600 | J15: на стороне | L15: компенсир.
B16: показ. | C16: разность | D16: расход за | F16: показ. | G16: разность | H16: расход за | J16: в\н | K16: н\н | L16: устройств
B17: сч-ка | C17: показ. | D17: час (кВт) | F17: сч-ка | G17: показ. | H17: час (кВт) | L17: кВар | M17: 2. Высоковольтные электродвигатели
A18: 0-00 | B18: 6615.5198 | F18: 3187.7827 | M18: №№ | N18: Место | Q18: Тип | T18: Номинальная | W18: Примечание
A19: 1-00 | B19: 6615.6102 | C19: =IF(B19="","",IF(LEN(TRUNC(B18,0))-LEN(TRUNC(B19,0))=0,B19-B18,IF(LEN(TRUNC(B18,0))-LEN(TRUNC(B19,0))>0,VALUE(LEFT(B18,LEN(TRUNC(B18,0))-LEN(TRUNC(B19,0))))*POWER(10,LEN(TRUNC(B19,0)))+B19-B18,B19-B18-VALUE(LEFT(B19,LEN(TRUNC(B19,0))-LEN(TRUNC(B18,0))))*POWER(10,LEN(TRUNC(B18,0)))))) -> 0.0904 | D19: =IF(C19="","",C19*$D$15) -> 325.44 | F19: 3187.8264 | G19: =F19-ReportObject14_3 -> 0.0437 | H19: =IF(G19="","",G19*$H$15) -> 157.32 | I19: =IF(H19="","",IF(D19="","",IF(AND(H19=0,D19=0),0,H19/D19))) -> 0.48340708 | J19: 6.324968 | Q19: (синхронный,
A20: 2-00 | B20: 6615.6992 | C20: =IF(B20="","",IF(LEN(TRUNC(B19,0))-LEN(TRUNC(B20,0))=0,B20-B19,IF(LEN(TRUNC(B19,0))-LEN(TRUNC(B20,0))>0,VALUE(LEFT(B19,LEN(TRUNC(B19,0))-LEN(TRUNC(B20,0))))*POWER(10,LEN(TRUNC(B20,0)))+B20-B19,B20-B19-VALUE(LEFT(B20,LEN(TRUNC(B20,0))-LEN(TRUNC(B19,0))))*POWER(10,LEN(TRUNC(B19,0)))))) -> 0.089 | D20: =IF(C20="","",C20*$D$15) -> 320.4 | F20: 3187.8697 | G20: =F20-F19 -> 0.0433 | H20: =IF(G20="","",G20*$H$15) -> 155.88 | I20: =IF(H20="","",IF(D20="","",IF(AND(H20=0,D20=0),0,H20/D20))) -> 0.48651685 | J20: 6.32256 | M20: п/п | N20: установки | Q20: асинхронный) | T20: мощность кВт
A21: 3-00 | B21: 6615.7859 | C21: =IF(B21="","",IF(LEN(TRUNC(B20,0))-LEN(TRUNC(B21,0))=0,B21-B20,IF(LEN(TRUNC(B20,0))-LEN(TRUNC(B21,0))>0,VALUE(LEFT(B20,LEN(TRUNC(B20,0))-LEN(TRUNC(B21,0))))*POWER(10,LEN(TRUNC(B21,0)))+B21-B20,B21-B20-VALUE(LEFT(B21,LEN(TRUNC(B21,0))-LEN(TRUNC(B20,0))))*POWER(10,LEN(TRUNC(B20,0)))))) -> 0.0867 | D21: =IF(C21="","",C21*$D$15) -> 312.12 | F21: 3187.9133 | G21: =F21-F20 -> 0.0436 | H21: =IF(G21="","",G21*$H$15) -> 156.96 | I21: =IF(H21="","",IF(D21="","",IF(AND(H21=0,D21=0),0,H21/D21))) -> 0.50288351 | J21: 6.299578
A22: 4-00 | B22: 6615.8736 | C22: =IF(B22="","",IF(LEN(TRUNC(B21,0))-LEN(TRUNC(B22,0))=0,B22-B21,IF(LEN(TRUNC(B21,0))-LEN(TRUNC(B22,0))>0,VALUE(LEFT(B21,LEN(TRUNC(B21,0))-LEN(TRUNC(B22,0))))*POWER(10,LEN(TRUNC(B22,0)))+B22-B21,B22-B21-VALUE(LEFT(B22,LEN(TRUNC(B22,0))-LEN(TRUNC(B21,0))))*POWER(10,LEN(TRUNC(B21,0)))))) -> 0.0877 | D22: =IF(C22="","",C22*$D$15) -> 315.72 | F22: 3187.9572 | G22: =F22-F21 -> 0.0439 | H22: =IF(G22="","",G22*$H$15) -> 158.04 | I22: =IF(H22="","",IF(D22="","",IF(AND(H22=0,D22=0),0,H22/D22))) -> 0.50057013 | J22: 6.339313
A23: 5-00 | B23: 6615.9629 | C23: =IF(B23="","",IF(LEN(TRUNC(B22,0))-LEN(TRUNC(B23,0))=0,B23-B22,IF(LEN(TRUNC(B22,0))-LEN(TRUNC(B23,0))>0,VALUE(LEFT(B22,LEN(TRUNC(B22,0))-LEN(TRUNC(B23,0))))*POWER(10,LEN(TRUNC(B23,0)))+B23-B22,B23-B22-VALUE(LEFT(B23,LEN(TRUNC(B23,0))-LEN(TRUNC(B22,0))))*POWER(10,LEN(TRUNC(B22,0)))))) -> 0.0893 | D23: =IF(C23="","",C23*$D$15) -> 321.48 | F23: 3188.0011 | G23: =F23-F22 -> 0.0439 | H23: =IF(G23="","",G23*$H$15) -> 158.04 | I23: =IF(H23="","",IF(D23="","",IF(AND(H23=0,D23=0),0,H23/D23))) -> 0.49160134 | J23: 6.138141
A24: 6-00 | B24: 6616.0564 | C24: =IF(B24="","",IF(LEN(TRUNC(B23,0))-LEN(TRUNC(B24,0))=0,B24-B23,IF(LEN(TRUNC(B23,0))-LEN(TRUNC(B24,0))>0,VALUE(LEFT(B23,LEN(TRUNC(B23,0))-LEN(TRUNC(B24,0))))*POWER(10,LEN(TRUNC(B24,0)))+B24-B23,B24-B23-VALUE(LEFT(B24,LEN(TRUNC(B24,0))-LEN(TRUNC(B23,0))))*POWER(10,LEN(TRUNC(B23,0)))))) -> 0.0935 | D24: =IF(C24="","",C24*$D$15) -> 336.6 | F24: 3188.0452 | G24: =F24-F23 -> 0.0441 | H24: =IF(G24="","",G24*$H$15) -> 158.76 | I24: =IF(H24="","",IF(D24="","",IF(AND(H24=0,D24=0),0,H24/D24))) -> 0.47165775 | J24: 6.339747
A25: 7-00 | B25: 6616.1508 | C25: =IF(B25="","",IF(LEN(TRUNC(B24,0))-LEN(TRUNC(B25,0))=0,B25-B24,IF(LEN(TRUNC(B24,0))-LEN(TRUNC(B25,0))>0,VALUE(LEFT(B24,LEN(TRUNC(B24,0))-LEN(TRUNC(B25,0))))*POWER(10,LEN(TRUNC(B25,0)))+B25-B24,B25-B24-VALUE(LEFT(B25,LEN(TRUNC(B25,0))-LEN(TRUNC(B24,0))))*POWER(10,LEN(TRUNC(B24,0)))))) -> 0.0944 | D25: =IF(C25="","",C25*$D$15) -> 339.84 | F25: 3188.0878 | G25: =F25-F24 -> 0.0426 | H25: =IF(G25="","",G25*$H$15) -> 153.36 | I25: =IF(H25="","",IF(D25="","",IF(AND(H25=0,D25=0),0,H25/D25))) -> 0.45127119 | J25: 6.307392
A26: 8-00 | B26: 6616.2465 | C26: =IF(B26="","",IF(LEN(TRUNC(B25,0))-LEN(TRUNC(B26,0))=0,B26-B25,IF(LEN(TRUNC(B25,0))-LEN(TRUNC(B26,0))>0,VALUE(LEFT(B25,LEN(TRUNC(B25,0))-LEN(TRUNC(B26,0))))*POWER(10,LEN(TRUNC(B26,0)))+B26-B25,B26-B25-VALUE(LEFT(B26,LEN(TRUNC(B26,0))-LEN(TRUNC(B25,0))))*POWER(10,LEN(TRUNC(B25,0)))))) -> 0.0957 | D26: =IF(C26="","",C26*$D$15) -> 344.52 | F26: 3188.1296 | G26: =F26-F25 -> 0.0418 | H26: =IF(G26="","",G26*$H$15) -> 150.48 | I26: =IF(H26="","",IF(D26="","",IF(AND(H26=0,D26=0),0,H26/D26))) -> 0.43678161 | J26: 6.283824
A27: 9-00 | B27: 6616.3382 | C27: =IF(B27="","",IF(LEN(TRUNC(B26,0))-LEN(TRUNC(B27,0))=0,B27-B26,IF(LEN(TRUNC(B26,0))-LEN(TRUNC(B27,0))>0,VALUE(LEFT(B26,LEN(TRUNC(B26,0))-LEN(TRUNC(B27,0))))*POWER(10,LEN(TRUNC(B27,0)))+B27-B26,B27-B26-VALUE(LEFT(B27,LEN(TRUNC(B27,0))-LEN(TRUNC(B26,0))))*POWER(10,LEN(TRUNC(B26,0)))))) -> 0.0917 | D27: =IF(C27="","",C27*$D$15) -> 330.12 | F27: 3188.1648 | G27: =F27-F26 -> 0.0352 | H27: =IF(G27="","",G27*$H$15) -> 126.72 | I27: =IF(H27="","",IF(D27="","",IF(AND(H27=0,D27=0),0,H27/D27))) -> 0.38386041 | J27: 6.003105
A28: 10-00 | B28: 6616.4248 | C28: =IF(B28="","",IF(LEN(TRUNC(B27,0))-LEN(TRUNC(B28,0))=0,B28-B27,IF(LEN(TRUNC(B27,0))-LEN(TRUNC(B28,0))>0,VALUE(LEFT(B27,LEN(TRUNC(B27,0))-LEN(TRUNC(B28,0))))*POWER(10,LEN(TRUNC(B28,0)))+B28-B27,B28-B27-VALUE(LEFT(B28,LEN(TRUNC(B28,0))-LEN(TRUNC(B27,0))))*POWER(10,LEN(TRUNC(B27,0)))))) -> 0.0866 | D28: =IF(C28="","",C28*$D$15) -> 311.76 | F28: 3188.1938 | G28: =F28-F27 -> 0.029 | H28: =IF(G28="","",G28*$H$15) -> 104.4 | I28: =IF(H28="","",IF(D28="","",IF(AND(H28=0,D28=0),0,H28/D28))) -> 0.33487298 | J28: 6.196014
A29: 11-00 | B29: 6616.5098 | C29: =IF(B29="","",IF(LEN(TRUNC(B28,0))-LEN(TRUNC(B29,0))=0,B29-B28,IF(LEN(TRUNC(B28,0))-LEN(TRUNC(B29,0))>0,VALUE(LEFT(B28,LEN(TRUNC(B28,0))-LEN(TRUNC(B29,0))))*POWER(10,LEN(TRUNC(B29,0)))+B29-B28,B29-B28-VALUE(LEFT(B29,LEN(TRUNC(B29,0))-LEN(TRUNC(B28,0))))*POWER(10,LEN(TRUNC(B28,0)))))) -> 0.085 | D29: =IF(C29="","",C29*$D$15) -> 306 | F29: 3188.2238 | G29: =F29-F28 -> 0.03 | H29: =IF(G29="","",G29*$H$15) -> 108 | I29: =IF(H29="","",IF(D29="","",IF(AND(H29=0,D29=0),0,H29/D29))) -> 0.35294118 | J29: 6.234672 | M29: Указать отдельно рабочие и запломбированные трансформаторы и высоковольтные электродвигатели
A30: 12-00 | B30: 6616.5974 | C30: =IF(B30="","",IF(LEN(TRUNC(B29,0))-LEN(TRUNC(B30,0))=0,B30-B29,IF(LEN(TRUNC(B29,0))-LEN(TRUNC(B30,0))>0,VALUE(LEFT(B29,LEN(TRUNC(B29,0))-LEN(TRUNC(B30,0))))*POWER(10,LEN(TRUNC(B30,0)))+B30-B29,B30-B29-VALUE(LEFT(B30,LEN(TRUNC(B30,0))-LEN(TRUNC(B29,0))))*POWER(10,LEN(TRUNC(B29,0)))))) -> 0.0876 | D30: =IF(C30="","",C30*$D$15) -> 315.36 | F30: 3188.2549 | G30: =F30-F29 -> 0.0311 | H30: =IF(G30="","",G30*$H$15) -> 111.96 | I30: =IF(H30="","",IF(D30="","",IF(AND(H30=0,D30=0),0,H30/D30))) -> 0.35502283 | J30: 6.258725 | M30: II. Статконденсаторы всех напряжений
A31: 13-00 | B31: 6616.6856 | C31: =IF(B31="","",IF(LEN(TRUNC(B30,0))-LEN(TRUNC(B31,0))=0,B31-B30,IF(LEN(TRUNC(B30,0))-LEN(TRUNC(B31,0))>0,VALUE(LEFT(B30,LEN(TRUNC(B30,0))-LEN(TRUNC(B31,0))))*POWER(10,LEN(TRUNC(B31,0)))+B31-B30,B31-B30-VALUE(LEFT(B31,LEN(TRUNC(B31,0))-LEN(TRUNC(B30,0))))*POWER(10,LEN(TRUNC(B30,0)))))) -> 0.0882 | D31: =IF(C31="","",C31*$D$15) -> 317.52 | F31: 3188.2869 | G31: =F31-F30 -> 0.032 | H31: =IF(G31="","",G31*$H$15) -> 115.2 | I31: =IF(H31="","",IF(D31="","",IF(AND(H31=0,D31=0),0,H31/D31))) -> 0.36281179 | J31: 6.290012 | M31: №№ | N31: Место | P31: Номинальное | R31: Номинальная | T31: В т.ч. с | V31: Время включения | Y31: Примечание
A32: 14-00 | B32: 6616.7759 | C32: =IF(B32="","",IF(LEN(TRUNC(B31,0))-LEN(TRUNC(B32,0))=0,B32-B31,IF(LEN(TRUNC(B31,0))-LEN(TRUNC(B32,0))>0,VALUE(LEFT(B31,LEN(TRUNC(B31,0))-LEN(TRUNC(B32,0))))*POWER(10,LEN(TRUNC(B32,0)))+B32-B31,B32-B31-VALUE(LEFT(B32,LEN(TRUNC(B32,0))-LEN(TRUNC(B31,0))))*POWER(10,LEN(TRUNC(B31,0)))))) -> 0.0903 | D32: =IF(C32="","",C32*$D$15) -> 325.08 | F32: 3188.3181 | G32: =F32-F31 -> 0.0312 | H32: =IF(G32="","",G32*$H$15) -> 112.32 | I32: =IF(H32="","",IF(D32="","",IF(AND(H32=0,D32=0),0,H32/D32))) -> 0.34551495 | J32: 6.26401 | P32: напряжение | R32: мощность | T32: авторегулир. | V32: и отключения
A33: 15-00 | B33: 6616.8659 | C33: =IF(B33="","",IF(LEN(TRUNC(B32,0))-LEN(TRUNC(B33,0))=0,B33-B32,IF(LEN(TRUNC(B32,0))-LEN(TRUNC(B33,0))>0,VALUE(LEFT(B32,LEN(TRUNC(B32,0))-LEN(TRUNC(B33,0))))*POWER(10,LEN(TRUNC(B33,0)))+B33-B32,B33-B32-VALUE(LEFT(B33,LEN(TRUNC(B33,0))-LEN(TRUNC(B32,0))))*POWER(10,LEN(TRUNC(B32,0)))))) -> 0.09 | D33: =IF(C33="","",C33*$D$15) -> 324 | F33: 3188.3488 | G33: =F33-F32 -> 0.0307 | H33: =IF(G33="","",G33*$H$15) -> 110.52 | I33: =IF(H33="","",IF(D33="","",IF(AND(H33=0,D33=0),0,H33/D33))) -> 0.34111111 | J33: 6.256423 | M33: п/п | N33: установки | P33: кВ | R33: кВар | T33: кВар | V33: установки за сутки
A34: 16-00 | B34: 6616.9543 | C34: =IF(B34="","",IF(LEN(TRUNC(B33,0))-LEN(TRUNC(B34,0))=0,B34-B33,IF(LEN(TRUNC(B33,0))-LEN(TRUNC(B34,0))>0,VALUE(LEFT(B33,LEN(TRUNC(B33,0))-LEN(TRUNC(B34,0))))*POWER(10,LEN(TRUNC(B34,0)))+B34-B33,B34-B33-VALUE(LEFT(B34,LEN(TRUNC(B34,0))-LEN(TRUNC(B33,0))))*POWER(10,LEN(TRUNC(B33,0)))))) -> 0.0884 | D34: =IF(C34="","",C34*$D$15) -> 318.24 | F34: 3188.3801 | G34: =F34-F33 -> 0.0313 | H34: =IF(G34="","",G34*$H$15) -> 112.68 | I34: =IF(H34="","",IF(D34="","",IF(AND(H34=0,D34=0),0,H34/D34))) -> 0.3540724 | J34: 6.138141
A35: 17-00 | B35: 6617.0522 | C35: =IF(B35="","",IF(LEN(TRUNC(B34,0))-LEN(TRUNC(B35,0))=0,B35-B34,IF(LEN(TRUNC(B34,0))-LEN(TRUNC(B35,0))>0,VALUE(LEFT(B34,LEN(TRUNC(B34,0))-LEN(TRUNC(B35,0))))*POWER(10,LEN(TRUNC(B35,0)))+B35-B34,B35-B34-VALUE(LEFT(B35,LEN(TRUNC(B35,0))-LEN(TRUNC(B34,0))))*POWER(10,LEN(TRUNC(B34,0)))))) -> 0.0979 | D35: =IF(C35="","",C35*$D$15) -> 352.44 | F35: 3188.4191 | G35: =F35-F34 -> 0.039 | H35: =IF(G35="","",G35*$H$15) -> 140.4 | I35: =IF(H35="","",IF(D35="","",IF(AND(H35=0,D35=0),0,H35/D35))) -> 0.39836568 | J35: 5.795416
A36: 18-00 | B36: 6617.1507 | C36: =IF(B36="","",IF(LEN(TRUNC(B35,0))-LEN(TRUNC(B36,0))=0,B36-B35,IF(LEN(TRUNC(B35,0))-LEN(TRUNC(B36,0))>0,VALUE(LEFT(B35,LEN(TRUNC(B35,0))-LEN(TRUNC(B36,0))))*POWER(10,LEN(TRUNC(B36,0)))+B36-B35,B36-B35-VALUE(LEFT(B36,LEN(TRUNC(B36,0))-LEN(TRUNC(B35,0))))*POWER(10,LEN(TRUNC(B35,0)))))) -> 0.0985 | D36: =IF(C36="","",C36*$D$15) -> 354.6 | F36: 3188.46 | G36: =F36-F35 -> 0.0409 | H36: =IF(G36="","",G36*$H$15) -> 147.24 | I36: =IF(H36="","",IF(D36="","",IF(AND(H36=0,D36=0),0,H36/D36))) -> 0.41522843 | J36: 6.251604
A37: 19-00 | B37: 6617.283 | C37: =IF(B37="","",IF(LEN(TRUNC(B36,0))-LEN(TRUNC(B37,0))=0,B37-B36,IF(LEN(TRUNC(B36,0))-LEN(TRUNC(B37,0))>0,VALUE(LEFT(B36,LEN(TRUNC(B36,0))-LEN(TRUNC(B37,0))))*POWER(10,LEN(TRUNC(B37,0)))+B37-B36,B37-B36-VALUE(LEFT(B37,LEN(TRUNC(B37,0))-LEN(TRUNC(B36,0))))*POWER(10,LEN(TRUNC(B36,0)))))) -> 0.1323 | D37: =IF(C37="","",C37*$D$15) -> 476.28 | F37: 3188.511 | G37: =F37-F36 -> 0.051 | H37: =IF(G37="","",G37*$H$15) -> 183.6 | I37: =IF(H37="","",IF(D37="","",IF(AND(H37=0,D37=0),0,H37/D37))) -> 0.38548753 | J37: 6.193665
A38: 20-00 | B38: 6617.3792 | C38: =IF(B38="","",IF(LEN(TRUNC(B37,0))-LEN(TRUNC(B38,0))=0,B38-B37,IF(LEN(TRUNC(B37,0))-LEN(TRUNC(B38,0))>0,VALUE(LEFT(B37,LEN(TRUNC(B37,0))-LEN(TRUNC(B38,0))))*POWER(10,LEN(TRUNC(B38,0)))+B38-B37,B38-B37-VALUE(LEFT(B38,LEN(TRUNC(B38,0))-LEN(TRUNC(B37,0))))*POWER(10,LEN(TRUNC(B37,0)))))) -> 0.0962 | D38: =IF(C38="","",C38*$D$15) -> 346.32 | F38: 3188.5512 | G38: =F38-F37 -> 0.0402 | H38: =IF(G38="","",G38*$H$15) -> 144.72 | I38: =IF(H38="","",IF(D38="","",IF(AND(H38=0,D38=0),0,H38/D38))) -> 0.41787942 | J38: 6.050566
A39: 21-00 | B39: 6617.4718 | C39: =IF(B39="","",IF(LEN(TRUNC(B38,0))-LEN(TRUNC(B39,0))=0,B39-B38,IF(LEN(TRUNC(B38,0))-LEN(TRUNC(B39,0))>0,VALUE(LEFT(B38,LEN(TRUNC(B38,0))-LEN(TRUNC(B39,0))))*POWER(10,LEN(TRUNC(B39,0)))+B39-B38,B39-B38-VALUE(LEFT(B39,LEN(TRUNC(B39,0))-LEN(TRUNC(B38,0))))*POWER(10,LEN(TRUNC(B38,0)))))) -> 0.0926 | D39: =IF(C39="","",C39*$D$15) -> 333.36 | F39: 3188.5912 | G39: =F39-F38 -> 0.04 | H39: =IF(G39="","",G39*$H$15) -> 144 | I39: =IF(H39="","",IF(D39="","",IF(AND(H39=0,D39=0),0,H39/D39))) -> 0.43196544 | J39: 6.248739
A40: 22-00 | B40: 6617.565 | C40: =IF(B40="","",IF(LEN(TRUNC(B39,0))-LEN(TRUNC(B40,0))=0,B40-B39,IF(LEN(TRUNC(B39,0))-LEN(TRUNC(B40,0))>0,VALUE(LEFT(B39,LEN(TRUNC(B39,0))-LEN(TRUNC(B40,0))))*POWER(10,LEN(TRUNC(B40,0)))+B40-B39,B40-B39-VALUE(LEFT(B40,LEN(TRUNC(B40,0))-LEN(TRUNC(B39,0))))*POWER(10,LEN(TRUNC(B39,0)))))) -> 0.0932 | D40: =IF(C40="","",C40*$D$15) -> 335.52 | F40: 3188.6333 | G40: =F40-F39 -> 0.0421 | H40: =IF(G40="","",G40*$H$15) -> 151.56 | I40: =IF(H40="","",IF(D40="","",IF(AND(H40=0,D40=0),0,H40/D40))) -> 0.45171674 | J40: 6.057559 | M40: III. Синхронные электродвигатели напряжением до 1000 В
A41: 23-00 | B41: 6617.6916 | C41: =IF(B41="","",IF(LEN(TRUNC(B40,0))-LEN(TRUNC(B41,0))=0,B41-B40,IF(LEN(TRUNC(B40,0))-LEN(TRUNC(B41,0))>0,VALUE(LEFT(B40,LEN(TRUNC(B40,0))-LEN(TRUNC(B41,0))))*POWER(10,LEN(TRUNC(B41,0)))+B41-B40,B41-B40-VALUE(LEFT(B41,LEN(TRUNC(B41,0))-LEN(TRUNC(B40,0))))*POWER(10,LEN(TRUNC(B40,0)))))) -> 0.1266 | D41: =IF(C41="","",C41*$D$15) -> 455.76 | F41: 3188.6933 | G41: =F41-F40 -> 0.06 | H41: =IF(G41="","",G41*$H$15) -> 216 | I41: =IF(H41="","",IF(D41="","",IF(AND(H41=0,D41=0),0,H41/D41))) -> 0.47393365 | J41: 6.302068 | M41: №№ | N41: Место | P41: Номинальная | S41: № п-п | T41: Место установки | X41: Номинальная
A42: 24-00 | B42: 6617.794 | C42: =IF(B42="","",IF(LEN(TRUNC(B41,0))-LEN(TRUNC(B42,0))=0,B42-B41,IF(LEN(TRUNC(B41,0))-LEN(TRUNC(B42,0))>0,VALUE(LEFT(B41,LEN(TRUNC(B41,0))-LEN(TRUNC(B42,0))))*POWER(10,LEN(TRUNC(B42,0)))+B42-B41,B42-B41-VALUE(LEFT(B42,LEN(TRUNC(B42,0))-LEN(TRUNC(B41,0))))*POWER(10,LEN(TRUNC(B41,0)))))) -> 0.1024 | D42: =IF(C42="","",C42*$D$15) -> 368.64 | F42: 3188.7419 | G42: =F42-F41 -> 0.0486 | H42: =IF(G42="","",G42*$H$15) -> 174.96 | I42: =IF(H42="","",IF(D42="","",IF(AND(H42=0,D42=0),0,H42/D42))) -> 0.47460938 | J42: 6.315621
A43: Суточн. расход эл. энергии | D43: =SUM(D18:D42) -> 8187.12 | H43: =SUM(H18:H42) -> 3453.12 | I43: =IF(AND(H43=0,D43=0),0,H43/D43) -> 0.42177469 | M43: п/п | N43: установки | P43: мощность кВт | X43: мощность кВт
A44: Контрольная сумма
A46: Запись показаний счетчиков производили: | G46: Расчеты произвел:
A47: 1. | D47: ___________________
A48: фамилия | D48: (подпись)
A49: 2. | D49: ___________________ | H49: Каргина Т.В. | K49: _______________ | N49: Главный энергетик | Q49: _________________________ И.Н. Чернышов
A50: фамилия | D50: (подпись) | H50: фамилия | K50: (подпись) | S50: (подпись)
A51: 3. | D51: ___________________
A52: фамилия | D52: (подпись)

Sheet Ячейка 14РЖД
A1: ОАО "Пластик" | G1: Шифр | M1: I. Сведения о присоединенных трансформаторах и высоковольтных электродвигателях
A2: (наименование предприятия) | M2: 1. Трансформаторы
A3: г. Узловая, Тульская, 1 | G3: Питающий центр | I3: П/ст №214 (ГПП-2) | M3: №№ | N3: Место установки | P3: Мощность | R3: Номинальн. | T3: Включен. | V3: Назначение | X3: Примечание
A4: (адрес) | R4: напряжение | T4: на ответвление | V4: тр-ра
G5: № фидера | I5: яч 14 Дедилово | M5: п/п | P5: ква | R5: ________ кВ | T5: ________ кВ | V5: силов. освет.
A6: (министерство, ведомство) | V6: печной
A8: ПРОТОКОЛ (первичный)
A9: записей показания электросчетчиков и вольтметров, а также определение
A10: нагрузок и тангенса "фи" за | E10: 20 декабря | H10: 2017года
A11: напряжения | E11: ________6000___________ | I11: вольт
A13: Время записи часы | B13: Активн. сч-к тип | D13: СЭТ-4ТМ.03 | F13: Реактивн. сч-к тип | H13: СЭТ-4ТМ.03 | I13: Тангенс "фи" | J13: Показание | L13: Мощность
B14: ____________л__ | D14: №0103061203 | F14: ____________л__ | H14: №0103061203 | J14: вольтметр. | L14: включен.
B15: Расчетн. коэф | D15: 2400 | F15: Расчетн. коэф | H15: 2400 | J15: на стороне | L15: компенсир.
B16: показ. | C16: разность | D16: расход за | F16: показ. | G16: разность | H16: расход за | J16: в\н | K16: н\н | L16: устройств
B17: сч-ка | C17: показ. | D17: час (кВт) | F17: сч-ка | G17: показ. | H17: час (кВт) | L17: кВар | M17: 2. Высоковольтные электродвигатели
A18: 0-00 | B18: 1.9648 | F18: 0.2002 | M18: №№ | N18: Место | Q18: Тип | T18: Номинальная | W18: Примечание
