Workbook
Name ReportObject1_0: 'Ячейка 24'!$E$10
Name ReportObject1_1: 'Ячейка 24'!$H$10
Name ReportObject1_2: 'Ячейка 24'!$B$18
Name ReportObject1_3: 'Ячейка 24'!$F$18
Name ReportObject10_0: 'Ячейка 4'!$E$10
Name ReportObject10_1: 'Ячейка 4'!$H$10
Name ReportObject10_2: 'Ячейка 4'!$B$18
Name ReportObject10_3: 'Ячейка 4'!$F$18
Name ReportObject11_0: 'Ячейка 36'!$E$10
Name ReportObject11_1: 'Ячейка 36'!$H$10
Name ReportObject11_2: 'Ячейка 36'!$B$18
Name ReportObject11_3: 'Ячейка 36'!$F$18
Name ReportObject12_0: 'Ячейка 37'!$E$10
Name ReportObject12_1: 'Ячейка 37'!$H$10
Name ReportObject12_2: 'Ячейка 37'!$B$18
Name ReportObject12_3: 'Ячейка 37'!$F$18
Name ReportObject13_0: 'Ячейка 10'!$E$10
Name ReportObject13_1: 'Ячейка 10'!$H$10
Name ReportObject13_2: 'Ячейка 10'!$B$18
Name ReportObject13_3: 'Ячейка 10'!$F$18
Name ReportObject14_0: 'Ячейка 16'!$E$10
Name ReportObject14_1: 'Ячейка 16'!$H$10
Name ReportObject14_2: 'Ячейка 16'!$B$18
Name ReportObject14_3: 'Ячейка 16'!$F$18
Name ReportObject15_0: 'Ячейка 14 '!$E$10
Name ReportObject15_1: 'Ячейка 14 '!$H$10
Name ReportObject15_2: 'Ячейка 14 '!$B$18
Name ReportObject15_3: 'Ячейка 14 '!$F$18
Name ReportObject16_0: 'Ячейка 13БОС'!$E$10
Name ReportObject16_1: 'Ячейка 13БОС'!$H$10
Name ReportObject16_2: 'Ячейка 13БОС'!$B$18
Name ReportObject16_3: 'Ячейка 13БОС'!$F$18
Name ReportObject17_0: 'Ячейка 32БОС'!$E$10
Name ReportObject17_1: 'Ячейка 32БОС'!$H$10
Name ReportObject17_2: 'Ячейка 32БОС'!$B$18
Name ReportObject17_3: 'Ячейка 32БОС'!$F$18
Name ReportObject18_0: 'ячейка 25БОС'!$E$10
Name ReportObject18_1: 'ячейка 25БОС'!$H$10
Name ReportObject18_2: 'ячейка 25БОС'!$B$18
Name ReportObject18_3: 'ячейка 25БОС'!$F$18
Name ReportObject2_0: 'Ячейка 2'!$E$10
Name ReportObject2_1: 'Ячейка 2'!$H$10
Name ReportObject2_2: 'Ячейка 2'!$B$18
Name ReportObject2_3: 'Ячейка 2'!$F$18
Name ReportObject3_0: 'Ячейка 30'!$E$10
Name ReportObject3_1: 'Ячейка 30'!$H$10
Name ReportObject3_2: 'Ячейка 30'!$B$18
Name ReportObject3_3: 'Ячейка 30'!$F$18
Name ReportObject4_0: 'Ячейка 27'!$E$10
Name ReportObject4_1: 'Ячейка 27'!$H$10
Name ReportObject4_2: 'Ячейка 27'!$B$18
Name ReportObject4_3: 'Ячейка 27'!$F$18
Name ReportObject5_0: 'Ячейка 3Гео'!$E$10
Name ReportObject5_1: 'Ячейка 3Гео'!$H$10
Name ReportObject5_2: 'Ячейка 3Гео'!$B$18
Name ReportObject5_3: 'Ячейка 3Гео'!$F$18
Name ReportObject6_0: 'Ячейка 26Гео '!$E$10
Name ReportObject6_1: 'Ячейка 26Гео '!$H$10
Name ReportObject6_2: 'Ячейка 26Гео '!$B$18
Name ReportObject6_3: 'Ячейка 26Гео '!$F$18

Sheet ObserverReportInfo_&!()$bbQ
A1: Режимный день
A2: TYPE2 | B2: HOUR | C2: 25 | D2: 1 | E2: H | F2: 1 | G2: MAIN | K2: EXCEL | M2: 4 | W2: 1
A3: MAINSHEET | B3: 2
A4: DATE | B4: 10 | C4: 5 | D4: dd mmmm | F4: BEGIN | O4: NOSHIFT
A5: DATE | B5: 10 | C5: 8 | D5: yyyy года | F5: BEGIN | O5: NOSHIFT
A6: COLUMN | B6: 18 | C6: 2 | E6: 692 | G6: RESNONE | J6: NONE | K6: CHN | M6: BEGINVALUE | N6: 0 | O6: 480 | P6: 4 | T6: ZONENAMES | Z6: RESULT_CAPTIONS | AF6: -1 | AG6: 0 | AO6: NOSHIFT | AT6: 0 | AV6: 61 | AW6: NOCHANGE | BC6: CUTDATEBEGIN | BI6: 4 | BJ6: 0 | BK6: 0 | BL6: 1 | BM6: 0
A7: COLUMN | B7: 18 | C7: 6 | E7: 694 | G7: RESNONE | J7: NONE | K7: CHN | M7: BEGINVALUE | N7: 0 | O7: 480 | P7: 4 | T7: ZONENAMES | Z7: RESULT_CAPTIONS | AF7: -1 | AG7: 0 | AO7: NOSHIFT | AT7: 0 | AV7: 95 | AW7: NOCHANGE | BC7: CUTDATEBEGIN | BE7: ENLIKEPOW | BI7: 8 | BJ7: 0 | BK7: 0 | BL7: 1 | BM7: 0
A8: MAINSHEET | B8: 3
A9: DATE | B9: 10 | C9: 5 | D9: dd mmmm | F9: BEGIN | O9: NOSHIFT
A10: DATE | B10: 10 | C10: 8 | D10: yyyy года | F10: BEGIN | O10: NOSHIFT
A11: COLUMN | B11: 18 | C11: 2 | E11: 687 | G11: RESNONE | J11: NONE | K11: CHN | M11: BEGINVALUE | N11: 0 | O11: 483 | P11: 4 | T11: ZONENAMES | Z11: RESULT_CAPTIONS | AF11: -1 | AG11: 0 | AO11: NOSHIFT | AT11: 0 | AV11: 61 | AW11: NOCHANGE | BC11: CUTDATEBEGIN | BI11: 4 | BJ11: 0 | BK11: 0 | BL11: 1 | BM11: 0
A12: COLUMN | B12: 18 | C12: 6 | E12: 689 | G12: RESNONE | J12: NONE | K12: CHN | M12: BEGINVALUE | N12: 0 | O12: 483 | P12: 4 | T12: ZONENAMES | Z12: RESULT_CAPTIONS | AF12: -1 | AG12: 0 | AO12: NOSHIFT | AT12: 0 | AV12: 95 | AW12: NOCHANGE | BC12: CUTDATEBEGIN | BE12: ENLIKEPOW | BI12: 8 | BJ12: 0 | BK12: 0 | BL12: 1 | BM12: 0
A13: MAINSHEET | B13: 4
A14: DATE | B14: 10 | C14: 5 | D14: dd mmmm | F14: BEGIN | O14: NOSHIFT
A15: DATE | B15: 10 | C15: 8 | D15: yyyy года | F15: BEGIN | O15: NOSHIFT
A16: COLUMN | B16: 18 | C16: 2 | E16: 702 | G16: RESNONE | J16: NONE | K16: CHN | M16: BEGINVALUE | N16: 0 | O16: 484 | P16: 4 | T16: ZONENAMES | Z16: RESULT_CAPTIONS | AF16: -1 | AG16: 0 | AO16: NOSHIFT | AT16: 0 | AV16: 61 | AW16: NOCHANGE | BC16: CUTDATEBEGIN | BI16: 4 | BJ16: 0 | BK16: 0 | BL16: 1 | BM16: 0
A17: COLUMN | B17: 18 | C17: 6 | E17: 704 | G17: RESNONE | J17: NONE | K17: CHN | M17: BEGINVALUE | N17: 0 | O17: 484 | P17: 4 | T17: ZONENAMES | Z17: RESULT_CAPTIONS | AF17: -1 | AG17: 0 | AO17: NOSHIFT | AT17: 0 | AV17: 95 | AW17: NOCHANGE | BC17: CUTDATEBEGIN | BE17: ENLIKEPOW | BI17: 8 | BJ17: 0 | BK17: 0 | BL17: 1 | BM17: 0
A18: MAINSHEET | B18: 5
A19: DATE | B19: 10 | C19: 5 | D19: dd mmmm | F19: BEGIN | O19: NOSHIFT
A20: DATE | B20: 10 | C20: 8 | D20: yyyy года | F20: BEGIN | O20: NOSHIFT
A21: COLUMN | B21: 18 | C21: 2 | E21: 697 | G21: RESNONE | J21: NONE | K21: CHN | M21: BEGINVALUE | N21: 0 | O21: 481 | P21: 4 | T21: ZONENAMES | Z21: RESULT_CAPTIONS | AF21: -1 | AG21: 0 | AO21: NOSHIFT | AT21: 0 | AV21: 61 | AW21: NOCHANGE | BC21: CUTDATEBEGIN | BI21: 4 | BJ21: 0 | BK21: 0 | BL21: 1 | BM21: 0
A22: COLUMN | B22: 18 | C22: 6 | E22: 699 | G22: RESNONE | J22: NONE | K22: CHN | M22: BEGINVALUE | N22: 0 | O22: 481 | P22: 4 | T22: ZONENAMES | Z22: RESULT_CAPTIONS | AF22: -1 | AG22: 0 | AO22: NOSHIFT | AT22: 0 | AV22: 95 | AW22: NOCHANGE | BC22: CUTDATEBEGIN | BE22: ENLIKEPOW | BI22: 8 | BJ22: 0 | BK22: 0 | BL22: 1 | BM22: 0
A23: MAINSHEET | B23: 6
A24: DATE | B24: 10 | C24: 5 | D24: dd mmmm | F24: BEGIN | O24: NOSHIFT
A25: DATE | B25: 10 | C25: 8 | D25: yyyy года | F25: BEGIN | O25: NOSHIFT
A26: COLUMN | B26: 18 | C26: 2 | E26: 1786 | G26: RESNONE | J26: NONE | K26: CHN | M26: BEGINVALUE | N26: 0 | O26: 790 | P26: 4 | T26: ZONENAMES | Z26: RESULT_CAPTIONS | AF26: -1 | AG26: 0 | AO26: NOSHIFT | AT26: 0 | AV26: 61 | AW26: NOCHANGE | BC26: CUTDATEBEGIN | BI26: 4 | BJ26: 0 | BK26: 0 | BL26: 1 | BM26: 0
A27: COLUMN | B27: 18 | C27: 6 | E27: 1788 | G27: RESNONE | J27: NONE | K27: CHN | M27: BEGINVALUE | N27: 0 | O27: 790 | P27: 4 | T27: ZONENAMES | Z27: RESULT_CAPTIONS | AF27: -1 | AG27: 0 | AO27: NOSHIFT | AT27: 0 | AV27: 95 | AW27: NOCHANGE | BC27: CUTDATEBEGIN | BE27: ENLIKEPOW | BI27: 8 | BJ27: 0 | BK27: 0 | BL27: 1 | BM27: 0
A28: MAINSHEET | B28: 7
A29: DATE | B29: 10 | C29: 5 | D29: dd mmmm | F29: BEGIN | O29: NOSHIFT
A30: DATE | B30: 10 | C30: 8 | D30: yyyy года | F30: BEGIN | O30: NOSHIFT
A31: COLUMN | B31: 18 | C31: 2 | E31: 1769 | G31: RESNONE | J31: NONE | K31: CHN | M31: BEGINVALUE | N31: 0 | O31: 784 | P31: 4 | T31: ZONENAMES | Z31: RESULT_CAPTIONS | AF31: -1 | AG31: 0 | AO31: NOSHIFT | AT31: 0 | AV31: 61 | AW31: NOCHANGE | BC31: CUTDATEBEGIN | BI31: 4 | BJ31: 0 | BK31: 0 | BL31: 1 | BM31: 0
A32: COLUMN | B32: 18 | C32: 6 | E32: 1771 | G32: RESNONE | J32: NONE | K32: CHN | M32: BEGINVALUE | N32: 0 | O32: 784 | P32: 4 | T32: ZONENAMES | Z32: RESULT_CAPTIONS | AF32: -1 | AG32: 0 | AO32: NOSHIFT | AT32: 0 | AV32: 95 | AW32: NOCHANGE | BC32: CUTDATEBEGIN | BE32: ENLIKEPOW | BI32: 8 | BJ32: 0 | BK32: 0 | BL32: 1 | BM32: 0
A33: MAINSHEET | B33: 8
A34: DATE | B34: 10 | C34: 5 | D34: dd mmmm | F34: BEGIN | O34: NOSHIFT
A35: DATE | B35: 10 | C35: 8 | D35: yyyy года | F35: BEGIN | O35: NOSHIFT
A36: COLUMN | B36: 18 | C36: 2 | E36: 117 | G36: RESNONE | J36: NONE | K36: CHN | M36: BEGINVALUE | N36: 0 | O36: 201 | P36: 4 | T36: ZONENAMES | Z36: RESULT_CAPTIONS | AF36: -1 | AG36: 0 | AO36: NOSHIFT | AT36: 0 | AV36: 61 | AW36: NOCHANGE | BC36: CUTDATEBEGIN | BI36: 4 | BJ36: 0 | BK36: 0 | BL36: 1 | BM36: 0
A37: COLUMN | B37: 18 | C37: 6 | E37: 119 | G37: RESNONE | J37: NONE | K37: CHN | M37: BEGINVALUE | N37: 0 | O37: 201 | P37: 4 | T37: ZONENAMES | Z37: RESULT_CAPTIONS | AF37: -1 | AG37: 0 | AO37: NOSHIFT | AT37: 0 | AV37: 95 | AW37: NOCHANGE | BC37: CUTDATEBEGIN | BE37: ENLIKEPOW | BI37: 8 | BJ37: 0 | BK37: 0 | BL37: 1 | BM37: 0
A38: MAINSHEET | B38: 9
A39: DATE | B39: 10 | C39: 5 | D39: dd mmmm | F39: BEGIN | O39: NOSHIFT
A40: DATE | B40: 10 | C40: 8 | D40: yyyy года | F40: BEGIN | O40: NOSHIFT
A41: COLUMN | B41: 18 | C41: 2 | E41: 122 | G41: RESNONE | J41: NONE | K41: CHN | M41: BEGINVALUE | N41: 0 | O41: 198 | P41: 4 | T41: ZONENAMES | Z41: RESULT_CAPTIONS | AF41: -1 | AG41: 0 | AO41: NOSHIFT | AT41: 0 | AV41: 61 | AW41: NOCHANGE | BC41: CUTDATEBEGIN | BI41: 4 | BJ41: 0 | BK41: 0 | BL41: 1 | BM41: 0
A42: COLUMN | B42: 18 | C42: 6 | E42: 124 | G42: RESNONE | J42: NONE | K42: CHN | M42: BEGINVALUE | N42: 0 | O42: 198 | P42: 4 | T42: ZONENAMES | Z42: RESULT_CAPTIONS | AF42: -1 | AG42: 0 | AO42: NOSHIFT | AT42: 0 | AV42: 95 | AW42: NOCHANGE | BC42: CUTDATEBEGIN | BE42: ENLIKEPOW | BI42: 8 | BJ42: 0 | BK42: 0 | BL42: 1 | BM42: 0
A43: MAINSHEET | B43: 10
A44: DATE | B44: 10 | C44: 5 | D44: dd mmmm | F44: BEGIN | O44: NOSHIFT
A45: DATE | B45: 10 | C45: 8 | D45: yyyy года | F45: BEGIN | O45: NOSHIFT
A46: COLUMN | B46: 18 | C46: 2 | E46: 732 | G46: RESNONE | J46: NONE | K46: CHN | M46: BEGINVALUE | N46: 0 | O46: 486 | P46: 4 | T46: ZONENAMES | Z46: RESULT_CAPTIONS | AF46: -1 | AG46: 0 | AO46: NOSHIFT | AT46: 0 | AV46: 61 | AW46: NOCHANGE | BC46: CUTDATEBEGIN | BI46: 4 | BJ46: 0 | BK46: 0 | BL46: 1 | BM46: 0
A47: COLUMN | B47: 18 | C47: 6 | E47: 734 | G47: RESNONE | J47: NONE | K47: CHN | M47: BEGINVALUE | N47: 0 | O47: 486 | P47: 4 | T47: ZONENAMES | Z47: RESULT_CAPTIONS | AF47: -1 | AG47: 0 | AO47: NOSHIFT | AT47: 0 | AV47: 95 | AW47: NOCHANGE | BC47: CUTDATEBEGIN | BE47: ENLIKEPOW | BI47: 8 | BJ47: 0 | BK47: 0 | BL47: 1 | BM47: 0
A48: MAINSHEET | B48: 11
A49: DATE | B49: 10 | C49: 5 | D49: dd mmmm | F49: BEGIN | O49: NOSHIFT
A50: DATE | B50: 10 | C50: 8 | D50: yyyy года | F50: BEGIN | O50: NOSHIFT
A51: COLUMN | B51: 18 | C51: 2 | E51: 747 | G51: RESNONE | J51: NONE | K51: CHN | M51: BEGINVALUE | N51: 0 | O51: 489 | P51: 4 | T51: ZONENAMES | Z51: RESULT_CAPTIONS | AF51: -1 | AG51: 0 | AO51: NOSHIFT | AT51: 0 | AV51: 61 | AW51: NOCHANGE | BC51: CUTDATEBEGIN | BI51: 4 | BJ51: 0 | BK51: 0 | BL51: 1 | BM51: 0
A52: COLUMN | B52: 18 | C52: 6 | E52: 749 | G52: RESNONE | J52: NONE | K52: CHN | M52: BEGINVALUE | N52: 0 | O52: 489 | P52: 4 | T52: ZONENAMES | Z52: RESULT_CAPTIONS | AF52: -1 | AG52: 0 | AO52: NOSHIFT | AT52: 0 | AV52: 95 | AW52: NOCHANGE | BC52: CUTDATEBEGIN | BE52: ENLIKEPOW | BI52: 8 | BJ52: 0 | BK52: 0 | BL52: 1 | BM52: 0
A53: MAINSHEET | B53: 12
A54: DATE | B54: 10 | C54: 5 | D54: dd mmmm | F54: BEGIN | O54: NOSHIFT
A55: DATE | B55: 10 | C55: 8 | D55: yyyy года | F55: BEGIN | O55: NOSHIFT
A56: COLUMN | B56: 18 | C56: 2 | E56: 737 | G56: RESNONE | J56: NONE | K56: CHN | M56: BEGINVALUE | N56: 0 | O56: 493 | P56: 4 | T56: ZONENAMES | Z56: RESULT_CAPTIONS | AF56: -1 | AG56: 0 | AO56: NOSHIFT | AT56: 0 | AV56: 61 | AW56: NOCHANGE | BC56: CUTDATEBEGIN | BI56: 4 | BJ56: 0 | BK56: 0 | BL56: 1 | BM56: 0
A57: COLUMN | B57: 18 | C57: 6 | E57: 739 | G57: RESNONE | J57: NONE | K57: CHN | M57: BEGINVALUE | N57: 0 | O57: 493 | P57: 4 | T57: ZONENAMES | Z57: RESULT_CAPTIONS | AF57: -1 | AG57: 0 | AO57: NOSHIFT | AT57: 0 | AV57: 95 | AW57: NOCHANGE | BC57: CUTDATEBEGIN | BE57: ENLIKEPOW | BI57: 8 | BJ57: 0 | BK57: 0 | BL57: 1 | BM57: 0
A58: MAINSHEET | B58: 13
A59: DATE | B59: 10 | C59: 5 | D59: dd mmmm | F59: BEGIN | O59: NOSHIFT
A60: DATE | B60: 10 | C60: 8 | D60: yyyy года | F60: BEGIN | O60: NOSHIFT
A61: COLUMN | B61: 18 | C61: 2 | E61: 742 | G61: RESNONE | J61: NONE | K61: CHN | M61: BEGINVALUE | N61: 0 | O61: 488 | P61: 4 | T61: ZONENAMES | Z61: RESULT_CAPTIONS | AF61: -1 | AG61: 0 | AO61: NOSHIFT | AT61: 0 | AV61: 61 | AW61: NOCHANGE | BC61: CUTDATEBEGIN | BI61: 4 | BJ61: 0 | BK61: 0 | BL61: 1 | BM61: 0
A62: COLUMN | B62: 18 | C62: 6 | E62: 744 | G62: RESNONE | J62: NONE | K62: CHN | M62: BEGINVALUE | N62: 0 | O62: 488 | P62: 4 | T62: ZONENAMES | Z62: RESULT_CAPTIONS | AF62: -1 | AG62: 0 | AO62: NOSHIFT | AT62: 0 | AV62: 95 | AW62: NOCHANGE | BC62: CUTDATEBEGIN | BE62: ENLIKEPOW | BI62: 8 | BJ62: 0 | BK62: 0 | BL62: 1 | BM62: 0
A63: MAINSHEET | B63: 14
A64: DATE | B64: 10 | C64: 5 | D64: dd mmmm | F64: BEGIN | O64: NOSHIFT
A65: DATE | B65: 10 | C65: 8 | D65: yyyy года | F65: BEGIN | O65: NOSHIFT
A66: COLUMN | B66: 18 | C66: 2 | E66: 717 | G66: RESNONE | J66: NONE | K66: CHN | M66: BEGINVALUE | N66: 0 | O66: 490 | P66: 4 | T66: ZONENAMES | Z66: RESULT_CAPTIONS | AF66: -1 | AG66: 0 | AO66: NOSHIFT | AT66: 0 | AV66: 61 | AW66: NOCHANGE | BC66: CUTDATEBEGIN | BI66: 4 | BJ66: 0 | BK66: 0 | BL66: 1 | BM66: 0
A67: COLUMN | B67: 18 | C67: 6 | E67: 719 | G67: RESNONE | J67: NONE | K67: CHN | M67: BEGINVALUE | N67: 0 | O67: 490 | P67: 4 | T67: ZONENAMES | Z67: RESULT_CAPTIONS | AF67: -1 | AG67: 0 | AO67: NOSHIFT | AT67: 0 | AV67: 95 | AW67: NOCHANGE | BC67: CUTDATEBEGIN | BE67: ENLIKEPOW | BI67: 8 | BJ67: 0 | BK67: 0 | BL67: 1 | BM67: 0
A68: MAINSHEET | B68: 15
A69: DATE | B69: 10 | C69: 5 | D69: dd mmmm | F69: BEGIN | O69: NOSHIFT
A70: DATE | B70: 10 | C70: 8 | D70: yyyy года | F70: BEGIN | O70: NOSHIFT
A71: COLUMN | B71: 18 | C71: 2 | E71: 727 | G71: RESNONE | J71: NONE | K71: CHN | M71: BEGINVALUE | N71: 0 | O71: 492 | P71: 4 | T71: ZONENAMES | Z71: RESULT_CAPTIONS | AF71: -1 | AG71: 0 | AO71: NOSHIFT | AT71: 0 | AV71: 61 | AW71: NOCHANGE | BC71: CUTDATEBEGIN | BI71: 4 | BJ71: 0 | BK71: 0 | BL71: 1 | BM71: 0
A72: COLUMN | B72: 18 | C72: 6 | E72: 729 | G72: RESNONE | J72: NONE | K72: CHN | M72: BEGINVALUE | N72: 0 | O72: 492 | P72: 4 | T72: ZONENAMES | Z72: RESULT_CAPTIONS | AF72: -1 | AG72: 0 | AO72: NOSHIFT | AT72: 0 | AV72: 95 | AW72: NOCHANGE | BC72: CUTDATEBEGIN | BE72: ENLIKEPOW | BI72: 8 | BJ72: 0 | BK72: 0 | BL72: 1 | BM72: 0
A73: MAINSHEET | B73: 16
A74: DATE | B74: 10 | C74: 5 | D74: dd mmmm | F74: BEGIN | O74: NOSHIFT
A75: DATE | B75: 10 | C75: 8 | D75: yyyy года | F75: BEGIN | O75: NOSHIFT
A76: COLUMN | B76: 18 | C76: 2 | E76: 722 | G76: RESNONE | J76: NONE | K76: CHN | M76: BEGINVALUE | N76: 0 | O76: 491 | P76: 4 | T76: ZONENAMES | Z76: RESULT_CAPTIONS | AF76: -1 | AG76: 0 | AO76: NOSHIFT | AT76: 0 | AV76: 61 | AW76: NOCHANGE | BC76: CUTDATEBEGIN | BI76: 4 | BJ76: 0 | BK76: 0 | BL76: 1 | BM76: 0
A77: COLUMN | B77: 18 | C77: 6 | E77: 724 | G77: RESNONE | J77: NONE | K77: CHN | M77: BEGINVALUE | N77: 0 | O77: 491 | P77: 4 | T77: ZONENAMES | Z77: RESULT_CAPTIONS | AF77: -1 | AG77: 0 | AO77: NOSHIFT | AT77: 0 | AV77: 95 | AW77: NOCHANGE | BC77: CUTDATEBEGIN | BE77: ENLIKEPOW | BI77: 8 | BJ77: 0 | BK77: 0 | BL77: 1 | BM77: 0
A78: MAINSHEET | B78: 17
A79: DATE | B79: 10 | C79: 5 | D79: dd mmmm | F79: BEGIN | O79: NOSHIFT
A80: DATE | B80: 10 | C80: 8 | D80: yyyy года | F80: BEGIN | O80: NOSHIFT
A81: COLUMN | B81: 18 | C81: 2 | E81: 347 | G81: RESNONE | J81: NONE | K81: CHN | M81: BEGINVALUE | N81: 0 | O81: 138 | P81: 4 | T81: ZONENAMES | Z81: RESULT_CAPTIONS | AF81: -1 | AG81: 0 | AO81: NOSHIFT | AT81: 0 | AV81: 61 | AW81: NOCHANGE | BC81: CUTDATEBEGIN | BI81: 4 | BJ81: 0 | BK81: 0 | BL81: 1 | BM81: 0
A82: COLUMN | B82: 18 | C82: 6 | E82: 349 | G82: RESNONE | J82: NONE | K82: CHN | M82: BEGINVALUE | N82: 0 | O82: 138 | P82: 4 | T82: ZONENAMES | Z82: RESULT_CAPTIONS | AF82: -1 | AG82: 0 | AO82: NOSHIFT | AT82: 0 | AV82: 95 | AW82: NOCHANGE | BC82: CUTDATEBEGIN | BE82: ENLIKEPOW | BI82: 8 | BJ82: 0 | BK82: 0 | BL82: 1 | BM82: 0
A83: MAINSHEET | B83: 18
A84: DATE | B84: 10 | C84: 5 | D84: dd mmmm | F84: BEGIN | O84: NOSHIFT
A85: DATE | B85: 10 | C85: 8 | D85: yyyy года | F85: BEGIN | O85: NOSHIFT
A86: COLUMN | B86: 18 | C86: 2 | E86: 352 | G86: RESNONE | J86: NONE | K86: CHN | M86: BEGINVALUE | N86: 0 | O86: 140 | P86: 4 | T86: ZONENAMES | Z86: RESULT_CAPTIONS | AF86: -1 | AG86: 0 | AO86: NOSHIFT | AT86: 0 | AV86: 61 | AW86: NOCHANGE | BC86: CUTDATEBEGIN | BI86: 4 | BJ86: 0 | BK86: 0 | BL86: 1 | BM86: 0
A87: COLUMN | B87: 18 | C87: 6 | E87: 354 | G87: RESNONE | J87: NONE | K87: CHN | M87: BEGINVALUE | N87: 0 | O87: 140 | P87: 4 | T87: ZONENAMES | Z87: RESULT_CAPTIONS | AF87: -1 | AG87: 0 | AO87: NOSHIFT | AT87: 0 | AV87: 95 | AW87: NOCHANGE | BC87: CUTDATEBEGIN | BE87: ENLIKEPOW | BI87: 8 | BJ87: 0 | BK87: 0 | BL87: 1 | BM87: 0
A88: MAINSHEET | B88: 19
A89: DATE | B89: 10 | C89: 5 | D89: dd mmmm | F89: BEGIN | O89: NOSHIFT
A90: DATE | B90: 10 | C90: 8 | D90: yyyy года | F90: BEGIN | O90: NOSHIFT
A91: COLUMN | B91: 18 | C91: 2 | E91: 332 | G91: RESNONE | J91: NONE | K91: CHN | M91: BEGINVALUE | N91: 0 | O91: 132 | P91: 4 | T91: ZONENAMES | Z91: RESULT_CAPTIONS | AF91: -1 | AG91: 0 | AO91: NOSHIFT | AT91: 0 | AV91: 61 | AW91: NOCHANGE | BC91: CUTDATEBEGIN | BI91: 4 | BJ91: 0 | BK91: 0 | BL91: 1 | BM91: 0
A92: COLUMN | B92: 18 | C92: 6 | E92: 334 | G92: RESNONE | J92: NONE | K92: CHN | M92: BEGINVALUE | N92: 0 | O92: 132 | P92: 4 | T92: ZONENAMES | Z92: RESULT_CAPTIONS | AF92: -1 | AG92: 0 | AO92: NOSHIFT | AT92: 0 | AV92: 95 | AW92: NOCHANGE | BC92: CUTDATEBEGIN | BE92: ENLIKEPOW | BI92: 8 | BJ92: 0 | BK92: 0 | BL92: 1 | BM92: 0

Sheet Ячейка 24
A1: ОАО "Пластик" | G1: Шифр | M1: I. Сведения о присоединенных трансформаторах и высоковольтных электродвигателях
A2: (наименование предприятия) | M2: 1. Трансформаторы
A3: г. Узловая, Тульская, 1 | G3: Питающий центр | I3: П/ст №167 (ГПП-1) | M3: №№ | N3: Место установки | P3: Мощность | R3: Номинальн. | T3: Включен. | V3: Назначение | X3: Примечание
A4: (адрес) | R4: напряжение | T4: на ответвление | V4: тр-ра
G5: № фидера | I5: яч 24 тр-р №1 | M5: п/п | P5: ква | R5: ________ кВ | T5: ________ кВ | V5: силов. освет.
A6: (министерство, ведомство) | V6: печной
A8: ПРОТОКОЛ (первичный)
A9: записей показания электросчетчиков и вольтметров, а также определение
A10: нагрузок и тангенса "фи" за | E10: 21 июня | H10: 2017года
A11: напряжения | E11: ______6000_____________ | I11: вольт
A13: Время записи часы | B13: Активн. сч-к тип | D13: СЭТ-4ТМ.03 | F13: Реактивн. сч-к тип | H13: СЭТ-4ТМ.03 | I13: Тангенс "фи" | J13: Показание | L13: Мощность
B14: ____________л__ | D14: № 812091210 | F14: ____________л__ | H14: №812091210 | J14: вольтметр. | L14: включен.
B15: Расчетн. коэф | D15: 18000 | F15: Расчетн. коэф | H15: 18000 | J15: на стороне | L15: компенсир.
B16: показ. | C16: разность | D16: расход за | F16: показ. | G16: разность | H16: расход за | J16: в\н | K16: н\н | L16: устройств
B17: сч-ка | C17: показ. | D17: час (кВт) | F17: сч-ка | G17: показ. | H17: час (кВт) | L17: кВар | M17: 2. Высоковольтные электродвигатели
A18: 0-00 | B18: 6123.1382 | F18: 1979.5839 | M18: №№ | N18: Место | Q18: Тип | T18: Номинальная | W18: Примечание
A19: 1-00 | B19: 6123.197 | C19: =IF(B19="","",IF(LEN(TRUNC(B18,0))-LEN(TRUNC(B19,0))=0,B19-B18,IF(LEN(TRUNC(B18,0))-LEN(TRUNC(B19,0))>0,VALUE(LEFT(B18,LEN(TRUNC(B18,0))-LEN(TRUNC(B19,0))))*POWER(10,LEN(TRUNC(B19,0)))+B19-B18,B19-B18-VALUE(LEFT(B19,LEN(TRUNC(B19,0))-LEN(TRUNC(B18,0))))*POWER(10,LEN(TRUNC(B18,0)))))) -> 0.0588 | D19: =IF(C19="","",C19*$D$15) -> 1058.4 | F19: 1979.6027 | G19: =IF(F19="","",IF(LEN(TRUNC(F18,0))-LEN(TRUNC(F19,0))=0,F19-F18,IF(LEN(TRUNC(F18,0))-LEN(TRUNC(F19,0))>0,VALUE(LEFT(F18,LEN(TRUNC(F18,0))-LEN(TRUNC(F19,0))))*POWER(10,LEN(TRUNC(F19,0)))+F19-F18,F19-F18-VALUE(LEFT(F19,LEN(TRUNC(F19,0))-LEN(TRUNC(F18,0))))*POWER(10,LEN(TRUNC(F18,0)))))) -> 0.0188 | H19: =IF(G19="","",G19*$H$15) -> 338.4 | I19: =IF(H19="","",IF(D19="","",IF(AND(H19=0,D19=0),0,H19/D19))) -> 0.31972789 | K19: 6.437719 | Q19: (синхронный,
A20: 2-00 | B20: 6123.2548 | C20: =IF(B20="","",IF(LEN(TRUNC(B19,0))-LEN(TRUNC(B20,0))=0,B20-B19,IF(LEN(TRUNC(B19,0))-LEN(TRUNC(B20,0))>0,VALUE(LEFT(B19,LEN(TRUNC(B19,0))-LEN(TRUNC(B20,0))))*POWER(10,LEN(TRUNC(B20,0)))+B20-B19,B20-B19-VALUE(LEFT(B20,LEN(TRUNC(B20,0))-LEN(TRUNC(B19,0))))*POWER(10,LEN(TRUNC(B19,0)))))) -> 0.0578 | D20: =IF(C20="","",C20*$D$15) -> 1040.4 | F20: 1979.6227 | G20: =IF(F20="","",IF(LEN(TRUNC(F19,0))-LEN(TRUNC(F20,0))=0,F20-F19,IF(LEN(TRUNC(F19,0))-LEN(TRUNC(F20,0))>0,VALUE(LEFT(F19,LEN(TRUNC(F19,0))-LEN(TRUNC(F20,0))))*POWER(10,LEN(TRUNC(F20,0)))+F20-F19,F20-F19-VALUE(LEFT(F20,LEN(TRUNC(F20,0))-LEN(TRUNC(F19,0))))*POWER(10,LEN(TRUNC(F19,0)))))) -> 0.02 | H20: =IF(G20="","",G20*$H$15) -> 360 | I20: =IF(H20="","",IF(D20="","",IF(AND(H20=0,D20=0),0,H20/D20))) -> 0.34602076 | K20: 6.469511 | M20: п/п | N20: установки | Q20: асинхронный) | T20: мощность кВт
A21: 3-00 | B21: 6123.3131 | C21: =IF(B21="","",IF(LEN(TRUNC(B20,0))-LEN(TRUNC(B21,0))=0,B21-B20,IF(LEN(TRUNC(B20,0))-LEN(TRUNC(B21,0))>0,VALUE(LEFT(B20,LEN(TRUNC(B20,0))-LEN(TRUNC(B21,0))))*POWER(10,LEN(TRUNC(B21,0)))+B21-B20,B21-B20-VALUE(LEFT(B21,LEN(TRUNC(B21,0))-LEN(TRUNC(B20,0))))*POWER(10,LEN(TRUNC(B20,0)))))) -> 0.0583 | D21: =IF(C21="","",C21*$D$15) -> 1049.4 | F21: 1979.6422 | G21: =IF(F21="","",IF(LEN(TRUNC(F20,0))-LEN(TRUNC(F21,0))=0,F21-F20,IF(LEN(TRUNC(F20,0))-LEN(TRUNC(F21,0))>0,VALUE(LEFT(F20,LEN(TRUNC(F20,0))-LEN(TRUNC(F21,0))))*POWER(10,LEN(TRUNC(F21,0)))+F21-F20,F21-F20-VALUE(LEFT(F21,LEN(TRUNC(F21,0))-LEN(TRUNC(F20,0))))*POWER(10,LEN(TRUNC(F20,0)))))) -> 0.0195 | H21: =IF(G21="","",G21*$H$15) -> 351 | I21: =IF(H21="","",IF(D21="","",IF(AND(H21=0,D21=0),0,H21/D21))) -> 0.33447684 | K21: 6.473572
A22: 4-00 | B22: 6123.3719 | C22: =IF(B22="","",IF(LEN(TRUNC(B21,0))-LEN(TRUNC(B22,0))=0,B22-B21,IF(LEN(TRUNC(B21,0))-LEN(TRUNC(B22,0))>0,VALUE(LEFT(B21,LEN(TRUNC(B21,0))-LEN(TRUNC(B22,0))))*POWER(10,LEN(TRUNC(B22,0)))+B22-B21,B22-B21-VALUE(LEFT(B22,LEN(TRUNC(B22,0))-LEN(TRUNC(B21,0))))*POWER(10,LEN(TRUNC(B21,0)))))) -> 0.0588 | D22: =IF(C22="","",C22*$D$15) -> 1058.4 | F22: 1979.6618 | G22: =IF(F22="","",IF(LEN(TRUNC(F21,0))-LEN(TRUNC(F22,0))=0,F22-F21,IF(LEN(TRUNC(F21,0))-LEN(TRUNC(F22,0))>0,VALUE(LEFT(F21,LEN(TRUNC(F21,0))-LEN(TRUNC(F22,0))))*POWER(10,LEN(TRUNC(F22,0)))+F22-F21,F22-F21-VALUE(LEFT(F22,LEN(TRUNC(F22,0))-LEN(TRUNC(F21,0))))*POWER(10,LEN(TRUNC(F21,0)))))) -> 0.0196 | H22: =IF(G22="","",G22*$H$15) -> 352.8 | I22: =IF(H22="","",IF(D22="","",IF(AND(H22=0,D22=0),0,H22/D22))) -> 0.33333333 | K22: 6.500047
A23: 5-00 | B23: 6123.4302 | C23: =IF(B23="","",IF(LEN(TRUNC(B22,0))-LEN(TRUNC(B23,0))=0,B23-B22,IF(LEN(TRUNC(B22,0))-LEN(TRUNC(B23,0))>0,VALUE(LEFT(B22,LEN(TRUNC(B22,0))-LEN(TRUNC(B23,0))))*POWER(10,LEN(TRUNC(B23,0)))+B23-B22,B23-B22-VALUE(LEFT(B23,LEN(TRUNC(B23,0))-LEN(TRUNC(B22,0))))*POWER(10,LEN(TRUNC(B22,0)))))) -> 0.0583 | D23: =IF(C23="","",C23*$D$15) -> 1049.4 | F23: 1979.6817 | G23: =IF(F23="","",IF(LEN(TRUNC(F22,0))-LEN(TRUNC(F23,0))=0,F23-F22,IF(LEN(TRUNC(F22,0))-LEN(TRUNC(F23,0))>0,VALUE(LEFT(F22,LEN(TRUNC(F22,0))-LEN(TRUNC(F23,0))))*POWER(10,LEN(TRUNC(F23,0)))+F23-F22,F23-F22-VALUE(LEFT(F23,LEN(TRUNC(F23,0))-LEN(TRUNC(F22,0))))*POWER(10,LEN(TRUNC(F22,0)))))) -> 0.0199 | H23: =IF(G23="","",G23*$H$15) -> 358.2 | I23: =IF(H23="","",IF(D23="","",IF(AND(H23=0,D23=0),0,H23/D23))) -> 0.34133791 | K23: 6.424461
A24: 6-00 | B24: 6123.4847 | C24: =IF(B24="","",IF(LEN(TRUNC(B23,0))-LEN(TRUNC(B24,0))=0,B24-B23,IF(LEN(TRUNC(B23,0))-LEN(TRUNC(B24,0))>0,VALUE(LEFT(B23,LEN(TRUNC(B23,0))-LEN(TRUNC(B24,0))))*POWER(10,LEN(TRUNC(B24,0)))+B24-B23,B24-B23-VALUE(LEFT(B24,LEN(TRUNC(B24,0))-LEN(TRUNC(B23,0))))*POWER(10,LEN(TRUNC(B23,0)))))) -> 0.0545 | D24: =IF(C24="","",C24*$D$15) -> 981 | F24: 1979.6987 | G24: =IF(F24="","",IF(LEN(TRUNC(F23,0))-LEN(TRUNC(F24,0))=0,F24-F23,IF(LEN(TRUNC(F23,0))-LEN(TRUNC(F24,0))>0,VALUE(LEFT(F23,LEN(TRUNC(F23,0))-LEN(TRUNC(F24,0))))*POWER(10,LEN(TRUNC(F24,0)))+F24-F23,F24-F23-VALUE(LEFT(F24,LEN(TRUNC(F24,0))-LEN(TRUNC(F23,0))))*POWER(10,LEN(TRUNC(F23,0)))))) -> 0.017 | H24: =IF(G24="","",G24*$H$15) -> 306 | I24: =IF(H24="","",IF(D24="","",IF(AND(H24=0,D24=0),0,H24/D24))) -> 0.31192661 | K24: 6.408624
A25: 7-00 | B25: 6123.5375 | C25: =IF(B25="","",IF(LEN(TRUNC(B24,0))-LEN(TRUNC(B25,0))=0,B25-B24,IF(LEN(TRUNC(B24,0))-LEN(TRUNC(B25,0))>0,VALUE(LEFT(B24,LEN(TRUNC(B24,0))-LEN(TRUNC(B25,0))))*POWER(10,LEN(TRUNC(B25,0)))+B25-B24,B25-B24-VALUE(LEFT(B25,LEN(TRUNC(B25,0))-LEN(TRUNC(B24,0))))*POWER(10,LEN(TRUNC(B24,0)))))) -> 0.0528 | D25: =IF(C25="","",C25*$D$15) -> 950.4 | F25: 1979.7132 | G25: =IF(F25="","",IF(LEN(TRUNC(F24,0))-LEN(TRUNC(F25,0))=0,F25-F24,IF(LEN(TRUNC(F24,0))-LEN(TRUNC(F25,0))>0,VALUE(LEFT(F24,LEN(TRUNC(F24,0))-LEN(TRUNC(F25,0))))*POWER(10,LEN(TRUNC(F25,0)))+F25-F24,F25-F24-VALUE(LEFT(F25,LEN(TRUNC(F25,0))-LEN(TRUNC(F24,0))))*POWER(10,LEN(TRUNC(F24,0)))))) -> 0.0145 | H25: =IF(G25="","",G25*$H$15) -> 261 | I25: =IF(H25="","",IF(D25="","",IF(AND(H25=0,D25=0),0,H25/D25))) -> 0.27462121 | K25: 6.493739
A26: 8-00 | B26: 6123.592 | C26: =IF(B26="","",IF(LEN(TRUNC(B25,0))-LEN(TRUNC(B26,0))=0,B26-B25,IF(LEN(TRUNC(B25,0))-LEN(TRUNC(B26,0))>0,VALUE(LEFT(B25,LEN(TRUNC(B25,0))-LEN(TRUNC(B26,0))))*POWER(10,LEN(TRUNC(B26,0)))+B26-B25,B26-B25-VALUE(LEFT(B26,LEN(TRUNC(B26,0))-LEN(TRUNC(B25,0))))*POWER(10,LEN(TRUNC(B25,0)))))) -> 0.0545 | D26: =IF(C26="","",C26*$D$15) -> 981 | F26: 1979.7263 | G26: =IF(F26="","",IF(LEN(TRUNC(F25,0))-LEN(TRUNC(F26,0))=0,F26-F25,IF(LEN(TRUNC(F25,0))-LEN(TRUNC(F26,0))>0,VALUE(LEFT(F25,LEN(TRUNC(F25,0))-LEN(TRUNC(F26,0))))*POWER(10,LEN(TRUNC(F26,0)))+F26-F25,F26-F25-VALUE(LEFT(F26,LEN(TRUNC(F26,0))-LEN(TRUNC(F25,0))))*POWER(10,LEN(TRUNC(F25,0)))))) -> 0.0131 | H26: =IF(G26="","",G26*$H$15) -> 235.8 | I26: =IF(H26="","",IF(D26="","",IF(AND(H26=0,D26=0),0,H26/D26))) -> 0.24036697 | K26: 6.347729
A27: 9-00 | B27: 6123.6421 | C27: =IF(B27="","",IF(LEN(TRUNC(B26,0))-LEN(TRUNC(B27,0))=0,B27-B26,IF(LEN(TRUNC(B26,0))-LEN(TRUNC(B27,0))>0,VALUE(LEFT(B26,LEN(TRUNC(B26,0))-LEN(TRUNC(B27,0))))*POWER(10,LEN(TRUNC(B27,0)))+B27-B26,B27-B26-VALUE(LEFT(B27,LEN(TRUNC(B27,0))-LEN(TRUNC(B26,0))))*POWER(10,LEN(TRUNC(B26,0)))))) -> 0.0501 | D27: =IF(C27="","",C27*$D$15) -> 901.8 | F27: 1979.7412 | G27: =IF(F27="","",IF(LEN(TRUNC(F26,0))-LEN(TRUNC(F27,0))=0,F27-F26,IF(LEN(TRUNC(F26,0))-LEN(TRUNC(F27,0))>0,VALUE(LEFT(F26,LEN(TRUNC(F26,0))-LEN(TRUNC(F27,0))))*POWER(10,LEN(TRUNC(F27,0)))+F27-F26,F27-F26-VALUE(LEFT(F27,LEN(TRUNC(F27,0))-LEN(TRUNC(F26,0))))*POWER(10,LEN(TRUNC(F26,0)))))) -> 0.0149 | H27: =IF(G27="","",G27*$H$15) -> 268.2 | I27: =IF(H27="","",IF(D27="","",IF(AND(H27=0,D27=0),0,H27/D27))) -> 0.29740519 | K27: 6.287414
A28: 10-00 | B28: 6123.7018 | C28: =IF(B28="","",IF(LEN(TRUNC(B27,0))-LEN(TRUNC(B28,0))=0,B28-B27,IF(LEN(TRUNC(B27,0))-LEN(TRUNC(B28,0))>0,VALUE(LEFT(B27,LEN(TRUNC(B27,0))-LEN(TRUNC(B28,0))))*POWER(10,LEN(TRUNC(B28,0)))+B28-B27,B28-B27-VALUE(LEFT(B28,LEN(TRUNC(B28,0))-LEN(TRUNC(B27,0))))*POWER(10,LEN(TRUNC(B27,0)))))) -> 0.0597 | D28: =IF(C28="","",C28*$D$15) -> 1074.6 | F28: 1979.7594 | G28: =IF(F28="","",IF(LEN(TRUNC(F27,0))-LEN(TRUNC(F28,0))=0,F28-F27,IF(LEN(TRUNC(F27,0))-LEN(TRUNC(F28,0))>0,VALUE(LEFT(F27,LEN(TRUNC(F27,0))-LEN(TRUNC(F28,0))))*POWER(10,LEN(TRUNC(F28,0)))+F28-F27,F28-F27-VALUE(LEFT(F28,LEN(TRUNC(F28,0))-LEN(TRUNC(F27,0))))*POWER(10,LEN(TRUNC(F27,0)))))) -> 0.0182 | H28: =IF(G28="","",G28*$H$15) -> 327.6 | I28: =IF(H28="","",IF(D28="","",IF(AND(H28=0,D28=0),0,H28/D28))) -> 0.30485762 | K28: 6.216361
A29: 11-00 | B29: 6123.7593 | C29: =IF(B29="","",IF(LEN(TRUNC(B28,0))-LEN(TRUNC(B29,0))=0,B29-B28,IF(LEN(TRUNC(B28,0))-LEN(TRUNC(B29,0))>0,VALUE(LEFT(B28,LEN(TRUNC(B28,0))-LEN(TRUNC(B29,0))))*POWER(10,LEN(TRUNC(B29,0)))+B29-B28,B29-B28-VALUE(LEFT(B29,LEN(TRUNC(B29,0))-LEN(TRUNC(B28,0))))*POWER(10,LEN(TRUNC(B28,0)))))) -> 0.0575 | D29: =IF(C29="","",C29*$D$15) -> 1035 | F29: 1979.7775 | G29: =IF(F29="","",IF(LEN(TRUNC(F28,0))-LEN(TRUNC(F29,0))=0,F29-F28,IF(LEN(TRUNC(F28,0))-LEN(TRUNC(F29,0))>0,VALUE(LEFT(F28,LEN(TRUNC(F28,0))-LEN(TRUNC(F29,0))))*POWER(10,LEN(TRUNC(F29,0)))+F29-F28,F29-F28-VALUE(LEFT(F29,LEN(TRUNC(F29,0))-LEN(TRUNC(F28,0))))*POWER(10,LEN(TRUNC(F28,0)))))) -> 0.0181 | H29: =IF(G29="","",G29*$H$15) -> 325.8 | I29: =IF(H29="","",IF(D29="","",IF(AND(H29=0,D29=0),0,H29/D29))) -> 0.31478261 | K29: 6.209973 | M29: Указать отдельно рабочие и запломбированные трансформаторы и высоковольтные электродвигатели
A30: 12-00 | B30: 6123.8113 | C30: =IF(B30="","",IF(LEN(TRUNC(B29,0))-LEN(TRUNC(B30,0))=0,B30-B29,IF(LEN(TRUNC(B29,0))-LEN(TRUNC(B30,0))>0,VALUE(LEFT(B29,LEN(TRUNC(B29,0))-LEN(TRUNC(B30,0))))*POWER(10,LEN(TRUNC(B30,0)))+B30-B29,B30-B29-VALUE(LEFT(B30,LEN(TRUNC(B30,0))-LEN(TRUNC(B29,0))))*POWER(10,LEN(TRUNC(B29,0)))))) -> 0.052 | D30: =IF(C30="","",C30*$D$15) -> 936 | F30: 1979.7926 | G30: =IF(F30="","",IF(LEN(TRUNC(F29,0))-LEN(TRUNC(F30,0))=0,F30-F29,IF(LEN(TRUNC(F29,0))-LEN(TRUNC(F30,0))>0,VALUE(LEFT(F29,LEN(TRUNC(F29,0))-LEN(TRUNC(F30,0))))*POWER(10,LEN(TRUNC(F30,0)))+F30-F29,F30-F29-VALUE(LEFT(F30,LEN(TRUNC(F30,0))-LEN(TRUNC(F29,0))))*POWER(10,LEN(TRUNC(F29,0)))))) -> 0.0151 | H30: =IF(G30="","",G30*$H$15) -> 271.8 | I30: =IF(H30="","",IF(D30="","",IF(AND(H30=0,D30=0),0,H30/D30))) -> 0.29038462 | K30: 6.150782 | M30: II. Статконденсаторы всех напряжений
A31: 13-00 | B31: 6123.8612 | C31: =IF(B31="","",IF(LEN(TRUNC(B30,0))-LEN(TRUNC(B31,0))=0,B31-B30,IF(LEN(TRUNC(B30,0))-LEN(TRUNC(B31,0))>0,VALUE(LEFT(B30,LEN(TRUNC(B30,0))-LEN(TRUNC(B31,0))))*POWER(10,LEN(TRUNC(B31,0)))+B31-B30,B31-B30-VALUE(LEFT(B31,LEN(TRUNC(B31,0))-LEN(TRUNC(B30,0))))*POWER(10,LEN(TRUNC(B30,0)))))) -> 0.0499 | D31: =IF(C31="","",C31*$D$15) -> 898.2 | F31: 1979.8073 | G31: =IF(F31="","",IF(LEN(TRUNC(F30,0))-LEN(TRUNC(F31,0))=0,F31-F30,IF(LEN(TRUNC(F30,0))-LEN(TRUNC(F31,0))>0,VALUE(LEFT(F30,LEN(TRUNC(F30,0))-LEN(TRUNC(F31,0))))*POWER(10,LEN(TRUNC(F31,0)))+F31-F30,F31-F30-VALUE(LEFT(F31,LEN(TRUNC(F31,0))-LEN(TRUNC(F30,0))))*POWER(10,LEN(TRUNC(F30,0)))))) -> 0.0147 | H31: =IF(G31="","",G31*$H$15) -> 264.6 | I31: =IF(H31="","",IF(D31="","",IF(AND(H31=0,D31=0),0,H31/D31))) -> 0.29458918 | K31: 6.265051 | M31: №№ | N31: Место | P31: Номинальное | R31: Номинальная | T31: В т.ч. с | V31: Время включения | Y31: Примечание
A32: 14-00 | B32: 6123.9202 | C32: =IF(B32="","",IF(LEN(TRUNC(B31,0))-LEN(TRUNC(B32,0))=0,B32-B31,IF(LEN(TRUNC(B31,0))-LEN(TRUNC(B32,0))>0,VALUE(LEFT(B31,LEN(TRUNC(B31,0))-LEN(TRUNC(B32,0))))*POWER(10,LEN(TRUNC(B32,0)))+B32-B31,B32-B31-VALUE(LEFT(B32,LEN(TRUNC(B32,0))-LEN(TRUNC(B31,0))))*POWER(10,LEN(TRUNC(B31,0)))))) -> 0.059 | D32: =IF(C32="","",C32*$D$15) -> 1062 | F32: 1979.8231 | G32: =IF(F32="","",IF(LEN(TRUNC(F31,0))-LEN(TRUNC(F32,0))=0,F32-F31,IF(LEN(TRUNC(F31,0))-LEN(TRUNC(F32,0))>0,VALUE(LEFT(F31,LEN(TRUNC(F31,0))-LEN(TRUNC(F32,0))))*POWER(10,LEN(TRUNC(F32,0)))+F32-F31,F32-F31-VALUE(LEFT(F32,LEN(TRUNC(F32,0))-LEN(TRUNC(F31,0))))*POWER(10,LEN(TRUNC(F31,0)))))) -> 0.0158 | H32: =IF(G32="","",G32*$H$15) -> 284.4 | I32: =IF(H32="","",IF(D32="","",IF(AND(H32=0,D32=0),0,H32/D32))) -> 0.26779661 | K32: 5.949984 | P32: напряжение | R32: мощность | T32: авторегулир. | V32: и отключения
A33: 15-00 | B33: 6123.9729 | C33: =IF(B33="","",IF(LEN(TRUNC(B32,0))-LEN(TRUNC(B33,0))=0,B33-B32,IF(LEN(TRUNC(B32,0))-LEN(TRUNC(B33,0))>0,VALUE(LEFT(B32,LEN(TRUNC(B32,0))-LEN(TRUNC(B33,0))))*POWER(10,LEN(TRUNC(B33,0)))+B33-B32,B33-B32-VALUE(LEFT(B33,LEN(TRUNC(B33,0))-LEN(TRUNC(B32,0))))*POWER(10,LEN(TRUNC(B32,0)))))) -> 0.0527 | D33: =IF(C33="","",C33*$D$15) -> 948.6 | F33: 1979.8383 | G33: =IF(F33="","",IF(LEN(TRUNC(F32,0))-LEN(TRUNC(F33,0))=0,F33-F32,IF(LEN(TRUNC(F32,0))-LEN(TRUNC(F33,0))>0,VALUE(LEFT(F32,LEN(TRUNC(F32,0))-LEN(TRUNC(F33,0))))*POWER(10,LEN(TRUNC(F33,0)))+F33-F32,F33-F32-VALUE(LEFT(F33,LEN(TRUNC(F33,0))-LEN(TRUNC(F32,0))))*POWER(10,LEN(TRUNC(F32,0)))))) -> 0.0152 | H33: =IF(G33="","",G33*$H$15) -> 273.6 | I33: =IF(H33="","",IF(D33="","",IF(AND(H33=0,D33=0),0,H33/D33))) -> 0.28842505 | K33: 6.209528 | M33: п/п | N33: установки | P33: кВ | R33: кВар | T33: кВар | V33: установки за сутки
A34: 16-00 | B34: 6124.0251 | C34: =IF(B34="","",IF(LEN(TRUNC(B33,0))-LEN(TRUNC(B34,0))=0,B34-B33,IF(LEN(TRUNC(B33,0))-LEN(TRUNC(B34,0))>0,VALUE(LEFT(B33,LEN(TRUNC(B33,0))-LEN(TRUNC(B34,0))))*POWER(10,LEN(TRUNC(B34,0)))+B34-B33,B34-B33-VALUE(LEFT(B34,LEN(TRUNC(B34,0))-LEN(TRUNC(B33,0))))*POWER(10,LEN(TRUNC(B33,0)))))) -> 0.0522 | D34: =IF(C34="","",C34*$D$15) -> 939.6 | F34: 1979.8537 | G34: =IF(F34="","",IF(LEN(TRUNC(F33,0))-LEN(TRUNC(F34,0))=0,F34-F33,IF(LEN(TRUNC(F33,0))-LEN(TRUNC(F34,0))>0,VALUE(LEFT(F33,LEN(TRUNC(F33,0))-LEN(TRUNC(F34,0))))*POWER(10,LEN(TRUNC(F34,0)))+F34-F33,F34-F33-VALUE(LEFT(F34,LEN(TRUNC(F34,0))-LEN(TRUNC(F33,0))))*POWER(10,LEN(TRUNC(F33,0)))))) -> 0.0154 | H34: =IF(G34="","",G34*$H$15) -> 277.2 | I34: =IF(H34="","",IF(D34="","",IF(AND(H34=0,D34=0),0,H34/D34))) -> 0.29501916 | K34: 6.135647
A35: 17-00 | B35: 6124.079 | C35: =IF(B35="","",IF(LEN(TRUNC(B34,0))-LEN(TRUNC(B35,0))=0,B35-B34,IF(LEN(TRUNC(B34,0))-LEN(TRUNC(B35,0))>0,VALUE(LEFT(B34,LEN(TRUNC(B34,0))-LEN(TRUNC(B35,0))))*POWER(10,LEN(TRUNC(B35,0)))+B35-B34,B35-B34-VALUE(LEFT(B35,LEN(TRUNC(B35,0))-LEN(TRUNC(B34,0))))*POWER(10,LEN(TRUNC(B34,0)))))) -> 0.0539 | D35: =IF(C35="","",C35*$D$15) -> 970.2 | F35: 1979.8687 | G35: =IF(F35="","",IF(LEN(TRUNC(F34,0))-LEN(TRUNC(F35,0))=0,F35-F34,IF(LEN(TRUNC(F34,0))-LEN(TRUNC(F35,0))>0,VALUE(LEFT(F34,LEN(TRUNC(F34,0))-LEN(TRUNC(F35,0))))*POWER(10,LEN(TRUNC(F35,0)))+F35-F34,F35-F34-VALUE(LEFT(F35,LEN(TRUNC(F35,0))-LEN(TRUNC(F34,0))))*POWER(10,LEN(TRUNC(F34,0)))))) -> 0.015 | H35: =IF(G35="","",G35*$H$15) -> 270 | I35: =IF(H35="","",IF(D35="","",IF(AND(H35=0,D35=0),0,H35/D35))) -> 0.27829314 | K35: 6.158191 | N35: КТП-22,23,24,25 | P35: 0.4 | R35: 696
A36: 18-00 | B36: 6124.1277 | C36: =IF(B36="","",IF(LEN(TRUNC(B35,0))-LEN(TRUNC(B36,0))=0,B36-B35,IF(LEN(TRUNC(B35,0))-LEN(TRUNC(B36,0))>0,VALUE(LEFT(B35,LEN(TRUNC(B35,0))-LEN(TRUNC(B36,0))))*POWER(10,LEN(TRUNC(B36,0)))+B36-B35,B36-B35-VALUE(LEFT(B36,LEN(TRUNC(B36,0))-LEN(TRUNC(B35,0))))*POWER(10,LEN(TRUNC(B35,0)))))) -> 0.0487 | D36: =IF(C36="","",C36*$D$15) -> 876.6 | F36: 1979.8828 | G36: =IF(F36="","",IF(LEN(TRUNC(F35,0))-LEN(TRUNC(F36,0))=0,F36-F35,IF(LEN(TRUNC(F35,0))-LEN(TRUNC(F36,0))>0,VALUE(LEFT(F35,LEN(TRUNC(F35,0))-LEN(TRUNC(F36,0))))*POWER(10,LEN(TRUNC(F36,0)))+F36-F35,F36-F35-VALUE(LEFT(F36,LEN(TRUNC(F36,0))-LEN(TRUNC(F35,0))))*POWER(10,LEN(TRUNC(F35,0)))))) -> 0.0141 | H36: =IF(G36="","",G36*$H$15) -> 253.8 | I36: =IF(H36="","",IF(D36="","",IF(AND(H36=0,D36=0),0,H36/D36))) -> 0.28952772 | K36: 6.217741 | N36: РП-1 | P36: 6 | R36: 870
A37: 19-00 | B37: 6124.1753 | C37: =IF(B37="","",IF(LEN(TRUNC(B36,0))-LEN(TRUNC(B37,0))=0,B37-B36,IF(LEN(TRUNC(B36,0))-LEN(TRUNC(B37,0))>0,VALUE(LEFT(B36,LEN(TRUNC(B36,0))-LEN(TRUNC(B37,0))))*POWER(10,LEN(TRUNC(B37,0)))+B37-B36,B37-B36-VALUE(LEFT(B37,LEN(TRUNC(B37,0))-LEN(TRUNC(B36,0))))*POWER(10,LEN(TRUNC(B36,0)))))) -> 0.0476 | D37: =IF(C37="","",C37*$D$15) -> 856.8 | F37: 1979.8966 | G37: =IF(F37="","",IF(LEN(TRUNC(F36,0))-LEN(TRUNC(F37,0))=0,F37-F36,IF(LEN(TRUNC(F36,0))-LEN(TRUNC(F37,0))>0,VALUE(LEFT(F36,LEN(TRUNC(F36,0))-LEN(TRUNC(F37,0))))*POWER(10,LEN(TRUNC(F37,0)))+F37-F36,F37-F36-VALUE(LEFT(F37,LEN(TRUNC(F37,0))-LEN(TRUNC(F36,0))))*POWER(10,LEN(TRUNC(F36,0)))))) -> 0.0138 | H37: =IF(G37="","",G37*$H$15) -> 248.4 | I37: =IF(H37="","",IF(D37="","",IF(AND(H37=0,D37=0),0,H37/D37))) -> 0.28991597 | K37: 6.226002
A38: 20-00 | B38: 6124.2214 | C38: =IF(B38="","",IF(LEN(TRUNC(B37,0))-LEN(TRUNC(B38,0))=0,B38-B37,IF(LEN(TRUNC(B37,0))-LEN(TRUNC(B38,0))>0,VALUE(LEFT(B37,LEN(TRUNC(B37,0))-LEN(TRUNC(B38,0))))*POWER(10,LEN(TRUNC(B38,0)))+B38-B37,B38-B37-VALUE(LEFT(B38,LEN(TRUNC(B38,0))-LEN(TRUNC(B37,0))))*POWER(10,LEN(TRUNC(B37,0)))))) -> 0.0461 | D38: =IF(C38="","",C38*$D$15) -> 829.8 | F38: 1979.9081 | G38: =IF(F38="","",IF(LEN(TRUNC(F37,0))-LEN(TRUNC(F38,0))=0,F38-F37,IF(LEN(TRUNC(F37,0))-LEN(TRUNC(F38,0))>0,VALUE(LEFT(F37,LEN(TRUNC(F37,0))-LEN(TRUNC(F38,0))))*POWER(10,LEN(TRUNC(F38,0)))+F38-F37,F38-F37-VALUE(LEFT(F38,LEN(TRUNC(F38,0))-LEN(TRUNC(F37,0))))*POWER(10,LEN(TRUNC(F37,0)))))) -> 0.0115 | H38: =IF(G38="","",G38*$H$15) -> 207 | I38: =IF(H38="","",IF(D38="","",IF(AND(H38=0,D38=0),0,H38/D38))) -> 0.2494577 | K38: 6.376532
A39: 21-00 | B39: 6124.2695 | C39: =IF(B39="","",IF(LEN(TRUNC(B38,0))-LEN(TRUNC(B39,0))=0,B39-B38,IF(LEN(TRUNC(B38,0))-LEN(TRUNC(B39,0))>0,VALUE(LEFT(B38,LEN(TRUNC(B38,0))-LEN(TRUNC(B39,0))))*POWER(10,LEN(TRUNC(B39,0)))+B39-B38,B39-B38-VALUE(LEFT(B39,LEN(TRUNC(B39,0))-LEN(TRUNC(B38,0))))*POWER(10,LEN(TRUNC(B38,0)))))) -> 0.0481 | D39: =IF(C39="","",C39*$D$15) -> 865.8 | F39: 1979.9227 | G39: =IF(F39="","",IF(LEN(TRUNC(F38,0))-LEN(TRUNC(F39,0))=0,F39-F38,IF(LEN(TRUNC(F38,0))-LEN(TRUNC(F39,0))>0,VALUE(LEFT(F38,LEN(TRUNC(F38,0))-LEN(TRUNC(F39,0))))*POWER(10,LEN(TRUNC(F39,0)))+F39-F38,F39-F38-VALUE(LEFT(F39,LEN(TRUNC(F39,0))-LEN(TRUNC(F38,0))))*POWER(10,LEN(TRUNC(F38,0)))))) -> 0.0146 | H39: =IF(G39="","",G39*$H$15) -> 262.8 | I39: =IF(H39="","",IF(D39="","",IF(AND(H39=0,D39=0),0,H39/D39))) -> 0.3035343 | K39: 6.385406
A40: 22-00 | B40: 6124.3197 | C40: =IF(B40="","",IF(LEN(TRUNC(B39,0))-LEN(TRUNC(B40,0))=0,B40-B39,IF(LEN(TRUNC(B39,0))-LEN(TRUNC(B40,0))>0,VALUE(LEFT(B39,LEN(TRUNC(B39,0))-LEN(TRUNC(B40,0))))*POWER(10,LEN(TRUNC(B40,0)))+B40-B39,B40-B39-VALUE(LEFT(B40,LEN(TRUNC(B40,0))-LEN(TRUNC(B39,0))))*POWER(10,LEN(TRUNC(B39,0)))))) -> 0.0502 | D40: =IF(C40="","",C40*$D$15) -> 903.6 | F40: 1979.9387 | G40: =IF(F40="","",IF(LEN(TRUNC(F39,0))-LEN(TRUNC(F40,0))=0,F40-F39,IF(LEN(TRUNC(F39,0))-LEN(TRUNC(F40,0))>0,VALUE(LEFT(F39,LEN(TRUNC(F39,0))-LEN(TRUNC(F40,0))))*POWER(10,LEN(TRUNC(F40,0)))+F40-F39,F40-F39-VALUE(LEFT(F40,LEN(TRUNC(F40,0))-LEN(TRUNC(F39,0))))*POWER(10,LEN(TRUNC(F39,0)))))) -> 0.016 | H40: =IF(G40="","",G40*$H$15) -> 288 | I40: =IF(H40="","",IF(D40="","",IF(AND(H40=0,D40=0),0,H40/D40))) -> 0.3187251 | K40: 6.348614 | M40: III. Синхронные электродвигатели напряжением до 1000 В
A41: 23-00 | B41: 6124.3704 | C41: =IF(B41="","",IF(LEN(TRUNC(B40,0))-LEN(TRUNC(B41,0))=0,B41-B40,IF(LEN(TRUNC(B40,0))-LEN(TRUNC(B41,0))>0,VALUE(LEFT(B40,LEN(TRUNC(B40,0))-LEN(TRUNC(B41,0))))*POWER(10,LEN(TRUNC(B41,0)))+B41-B40,B41-B40-VALUE(LEFT(B41,LEN(TRUNC(B41,0))-LEN(TRUNC(B40,0))))*POWER(10,LEN(TRUNC(B40,0)))))) -> 0.0507 | D41: =IF(C41="","",C41*$D$15) -> 912.6 | F41: 1979.9553 | G41: =IF(F41="","",IF(LEN(TRUNC(F40,0))-LEN(TRUNC(F41,0))=0,F41-F40,IF(LEN(TRUNC(F40,0))-LEN(TRUNC(F41,0))>0,VALUE(LEFT(F40,LEN(TRUNC(F40,0))-LEN(TRUNC(F41,0))))*POWER(10,LEN(TRUNC(F41,0)))+F41-F40,F41-F40-VALUE(LEFT(F41,LEN(TRUNC(F41,0))-LEN(TRUNC(F40,0))))*POWER(10,LEN(TRUNC(F40,0)))))) -> 0.0166 | H41: =IF(G41="","",G41*$H$15) -> 298.8 | I41: =IF(H41="","",IF(D41="","",IF(AND(H41=0,D41=0),0,H41/D41))) -> 0.32741617 | K41: 6.278701 | M41: №№ | N41: Место | P41: Номинальная | S41: № п-п | T41: Место установки | X41: Номинальная
A42: 24-00 | B42: 6124.421 | C42: =IF(B42="","",IF(LEN(TRUNC(B41,0))-LEN(TRUNC(B42,0))=0,B42-B41,IF(LEN(TRUNC(B41,0))-LEN(TRUNC(B42,0))>0,VALUE(LEFT(B41,LEN(TRUNC(B41,0))-LEN(TRUNC(B42,0))))*POWER(10,LEN(TRUNC(B42,0)))+B42-B41,B42-B41-VALUE(LEFT(B42,LEN(TRUNC(B42,0))-LEN(TRUNC(B41,0))))*POWER(10,LEN(TRUNC(B41,0)))))) -> 0.0506 | D42: =IF(C42="","",C42*$D$15) -> 910.8 | F42: 1979.9722 | G42: =IF(F42="","",IF(LEN(TRUNC(F41,0))-LEN(TRUNC(F42,0))=0,F42-F41,IF(LEN(TRUNC(F41,0))-LEN(TRUNC(F42,0))>0,VALUE(LEFT(F41,LEN(TRUNC(F41,0))-LEN(TRUNC(F42,0))))*POWER(10,LEN(TRUNC(F42,0)))+F42-F41,F42-F41-VALUE(LEFT(F42,LEN(TRUNC(F42,0))-LEN(TRUNC(F41,0))))*POWER(10,LEN(TRUNC(F41,0)))))) -> 0.0169 | H42: =IF(G42="","",G42*$H$15) -> 304.2 | I42: =IF(H42="","",IF(D42="","",IF(AND(H42=0,D42=0),0,H42/D42))) -> 0.33399209 | K42: 6.369748
A43: Суточн. расход эл. энергии | D43: =SUM(D18:D42) -> 23090.4 | H43: =SUM(H18:H42) -> 6989.4 | I43: =IF(AND(H43=0,D43=0),0,H43/D43) -> 0.30269722 | M43: п/п | N43: установки | P43: мощность кВт | X43: мощность кВт
A44: Контрольная сумма | K44: 1000
A46: Запись показаний счетчиков производили: | G46: Расчеты произвел:
A47: 1. | D47: ___________________
A48: фамилия | D48: (подпись)
A49: 2. | D49: ___________________ | H49: Каргина Т.В. | K49: _______________ | N49: Главный энергетик | Q49: _________________________ И.Н. Чернышов
A50: фамилия | D50: (подпись) | H50: фамилия | K50: (подпись) | S50: (подпись)
A51: 3. | D51: ___________________
A52: фамилия | D52: (подпись)

Sheet Ячейка 2
A1: ОАО "Пластик" | G1: Шифр | M1: I. Сведения о присоединенных трансформаторах и высоковольтных электродвигателях
A2: (наименование предприятия) | M2: 1. Трансформаторы
A3: г. Узловая, Тульская, 1 | G3: Питающий центр | I3: П/ст №167 (ГПП-1) | M3: №№ | N3: Место установки | P3: Мощность | R3: Номинальн. | T3: Включен. | V3: Назначение | X3: Примечание
A4: (адрес) | R4: напряжение | T4: на ответвление | V4: тр-ра
G5: № фидера | I5: яч 2 тр-р №2 | M5: п/п | P5: ква | R5: ________ кВ | T5: ________ кВ | V5: силов. освет.
A6: (министерство, ведомство) | V6: печной
A8: ПРОТОКОЛ (первичный)
A9: записей показания электросчетчиков и вольтметров, а также определение
A10: нагрузок и тангенса "фи" за | E10: 21 июня | H10: 2017года
A11: напряжения | E11: _______6000_____________ | I11: вольт
A13: Время записи часы | B13: Активн. сч-к тип | D13: СЭТ-4ТМ.03 | F13: Реактивн. сч-к тип | H13: СЭТ-4ТМ.3 | I13: Тангенс "фи" | J13: Показание | L13: Мощность
B14: ____________л__ | D14: №0808090590 | F14: ____________л__ | H14: №0808090590 | J14: вольтметр. | L14: включен.
B15: Расчетн. коэф | D15: 18000 | F15: Расчетн. коэф | H15: 18000 | J15: на стороне | L15: компенсир.
B16: показ. | C16: разность | D16: расход за | F16: показ. | G16: разность | H16: расход за | J16: в\н | K16: н\н | L16: устройств
B17: сч-ка | C17: показ. | D17: час (кВт) | F17: сч-ка | G17: показ. | H17: час (кВт) | L17: кВар | M17: 2. Высоковольтные электродвигатели
A18: 0-00 | B18: 14262.923 | F18: 7160.236 | M18: №№ | N18: Место | Q18: Тип | T18: Номинальная | W18: Примечание
A19: 1-00 | B19: 14263.12 | C19: =IF(B19="","",IF(LEN(TRUNC(B18,0))-LEN(TRUNC(B19,0))=0,B19-B18,IF(LEN(TRUNC(B18,0))-LEN(TRUNC(B19,0))>0,VALUE(LEFT(B18,LEN(TRUNC(B18,0))-LEN(TRUNC(B19,0))))*POWER(10,LEN(TRUNC(B19,0)))+B19-B18,B19-B18-VALUE(LEFT(B19,LEN(TRUNC(B19,0))-LEN(TRUNC(B18,0))))*POWER(10,LEN(TRUNC(B18,0)))))) -> 0.1972 | D19: =IF(C19="","",C19*$D$15) -> 3549.6 | F19: 7160.3445 | G19: =IF(F19="","",IF(LEN(TRUNC(F18,0))-LEN(TRUNC(F19,0))=0,F19-F18,IF(LEN(TRUNC(F18,0))-LEN(TRUNC(F19,0))>0,VALUE(LEFT(F18,LEN(TRUNC(F18,0))-LEN(TRUNC(F19,0))))*POWER(10,LEN(TRUNC(F19,0)))+F19-F18,F19-F18-VALUE(LEFT(F19,LEN(TRUNC(F19,0))-LEN(TRUNC(F18,0))))*POWER(10,LEN(TRUNC(F18,0)))))) -> 0.1085 | H19: =IF(G19="","",G19*$H$15) -> 1953 | I19: =IF(H19="","",IF(D19="","",IF(AND(H19=0,D19=0),0,H19/D19))) -> 0.55020284 | K19: 6.326905 | Q19: (синхронный,
A20: 2-00 | B20: 14263.318 | C20: =IF(B20="","",IF(LEN(TRUNC(B19,0))-LEN(TRUNC(B20,0))=0,B20-B19,IF(LEN(TRUNC(B19,0))-LEN(TRUNC(B20,0))>0,VALUE(LEFT(B19,LEN(TRUNC(B19,0))-LEN(TRUNC(B20,0))))*POWER(10,LEN(TRUNC(B20,0)))+B20-B19,B20-B19-VALUE(LEFT(B20,LEN(TRUNC(B20,0))-LEN(TRUNC(B19,0))))*POWER(10,LEN(TRUNC(B19,0)))))) -> 0.1982 | D20: =IF(C20="","",C20*$D$15) -> 3567.6 | F20: 7160.458 | G20: =IF(F20="","",IF(LEN(TRUNC(F19,0))-LEN(TRUNC(F20,0))=0,F20-F19,IF(LEN(TRUNC(F19,0))-LEN(TRUNC(F20,0))>0,VALUE(LEFT(F19,LEN(TRUNC(F19,0))-LEN(TRUNC(F20,0))))*POWER(10,LEN(TRUNC(F20,0)))+F20-F19,F20-F19-VALUE(LEFT(F20,LEN(TRUNC(F20,0))-LEN(TRUNC(F19,0))))*POWER(10,LEN(TRUNC(F19,0)))))) -> 0.1135 | H20: =IF(G20="","",G20*$H$15) -> 2043 | I20: =IF(H20="","",IF(D20="","",IF(AND(H20=0,D20=0),0,H20/D20))) -> 0.57265388 | K20: 6.412437 | M20: п/п | N20: установки | Q20: асинхронный) | T20: мощность кВт
A21: 3-00 | B21: 14263.512 | C21: =IF(B21="","",IF(LEN(TRUNC(B20,0))-LEN(TRUNC(B21,0))=0,B21-B20,IF(LEN(TRUNC(B20,0))-LEN(TRUNC(B21,0))>0,VALUE(LEFT(B20,LEN(TRUNC(B20,0))-LEN(TRUNC(B21,0))))*POWER(10,LEN(TRUNC(B21,0)))+B21-B20,B21-B20-VALUE(LEFT(B21,LEN(TRUNC(B21,0))-LEN(TRUNC(B20,0))))*POWER(10,LEN(TRUNC(B20,0)))))) -> 0.1941 | D21: =IF(C21="","",C21*$D$15) -> 3493.8 | F21: 7160.5702 | G21: =IF(F21="","",IF(LEN(TRUNC(F20,0))-LEN(TRUNC(F21,0))=0,F21-F20,IF(LEN(TRUNC(F20,0))-LEN(TRUNC(F21,0))>0,VALUE(LEFT(F20,LEN(TRUNC(F20,0))-LEN(TRUNC(F21,0))))*POWER(10,LEN(TRUNC(F21,0)))+F21-F20,F21-F20-VALUE(LEFT(F21,LEN(TRUNC(F21,0))-LEN(TRUNC(F20,0))))*POWER(10,LEN(TRUNC(F20,0)))))) -> 0.1122 | H21: =IF(G21="","",G21*$H$15) -> 2019.6 | I21: =IF(H21="","",IF(D21="","",IF(AND(H21=0,D21=0),0,H21/D21))) -> 0.57805255 | K21: 6.418342
A22: 4-00 | B22: 14263.704 | C22: =IF(B22="","",IF(LEN(TRUNC(B21,0))-LEN(TRUNC(B22,0))=0,B22-B21,IF(LEN(TRUNC(B21,0))-LEN(TRUNC(B22,0))>0,VALUE(LEFT(B21,LEN(TRUNC(B21,0))-LEN(TRUNC(B22,0))))*POWER(10,LEN(TRUNC(B22,0)))+B22-B21,B22-B21-VALUE(LEFT(B22,LEN(TRUNC(B22,0))-LEN(TRUNC(B21,0))))*POWER(10,LEN(TRUNC(B21,0)))))) -> 0.1915 | D22: =IF(C22="","",C22*$D$15) -> 3447 | F22: 7160.6825 | G22: =IF(F22="","",IF(LEN(TRUNC(F21,0))-LEN(TRUNC(F22,0))=0,F22-F21,IF(LEN(TRUNC(F21,0))-LEN(TRUNC(F22,0))>0,VALUE(LEFT(F21,LEN(TRUNC(F21,0))-LEN(TRUNC(F22,0))))*POWER(10,LEN(TRUNC(F22,0)))+F22-F21,F22-F21-VALUE(LEFT(F22,LEN(TRUNC(F22,0))-LEN(TRUNC(F21,0))))*POWER(10,LEN(TRUNC(F21,0)))))) -> 0.1123 | H22: =IF(G22="","",G22*$H$15) -> 2021.4 | I22: =IF(H22="","",IF(D22="","",IF(AND(H22=0,D22=0),0,H22/D22))) -> 0.58642298 | K22: 6.240928
A23: 5-00 | B23: 14263.894 | C23: =IF(B23="","",IF(LEN(TRUNC(B22,0))-LEN(TRUNC(B23,0))=0,B23-B22,IF(LEN(TRUNC(B22,0))-LEN(TRUNC(B23,0))>0,VALUE(LEFT(B22,LEN(TRUNC(B22,0))-LEN(TRUNC(B23,0))))*POWER(10,LEN(TRUNC(B23,0)))+B23-B22,B23-B22-VALUE(LEFT(B23,LEN(TRUNC(B23,0))-LEN(TRUNC(B22,0))))*POWER(10,LEN(TRUNC(B22,0)))))) -> 0.1903 | D23: =IF(C23="","",C23*$D$15) -> 3425.4 | F23: 7160.7947 | G23: =IF(F23="","",IF(LEN(TRUNC(F22,0))-LEN(TRUNC(F23,0))=0,F23-F22,IF(LEN(TRUNC(F22,0))-LEN(TRUNC(F23,0))>0,VALUE(LEFT(F22,LEN(TRUNC(F22,0))-LEN(TRUNC(F23,0))))*POWER(10,LEN(TRUNC(F23,0)))+F23-F22,F23-F22-VALUE(LEFT(F23,LEN(TRUNC(F23,0))-LEN(TRUNC(F22,0))))*POWER(10,LEN(TRUNC(F22,0)))))) -> 0.1122 | H23: =IF(G23="","",G23*$H$15) -> 2019.6 | I23: =IF(H23="","",IF(D23="","",IF(AND(H23=0,D23=0),0,H23/D23))) -> 0.58959538 | K23: 6.461163
A24: 6-00 | B24: 14264.077 | C24: =IF(B24="","",IF(LEN(TRUNC(B23,0))-LEN(TRUNC(B24,0))=0,B24-B23,IF(LEN(TRUNC(B23,0))-LEN(TRUNC(B24,0))>0,VALUE(LEFT(B23,LEN(TRUNC(B23,0))-LEN(TRUNC(B24,0))))*POWER(10,LEN(TRUNC(B24,0)))+B24-B23,B24-B23-VALUE(LEFT(B24,LEN(TRUNC(B24,0))-LEN(TRUNC(B23,0))))*POWER(10,LEN(TRUNC(B23,0)))))) -> 0.1833 | D24: =IF(C24="","",C24*$D$15) -> 3299.4 | F24: 7160.9015 | G24: =IF(F24="","",IF(LEN(TRUNC(F23,0))-LEN(TRUNC(F24,0))=0,F24-F23,IF(LEN(TRUNC(F23,0))-LEN(TRUNC(F24,0))>0,VALUE(LEFT(F23,LEN(TRUNC(F23,0))-LEN(TRUNC(F24,0))))*POWER(10,LEN(TRUNC(F24,0)))+F24-F23,F24-F23-VALUE(LEFT(F24,LEN(TRUNC(F24,0))-LEN(TRUNC(F23,0))))*POWER(10,LEN(TRUNC(F23,0)))))) -> 0.1068 | H24: =IF(G24="","",G24*$H$15) -> 1922.4 | I24: =IF(H24="","",IF(D24="","",IF(AND(H24=0,D24=0),0,H24/D24))) -> 0.58265139 | K24: 6.475829
A25: 7-00 | B25: 14264.282 | C25: =IF(B25="","",IF(LEN(TRUNC(B24,0))-LEN(TRUNC(B25,0))=0,B25-B24,IF(LEN(TRUNC(B24,0))-LEN(TRUNC(B25,0))>0,VALUE(LEFT(B24,LEN(TRUNC(B24,0))-LEN(TRUNC(B25,0))))*POWER(10,LEN(TRUNC(B25,0)))+B25-B24,B25-B24-VALUE(LEFT(B25,LEN(TRUNC(B25,0))-LEN(TRUNC(B24,0))))*POWER(10,LEN(TRUNC(B24,0)))))) -> 0.205 | D25: =IF(C25="","",C25*$D$15) -> 3690 | F25: 7161.0133 | G25: =IF(F25="","",IF(LEN(TRUNC(F24,0))-LEN(TRUNC(F25,0))=0,F25-F24,IF(LEN(TRUNC(F24,0))-LEN(TRUNC(F25,0))>0,VALUE(LEFT(F24,LEN(TRUNC(F24,0))-LEN(TRUNC(F25,0))))*POWER(10,LEN(TRUNC(F25,0)))+F25-F24,F25-F24-VALUE(LEFT(F25,LEN(TRUNC(F25,0))-LEN(TRUNC(F24,0))))*POWER(10,LEN(TRUNC(F24,0)))))) -> 0.1118 | H25: =IF(G25="","",G25*$H$15) -> 2012.4 | I25: =IF(H25="","",IF(D25="","",IF(AND(H25=0,D25=0),0,H25/D25))) -> 0.54536585 | K25: 6.431985
A26: 8-00 | B26: 14264.501 | C26: =IF(B26="","",IF(LEN(TRUNC(B25,0))-LEN(TRUNC(B26,0))=0,B26-B25,IF(LEN(TRUNC(B25,0))-LEN(TRUNC(B26,0))>0,VALUE(LEFT(B25,LEN(TRUNC(B25,0))-LEN(TRUNC(B26,0))))*POWER(10,LEN(TRUNC(B26,0)))+B26-B25,B26-B25-VALUE(LEFT(B26,LEN(TRUNC(B26,0))-LEN(TRUNC(B25,0))))*POWER(10,LEN(TRUNC(B25,0)))))) -> 0.2185 | D26: =IF(C26="","",C26*$D$15) -> 3933 | F26: 7161.1277 | G26: =IF(F26="","",IF(LEN(TRUNC(F25,0))-LEN(TRUNC(F26,0))=0,F26-F25,IF(LEN(TRUNC(F25,0))-LEN(TRUNC(F26,0))>0,VALUE(LEFT(F25,LEN(TRUNC(F25,0))-LEN(TRUNC(F26,0))))*POWER(10,LEN(TRUNC(F26,0)))+F26-F25,F26-F25-VALUE(LEFT(F26,LEN(TRUNC(F26,0))-LEN(TRUNC(F25,0))))*POWER(10,LEN(TRUNC(F25,0)))))) -> 0.1144 | H26: =IF(G26="","",G26*$H$15) -> 2059.2 | I26: =IF(H26="","",IF(D26="","",IF(AND(H26=0,D26=0),0,H26/D26))) -> 0.52356979 | K26: 6.347073
A27: 9-00 | B27: 14264.733 | C27: =IF(B27="","",IF(LEN(TRUNC(B26,0))-LEN(TRUNC(B27,0))=0,B27-B26,IF(LEN(TRUNC(B26,0))-LEN(TRUNC(B27,0))>0,VALUE(LEFT(B26,LEN(TRUNC(B26,0))-LEN(TRUNC(B27,0))))*POWER(10,LEN(TRUNC(B27,0)))+B27-B26,B27-B26-VALUE(LEFT(B27,LEN(TRUNC(B27,0))-LEN(TRUNC(B26,0))))*POWER(10,LEN(TRUNC(B26,0)))))) -> 0.2324 | D27: =IF(C27="","",C27*$D$15) -> 4183.2 | F27: 7161.2457 | G27: =IF(F27="","",IF(LEN(TRUNC(F26,0))-LEN(TRUNC(F27,0))=0,F27-F26,IF(LEN(TRUNC(F26,0))-LEN(TRUNC(F27,0))>0,VALUE(LEFT(F26,LEN(TRUNC(F26,0))-LEN(TRUNC(F27,0))))*POWER(10,LEN(TRUNC(F27,0)))+F27-F26,F27-F26-VALUE(LEFT(F27,LEN(TRUNC(F27,0))-LEN(TRUNC(F26,0))))*POWER(10,LEN(TRUNC(F26,0)))))) -> 0.118 | H27: =IF(G27="","",G27*$H$15) -> 2124 | I27: =IF(H27="","",IF(D27="","",IF(AND(H27=0,D27=0),0,H27/D27))) -> 0.50774527 | K27: 6.213998
A28: 10-00 | B28: 14264.952 | C28: =IF(B28="","",IF(LEN(TRUNC(B27,0))-LEN(TRUNC(B28,0))=0,B28-B27,IF(LEN(TRUNC(B27,0))-LEN(TRUNC(B28,0))>0,VALUE(LEFT(B27,LEN(TRUNC(B27,0))-LEN(TRUNC(B28,0))))*POWER(10,LEN(TRUNC(B28,0)))+B28-B27,B28-B27-VALUE(LEFT(B28,LEN(TRUNC(B28,0))-LEN(TRUNC(B27,0))))*POWER(10,LEN(TRUNC(B27,0)))))) -> 0.2182 | D28: =IF(C28="","",C28*$D$15) -> 3927.6 | F28: 7161.3532 | G28: =IF(F28="","",IF(LEN(TRUNC(F27,0))-LEN(TRUNC(F28,0))=0,F28-F27,IF(LEN(TRUNC(F27,0))-LEN(TRUNC(F28,0))>0,VALUE(LEFT(F27,LEN(TRUNC(F27,0))-LEN(TRUNC(F28,0))))*POWER(10,LEN(TRUNC(F28,0)))+F28-F27,F28-F27-VALUE(LEFT(F28,LEN(TRUNC(F28,0))-LEN(TRUNC(F27,0))))*POWER(10,LEN(TRUNC(F27,0)))))) -> 0.1075 | H28: =IF(G28="","",G28*$H$15) -> 1935 | I28: =IF(H28="","",IF(D28="","",IF(AND(H28=0,D28=0),0,H28/D28))) -> 0.49266728 | K28: 6.167478
A29: 11-00 | B29: 14265.165 | C29: =IF(B29="","",IF(LEN(TRUNC(B28,0))-LEN(TRUNC(B29,0))=0,B29-B28,IF(LEN(TRUNC(B28,0))-LEN(TRUNC(B29,0))>0,VALUE(LEFT(B28,LEN(TRUNC(B28,0))-LEN(TRUNC(B29,0))))*POWER(10,LEN(TRUNC(B29,0)))+B29-B28,B29-B28-VALUE(LEFT(B29,LEN(TRUNC(B29,0))-LEN(TRUNC(B28,0))))*POWER(10,LEN(TRUNC(B28,0)))))) -> 0.2134 | D29: =IF(C29="","",C29*$D$15) -> 3841.2 | F29: 7161.459 | G29: =IF(F29="","",IF(LEN(TRUNC(F28,0))-LEN(TRUNC(F29,0))=0,F29-F28,IF(LEN(TRUNC(F28,0))-LEN(TRUNC(F29,0))>0,VALUE(LEFT(F28,LEN(TRUNC(F28,0))-LEN(TRUNC(F29,0))))*POWER(10,LEN(TRUNC(F29,0)))+F29-F28,F29-F28-VALUE(LEFT(F29,LEN(TRUNC(F29,0))-LEN(TRUNC(F28,0))))*POWER(10,LEN(TRUNC(F28,0)))))) -> 0.1058 | H29: =IF(G29="","",G29*$H$15) -> 1904.4 | I29: =IF(H29="","",IF(D29="","",IF(AND(H29=0,D29=0),0,H29/D29))) -> 0.49578257 | K29: 6.152082 | M29: Указать отдельно рабочие и запломбированные трансформаторы и высоковольтные электродвигатели
A30: 12-00 | B30: 14265.381 | C30: =IF(B30="","",IF(LEN(TRUNC(B29,0))-LEN(TRUNC(B30,0))=0,B30-B29,IF(LEN(TRUNC(B29,0))-LEN(TRUNC(B30,0))>0,VALUE(LEFT(B29,LEN(TRUNC(B29,0))-LEN(TRUNC(B30,0))))*POWER(10,LEN(TRUNC(B30,0)))+B30-B29,B30-B29-VALUE(LEFT(B30,LEN(TRUNC(B30,0))-LEN(TRUNC(B29,0))))*POWER(10,LEN(TRUNC(B29,0)))))) -> 0.2157 | D30: =IF(C30="","",C30*$D$15) -> 3882.6 | F30: 7161.5673 | G30: =IF(F30="","",IF(LEN(TRUNC(F29,0))-LEN(TRUNC(F30,0))=0,F30-F29,IF(LEN(TRUNC(F29,0))-LEN(TRUNC(F30,0))>0,VALUE(LEFT(F29,LEN(TRUNC(F29,0))-LEN(TRUNC(F30,0))))*POWER(10,LEN(TRUNC(F30,0)))+F30-F29,F30-F29-VALUE(LEFT(F30,LEN(TRUNC(F30,0))-LEN(TRUNC(F29,0))))*POWER(10,LEN(TRUNC(F29,0)))))) -> 0.1083 | H30: =IF(G30="","",G30*$H$15) -> 1949.4 | I30: =IF(H30="","",IF(D30="","",IF(AND(H30=0,D30=0),0,H30/D30))) -> 0.50208623 | K30: 6.171024 | M30: II. Статконденсаторы всех напряжений
A31: 13-00 | B31: 14265.59 | C31: =IF(B31="","",IF(LEN(TRUNC(B30,0))-LEN(TRUNC(B31,0))=0,B31-B30,IF(LEN(TRUNC(B30,0))-LEN(TRUNC(B31,0))>0,VALUE(LEFT(B30,LEN(TRUNC(B30,0))-LEN(TRUNC(B31,0))))*POWER(10,LEN(TRUNC(B31,0)))+B31-B30,B31-B30-VALUE(LEFT(B31,LEN(TRUNC(B31,0))-LEN(TRUNC(B30,0))))*POWER(10,LEN(TRUNC(B30,0)))))) -> 0.2097 | D31: =IF(C31="","",C31*$D$15) -> 3774.6 | F31: 7161.6725 | G31: =IF(F31="","",IF(LEN(TRUNC(F30,0))-LEN(TRUNC(F31,0))=0,F31-F30,IF(LEN(TRUNC(F30,0))-LEN(TRUNC(F31,0))>0,VALUE(LEFT(F30,LEN(TRUNC(F30,0))-LEN(TRUNC(F31,0))))*POWER(10,LEN(TRUNC(F31,0)))+F31-F30,F31-F30-VALUE(LEFT(F31,LEN(TRUNC(F31,0))-LEN(TRUNC(F30,0))))*POWER(10,LEN(TRUNC(F30,0)))))) -> 0.1052 | H31: =IF(G31="","",G31*$H$15) -> 1893.6 | I31: =IF(H31="","",IF(D31="","",IF(AND(H31=0,D31=0),0,H31/D31))) -> 0.50166905 | K31: 6.204159 | M31: №№ | N31: Место | P31: Номинальное | R31: Номинальная | T31: В т.ч. с | V31: Время включения | Y31: Примечание
A32: 14-00 | B32: 14265.802 | C32: =IF(B32="","",IF(LEN(TRUNC(B31,0))-LEN(TRUNC(B32,0))=0,B32-B31,IF(LEN(TRUNC(B31,0))-LEN(TRUNC(B32,0))>0,VALUE(LEFT(B31,LEN(TRUNC(B31,0))-LEN(TRUNC(B32,0))))*POWER(10,LEN(TRUNC(B32,0)))+B32-B31,B32-B31-VALUE(LEFT(B32,LEN(TRUNC(B32,0))-LEN(TRUNC(B31,0))))*POWER(10,LEN(TRUNC(B31,0)))))) -> 0.2117 | D32: =IF(C32="","",C32*$D$15) -> 3810.6 | F32: 7161.7822 | G32: =IF(F32="","",IF(LEN(TRUNC(F31,0))-LEN(TRUNC(F32,0))=0,F32-F31,IF(LEN(TRUNC(F31,0))-LEN(TRUNC(F32,0))>0,VALUE(LEFT(F31,LEN(TRUNC(F31,0))-LEN(TRUNC(F32,0))))*POWER(10,LEN(TRUNC(F32,0)))+F32-F31,F32-F31-VALUE(LEFT(F32,LEN(TRUNC(F32,0))-LEN(TRUNC(F31,0))))*POWER(10,LEN(TRUNC(F31,0)))))) -> 0.1097 | H32: =IF(G32="","",G32*$H$15) -> 1974.6 | I32: =IF(H32="","",IF(D32="","",IF(AND(H32=0,D32=0),0,H32/D32))) -> 0.51818611 | K32: 6.05011 | P32: напряжение | R32: мощность | T32: авторегулир. | V32: и отключения
A33: 15-00 | B33: 14266.015 | C33: =IF(B33="","",IF(LEN(TRUNC(B32,0))-LEN(TRUNC(B33,0))=0,B33-B32,IF(LEN(TRUNC(B32,0))-LEN(TRUNC(B33,0))>0,VALUE(LEFT(B32,LEN(TRUNC(B32,0))-LEN(TRUNC(B33,0))))*POWER(10,LEN(TRUNC(B33,0)))+B33-B32,B33-B32-VALUE(LEFT(B33,LEN(TRUNC(B33,0))-LEN(TRUNC(B32,0))))*POWER(10,LEN(TRUNC(B32,0)))))) -> 0.213 | D33: =IF(C33="","",C33*$D$15) -> 3834 | F33: 7161.8914 | G33: =IF(F33="","",IF(LEN(TRUNC(F32,0))-LEN(TRUNC(F33,0))=0,F33-F32,IF(LEN(TRUNC(F32,0))-LEN(TRUNC(F33,0))>0,VALUE(LEFT(F32,LEN(TRUNC(F32,0))-LEN(TRUNC(F33,0))))*POWER(10,LEN(TRUNC(F33,0)))+F33-F32,F33-F32-VALUE(LEFT(F33,LEN(TRUNC(F33,0))-LEN(TRUNC(F32,0))))*POWER(10,LEN(TRUNC(F32,0)))))) -> 0.1092 | H33: =IF(G33="","",G33*$H$15) -> 1965.6 | I33: =IF(H33="","",IF(D33="","",IF(AND(H33=0,D33=0),0,H33/D33))) -> 0.51267606 | K33: 6.020441 | M33: п/п | N33: установки | P33: кВ | R33: кВар | T33: кВар | V33: установки за сутки
A34: 16-00 | B34: 14266.232 | C34: =IF(B34="","",IF(LEN(TRUNC(B33,0))-LEN(TRUNC(B34,0))=0,B34-B33,IF(LEN(TRUNC(B33,0))-LEN(TRUNC(B34,0))>0,VALUE(LEFT(B33,LEN(TRUNC(B33,0))-LEN(TRUNC(B34,0))))*POWER(10,LEN(TRUNC(B34,0)))+B34-B33,B34-B33-VALUE(LEFT(B34,LEN(TRUNC(B34,0))-LEN(TRUNC(B33,0))))*POWER(10,LEN(TRUNC(B33,0)))))) -> 0.2167 | D34: =IF(C34="","",C34*$D$15) -> 3900.6 | F34: 7162.0019 | G34: =IF(F34="","",IF(LEN(TRUNC(F33,0))-LEN(TRUNC(F34,0))=0,F34-F33,IF(LEN(TRUNC(F33,0))-LEN(TRUNC(F34,0))>0,VALUE(LEFT(F33,LEN(TRUNC(F33,0))-LEN(TRUNC(F34,0))))*POWER(10,LEN(TRUNC(F34,0)))+F34-F33,F34-F33-VALUE(LEFT(F34,LEN(TRUNC(F34,0))-LEN(TRUNC(F33,0))))*POWER(10,LEN(TRUNC(F33,0)))))) -> 0.1105 | H34: =IF(G34="","",G34*$H$15) -> 1989 | I34: =IF(H34="","",IF(D34="","",IF(AND(H34=0,D34=0),0,H34/D34))) -> 0.50992155 | K34: 5.895202
A35: 17-00 | B35: 14266.447 | C35: =IF(B35="","",IF(LEN(TRUNC(B34,0))-LEN(TRUNC(B35,0))=0,B35-B34,IF(LEN(TRUNC(B34,0))-LEN(TRUNC(B35,0))>0,VALUE(LEFT(B34,LEN(TRUNC(B34,0))-LEN(TRUNC(B35,0))))*POWER(10,LEN(TRUNC(B35,0)))+B35-B34,B35-B34-VALUE(LEFT(B35,LEN(TRUNC(B35,0))-LEN(TRUNC(B34,0))))*POWER(10,LEN(TRUNC(B34,0)))))) -> 0.2154 | D35: =IF(C35="","",C35*$D$15) -> 3877.2 | F35: 7162.1122 | G35: =IF(F35="","",IF(LEN(TRUNC(F34,0))-LEN(TRUNC(F35,0))=0,F35-F34,IF(LEN(TRUNC(F34,0))-LEN(TRUNC(F35,0))>0,VALUE(LEFT(F34,LEN(TRUNC(F34,0))-LEN(TRUNC(F35,0))))*POWER(10,LEN(TRUNC(F35,0)))+F35-F34,F35-F34-VALUE(LEFT(F35,LEN(TRUNC(F35,0))-LEN(TRUNC(F34,0))))*POWER(10,LEN(TRUNC(F34,0)))))) -> 0.1103 | H35: =IF(G35="","",G35*$H$15) -> 1985.4 | I35: =IF(H35="","",IF(D35="","",IF(AND(H35=0,D35=0),0,H35/D35))) -> 0.51207057 | K35: 6.033041 | N35: КТП-22,23,24,25 | P35: 0.4 | R35: 696
A36: 18-00 | B36: 14266.65 | C36: =IF(B36="","",IF(LEN(TRUNC(B35,0))-LEN(TRUNC(B36,0))=0,B36-B35,IF(LEN(TRUNC(B35,0))-LEN(TRUNC(B36,0))>0,VALUE(LEFT(B35,LEN(TRUNC(B35,0))-LEN(TRUNC(B36,0))))*POWER(10,LEN(TRUNC(B36,0)))+B36-B35,B36-B35-VALUE(LEFT(B36,LEN(TRUNC(B36,0))-LEN(TRUNC(B35,0))))*POWER(10,LEN(TRUNC(B35,0)))))) -> 0.2032 | D36: =IF(C36="","",C36*$D$15) -> 3657.6 | F36: 7162.2181 | G36: =IF(F36="","",IF(LEN(TRUNC(F35,0))-LEN(TRUNC(F36,0))=0,F36-F35,IF(LEN(TRUNC(F35,0))-LEN(TRUNC(F36,0))>0,VALUE(LEFT(F35,LEN(TRUNC(F35,0))-LEN(TRUNC(F36,0))))*POWER(10,LEN(TRUNC(F36,0)))+F36-F35,F36-F35-VALUE(LEFT(F36,LEN(TRUNC(F36,0))-LEN(TRUNC(F35,0))))*POWER(10,LEN(TRUNC(F35,0)))))) -> 0.1059 | H36: =IF(G36="","",G36*$H$15) -> 1906.2 | I36: =IF(H36="","",IF(D36="","",IF(AND(H36=0,D36=0),0,H36/D36))) -> 0.52116142 | K36: 6.206874 | N36: РП-1 | P36: 6 | R36: 870
A37: 19-00 | B37: 14266.857 | C37: =IF(B37="","",IF(LEN(TRUNC(B36,0))-LEN(TRUNC(B37,0))=0,B37-B36,IF(LEN(TRUNC(B36,0))-LEN(TRUNC(B37,0))>0,VALUE(LEFT(B36,LEN(TRUNC(B36,0))-LEN(TRUNC(B37,0))))*POWER(10,LEN(TRUNC(B37,0)))+B37-B36,B37-B36-VALUE(LEFT(B37,LEN(TRUNC(B37,0))-LEN(TRUNC(B36,0))))*POWER(10,LEN(TRUNC(B36,0)))))) -> 0.2062 | D37: =IF(C37="","",C37*$D$15) -> 3711.6 | F37: 7162.3242 | G37: =IF(F37="","",IF(LEN(TRUNC(F36,0))-LEN(TRUNC(F37,0))=0,F37-F36,IF(LEN(TRUNC(F36,0))-LEN(TRUNC(F37,0))>0,VALUE(LEFT(F36,LEN(TRUNC(F36,0))-LEN(TRUNC(F37,0))))*POWER(10,LEN(TRUNC(F37,0)))+F37-F36,F37-F36-VALUE(LEFT(F37,LEN(TRUNC(F37,0))-LEN(TRUNC(F36,0))))*POWER(10,LEN(TRUNC(F36,0)))))) -> 0.1061 | H37: =IF(G37="","",G37*$H$15) -> 1909.8 | I37: =IF(H37="","",IF(D37="","",IF(AND(H37=0,D37=0),0,H37/D37))) -> 0.51454898 | K37: 6.177349
A38: 20-00 | B38: 14267.062 | C38: =IF(B38="","",IF(LEN(TRUNC(B37,0))-LEN(TRUNC(B38,0))=0,B38-B37,IF(LEN(TRUNC(B37,0))-LEN(TRUNC(B38,0))>0,VALUE(LEFT(B37,LEN(TRUNC(B37,0))-LEN(TRUNC(B38,0))))*POWER(10,LEN(TRUNC(B38,0)))+B38-B37,B38-B37-VALUE(LEFT(B38,LEN(TRUNC(B38,0))-LEN(TRUNC(B37,0))))*POWER(10,LEN(TRUNC(B37,0)))))) -> 0.2054 | D38: =IF(C38="","",C38*$D$15) -> 3697.2 | F38: 7162.4286 | G38: =IF(F38="","",IF(LEN(TRUNC(F37,0))-LEN(TRUNC(F38,0))=0,F38-F37,IF(LEN(TRUNC(F37,0))-LEN(TRUNC(F38,0))>0,VALUE(LEFT(F37,LEN(TRUNC(F37,0))-LEN(TRUNC(F38,0))))*POWER(10,LEN(TRUNC(F38,0)))+F38-F37,F38-F37-VALUE(LEFT(F38,LEN(TRUNC(F38,0))-LEN(TRUNC(F37,0))))*POWER(10,LEN(TRUNC(F37,0)))))) -> 0.1044 | H38: =IF(G38="","",G38*$H$15) -> 1879.2 | I38: =IF(H38="","",IF(D38="","",IF(AND(H38=0,D38=0),0,H38/D38))) -> 0.50827653 | K38: 6.189968
A39: 21-00 | B39: 14267.263 | C39: =IF(B39="","",IF(LEN(TRUNC(B38,0))-LEN(TRUNC(B39,0))=0,B39-B38,IF(LEN(TRUNC(B38,0))-LEN(TRUNC(B39,0))>0,VALUE(LEFT(B38,LEN(TRUNC(B38,0))-LEN(TRUNC(B39,0))))*POWER(10,LEN(TRUNC(B39,0)))+B39-B38,B39-B38-VALUE(LEFT(B39,LEN(TRUNC(B39,0))-LEN(TRUNC(B38,0))))*POWER(10,LEN(TRUNC(B38,0)))))) -> 0.2007 | D39: =IF(C39="","",C39*$D$15) -> 3612.6 | F39: 7162.5313 | G39: =IF(F39="","",IF(LEN(TRUNC(F38,0))-LEN(TRUNC(F39,0))=0,F39-F38,IF(LEN(TRUNC(F38,0))-LEN(TRUNC(F39,0))>0,VALUE(LEFT(F38,LEN(TRUNC(F38,0))-LEN(TRUNC(F39,0))))*POWER(10,LEN(TRUNC(F39,0)))+F39-F38,F39-F38-VALUE(LEFT(F39,LEN(TRUNC(F39,0))-LEN(TRUNC(F38,0))))*POWER(10,LEN(TRUNC(F38,0)))))) -> 0.1027 | H39: =IF(G39="","",G39*$H$15) -> 1848.6 | I39: =IF(H39="","",IF(D39="","",IF(AND(H39=0,D39=0),0,H39/D39))) -> 0.51170902 | K39: 6.24457
A40: 22-00 | B40: 14267.458 | C40: =IF(B40="","",IF(LEN(TRUNC(B39,0))-LEN(TRUNC(B40,0))=0,B40-B39,IF(LEN(TRUNC(B39,0))-LEN(TRUNC(B40,0))>0,VALUE(LEFT(B39,LEN(TRUNC(B39,0))-LEN(TRUNC(B40,0))))*POWER(10,LEN(TRUNC(B40,0)))+B40-B39,B40-B39-VALUE(LEFT(B40,LEN(TRUNC(B40,0))-LEN(TRUNC(B39,0))))*POWER(10,LEN(TRUNC(B39,0)))))) -> 0.1953 | D40: =IF(C40="","",C40*$D$15) -> 3515.4 | F40: 7162.6294 | G40: =IF(F40="","",IF(LEN(TRUNC(F39,0))-LEN(TRUNC(F40,0))=0,F40-F39,IF(LEN(TRUNC(F39,0))-LEN(TRUNC(F40,0))>0,VALUE(LEFT(F39,LEN(TRUNC(F39,0))-LEN(TRUNC(F40,0))))*POWER(10,LEN(TRUNC(F40,0)))+F40-F39,F40-F39-VALUE(LEFT(F40,LEN(TRUNC(F40,0))-LEN(TRUNC(F39,0))))*POWER(10,LEN(TRUNC(F39,0)))))) -> 0.0981 | H40: =IF(G40="","",G40*$H$15) -> 1765.8 | I40: =IF(H40="","",IF(D40="","",IF(AND(H40=0,D40=0),0,H40/D40))) -> 0.50230415 | K40: 6.297552 | M40: III. Синхронные электродвигатели напряжением до 1000 В
A41: 23-00 | B41: 14267.658 | C41: =IF(B41="","",IF(LEN(TRUNC(B40,0))-LEN(TRUNC(B41,0))=0,B41-B40,IF(LEN(TRUNC(B40,0))-LEN(TRUNC(B41,0))>0,VALUE(LEFT(B40,LEN(TRUNC(B40,0))-LEN(TRUNC(B41,0))))*POWER(10,LEN(TRUNC(B41,0)))+B41-B40,B41-B40-VALUE(LEFT(B41,LEN(TRUNC(B41,0))-LEN(TRUNC(B40,0))))*POWER(10,LEN(TRUNC(B40,0)))))) -> 0.2002 | D41: =IF(C41="","",C41*$D$15) -> 3603.6 | F41: 7162.7285 | G41: =IF(F41="","",IF(LEN(TRUNC(F40,0))-LEN(TRUNC(F41,0))=0,F41-F40,IF(LEN(TRUNC(F40,0))-LEN(TRUNC(F41,0))>0,VALUE(LEFT(F40,LEN(TRUNC(F40,0))-LEN(TRUNC(F41,0))))*POWER(10,LEN(TRUNC(F41,0)))+F41-F40,F41-F40-VALUE(LEFT(F41,LEN(TRUNC(F41,0))-LEN(TRUNC(F40,0))))*POWER(10,LEN(TRUNC(F40,0)))))) -> 0.0991 | H41: =IF(G41="","",G41*$H$15) -> 1783.8 | I41: =IF(H41="","",IF(D41="","",IF(AND(H41=0,D41=0),0,H41/D41))) -> 0.495005 | K41: 6.27785 | M41: №№ | N41: Место | P41: Номинальная | S41: № п-п | T41: Место установки | X41: Номинальная
A42: 24-00 | B42: 14267.853 | C42: =IF(B42="","",IF(LEN(TRUNC(B41,0))-LEN(TRUNC(B42,0))=0,B42-B41,IF(LEN(TRUNC(B41,0))-LEN(TRUNC(B42,0))>0,VALUE(LEFT(B41,LEN(TRUNC(B41,0))-LEN(TRUNC(B42,0))))*POWER(10,LEN(TRUNC(B42,0)))+B42-B41,B42-B41-VALUE(LEFT(B42,LEN(TRUNC(B42,0))-LEN(TRUNC(B41,0))))*POWER(10,LEN(TRUNC(B41,0)))))) -> 0.1948 | D42: =IF(C42="","",C42*$D$15) -> 3506.4 | F42: 7162.829 | G42: =IF(F42="","",IF(LEN(TRUNC(F41,0))-LEN(TRUNC(F42,0))=0,F42-F41,IF(LEN(TRUNC(F41,0))-LEN(TRUNC(F42,0))>0,VALUE(LEFT(F41,LEN(TRUNC(F41,0))-LEN(TRUNC(F42,0))))*POWER(10,LEN(TRUNC(F42,0)))+F42-F41,F42-F41-VALUE(LEFT(F42,LEN(TRUNC(F42,0))-LEN(TRUNC(F41,0))))*POWER(10,LEN(TRUNC(F41,0)))))) -> 0.1005 | H42: =IF(G42="","",G42*$H$15) -> 1809 | I42: =IF(H42="","",IF(D42="","",IF(AND(H42=0,D42=0),0,H42/D42))) -> 0.51591376 | K42: 6.317398
A43: Суточн. расход эл. энергии | D43: =SUM(D18:D42) -> 88741.8 | H43: =SUM(H18:H42) -> 46674 | I43: =IF(AND(H43=0,D43=0),0,H43/D43) -> 0.52595282 | M43: п/п | N43: установки | P43: мощность кВт | X43: мощность кВт
A44: Контрольная сумма
A46: Запись показаний счетчиков производили: | G46: Расчеты произвел:
A47: 1. | D47: ___________________
A48: фамилия | D48: (подпись)
A49: 2. | D49: ___________________ | H49: Каргина Т.В. | K49: _______________ | N49: Главный энергетик | Q49: _________________________ И.Н. Чернышов
A50: фамилия | D50: (подпись) | H50: фамилия | K50: (подпись) | S50: (подпись)
A51: 3. | D51: ___________________
A52: фамилия | D52: (подпись)

Sheet Ячейка 30
A1: ОАО "Пластик" | G1: Шифр | M1: I. Сведения о присоединенных трансформаторах и высоковольтных электродвигателях
A2: (наименование предприятия) | M2: 1. Трансформаторы
A3: г. Узловая, Тульская, 1 | G3: Питающий центр | I3: П/ст №167 (ГПП-1) | M3: №№ | N3: Место установки | P3: Мощность | R3: Номинальн. | T3: Включен. | V3: Назначение | X3: Примечание
A4: (адрес) | R4: напряжение | T4: на ответвление | V4: тр-ра
G5: № фидера | I5: яч 30 Воейково-2 | M5: п/п | P5: ква | R5: ________ кВ | T5: ________ кВ | V5: силов. освет.
A6: (министерство, ведомство) | V6: печной
A8: ПРОТОКОЛ (первичный)
A9: записей показания электросчетчиков и вольтметров, а также определение
A10: нагрузок и тангенса "фи" за | E10: 21 июня | H10: 2017года
A11: напряжения | E11: ______6000______________ | I11: вольт
A13: Время записи часы | B13: Активн. сч-к тип | D13: СЭТ-4ТМ.03 | F13: Реактивн. сч-к тип | H13: СЭТ-4ТМ.03 | I13: Тангенс "фи" | J13: Показание | L13: Мощность
B14: ____________л__ | D14: № 0808090624 | F14: ____________л__ | H14: № 0808090624 | J14: вольтметр. | L14: включен.
B15: Расчетн. коэф | D15: 12000 | F15: Расчетн. коэф | H15: 12000 | J15: на стороне | L15: компенсир.
B16: показ. | C16: разность | D16: расход за | F16: показ. | G16: разность | H16: расход за | J16: в\н | K16: н\н | L16: устройств
B17: сч-ка | C17: показ. | D17: час (кВт) | F17: сч-ка | G17: показ. | H17: час (кВт) | L17: кВар | M17: 2. Высоковольтные электродвигатели
A18: 0-00 | B18: 9274.7926 | F18: 5892.7028 | M18: №№ | N18: Место | Q18: Тип | T18: Номинальная | W18: Примечание
A19: 1-00 | B19: 9274.8786 | C19: =IF(B19="","",IF(LEN(TRUNC(B18,0))-LEN(TRUNC(B19,0))=0,B19-B18,IF(LEN(TRUNC(B18,0))-LEN(TRUNC(B19,0))>0,VALUE(LEFT(B18,LEN(TRUNC(B18,0))-LEN(TRUNC(B19,0))))*POWER(10,LEN(TRUNC(B19,0)))+B19-B18,B19-B18-VALUE(LEFT(B19,LEN(TRUNC(B19,0))-LEN(TRUNC(B18,0))))*POWER(10,LEN(TRUNC(B18,0)))))) -> 0.086 | D19: =IF(C19="","",C19*$D$15) -> 1032 | F19: 5892.7856 | G19: =F19-ReportObject3_3 -> 0.0828 | H19: =IF(G19="","",G19*$H$15) -> 993.6 | I19: =IF(H19="","",IF(D19="","",IF(AND(H19=0,D19=0),0,H19/D19))) -> 0.9627907 | K19: 6.326905 | Q19: (синхронный,
A20: 2-00 | B20: 9274.961 | C20: =IF(B20="","",IF(LEN(TRUNC(B19,0))-LEN(TRUNC(B20,0))=0,B20-B19,IF(LEN(TRUNC(B19,0))-LEN(TRUNC(B20,0))>0,VALUE(LEFT(B19,LEN(TRUNC(B19,0))-LEN(TRUNC(B20,0))))*POWER(10,LEN(TRUNC(B20,0)))+B20-B19,B20-B19-VALUE(LEFT(B20,LEN(TRUNC(B20,0))-LEN(TRUNC(B19,0))))*POWER(10,LEN(TRUNC(B19,0)))))) -> 0.0824 | D20: =IF(C20="","",C20*$D$15) -> 988.8 | F20: 5892.8684 | G20: =F20-F19 -> 0.0828 | H20: =IF(G20="","",G20*$H$15) -> 993.6 | I20: =IF(H20="","",IF(D20="","",IF(AND(H20=0,D20=0),0,H20/D20))) -> 1.0048544 | K20: 6.412437 | M20: п/п | N20: установки | Q20: асинхронный) | T20: мощность кВт
A21: 3-00 | B21: 9275.0416 | C21: =IF(B21="","",IF(LEN(TRUNC(B20,0))-LEN(TRUNC(B21,0))=0,B21-B20,IF(LEN(TRUNC(B20,0))-LEN(TRUNC(B21,0))>0,VALUE(LEFT(B20,LEN(TRUNC(B20,0))-LEN(TRUNC(B21,0))))*POWER(10,LEN(TRUNC(B21,0)))+B21-B20,B21-B20-VALUE(LEFT(B21,LEN(TRUNC(B21,0))-LEN(TRUNC(B20,0))))*POWER(10,LEN(TRUNC(B20,0)))))) -> 0.0806 | D21: =IF(C21="","",C21*$D$15) -> 967.2 | F21: 5892.9507 | G21: =F21-F20 -> 0.0823 | H21: =IF(G21="","",G21*$H$15) -> 987.6 | I21: =IF(H21="","",IF(D21="","",IF(AND(H21=0,D21=0),0,H21/D21))) -> 1.0210918 | K21: 6.418342
A22: 4-00 | B22: 9275.1223 | C22: =IF(B22="","",IF(LEN(TRUNC(B21,0))-LEN(TRUNC(B22,0))=0,B22-B21,IF(LEN(TRUNC(B21,0))-LEN(TRUNC(B22,0))>0,VALUE(LEFT(B21,LEN(TRUNC(B21,0))-LEN(TRUNC(B22,0))))*POWER(10,LEN(TRUNC(B22,0)))+B22-B21,B22-B21-VALUE(LEFT(B22,LEN(TRUNC(B22,0))-LEN(TRUNC(B21,0))))*POWER(10,LEN(TRUNC(B21,0)))))) -> 0.0807 | D22: =IF(C22="","",C22*$D$15) -> 968.4 | F22: 5893.0339 | G22: =F22-F21 -> 0.0832 | H22: =IF(G22="","",G22*$H$15) -> 998.4 | I22: =IF(H22="","",IF(D22="","",IF(AND(H22=0,D22=0),0,H22/D22))) -> 1.0309789 | K22: 6.240928
A23: 5-00 | B23: 9275.2005 | C23: =IF(B23="","",IF(LEN(TRUNC(B22,0))-LEN(TRUNC(B23,0))=0,B23-B22,IF(LEN(TRUNC(B22,0))-LEN(TRUNC(B23,0))>0,VALUE(LEFT(B22,LEN(TRUNC(B22,0))-LEN(TRUNC(B23,0))))*POWER(10,LEN(TRUNC(B23,0)))+B23-B22,B23-B22-VALUE(LEFT(B23,LEN(TRUNC(B23,0))-LEN(TRUNC(B22,0))))*POWER(10,LEN(TRUNC(B22,0)))))) -> 0.0782 | D23: =IF(C23="","",C23*$D$15) -> 938.4 | F23: 5893.1162 | G23: =F23-F22 -> 0.0823 | H23: =IF(G23="","",G23*$H$15) -> 987.6 | I23: =IF(H23="","",IF(D23="","",IF(AND(H23=0,D23=0),0,H23/D23))) -> 1.0524297 | K23: 6.461163
A24: 6-00 | B24: 9275.271 | C24: =IF(B24="","",IF(LEN(TRUNC(B23,0))-LEN(TRUNC(B24,0))=0,B24-B23,IF(LEN(TRUNC(B23,0))-LEN(TRUNC(B24,0))>0,VALUE(LEFT(B23,LEN(TRUNC(B23,0))-LEN(TRUNC(B24,0))))*POWER(10,LEN(TRUNC(B24,0)))+B24-B23,B24-B23-VALUE(LEFT(B24,LEN(TRUNC(B24,0))-LEN(TRUNC(B23,0))))*POWER(10,LEN(TRUNC(B23,0)))))) -> 0.0705 | D24: =IF(C24="","",C24*$D$15) -> 846 | F24: 5893.1943 | G24: =F24-F23 -> 0.0781 | H24: =IF(G24="","",G24*$H$15) -> 937.2 | I24: =IF(H24="","",IF(D24="","",IF(AND(H24=0,D24=0),0,H24/D24))) -> 1.1078014 | K24: 6.475829
A25: 7-00 | B25: 9275.3644 | C25: =IF(B25="","",IF(LEN(TRUNC(B24,0))-LEN(TRUNC(B25,0))=0,B25-B24,IF(LEN(TRUNC(B24,0))-LEN(TRUNC(B25,0))>0,VALUE(LEFT(B24,LEN(TRUNC(B24,0))-LEN(TRUNC(B25,0))))*POWER(10,LEN(TRUNC(B25,0)))+B25-B24,B25-B24-VALUE(LEFT(B25,LEN(TRUNC(B25,0))-LEN(TRUNC(B24,0))))*POWER(10,LEN(TRUNC(B24,0)))))) -> 0.0934 | D25: =IF(C25="","",C25*$D$15) -> 1120.8 | F25: 5893.2811 | G25: =F25-F24 -> 0.0868 | H25: =IF(G25="","",G25*$H$15) -> 1041.6 | I25: =IF(H25="","",IF(D25="","",IF(AND(H25=0,D25=0),0,H25/D25))) -> 0.92933619 | K25: 6.431985
A26: 8-00 | B26: 9275.4796 | C26: =IF(B26="","",IF(LEN(TRUNC(B25,0))-LEN(TRUNC(B26,0))=0,B26-B25,IF(LEN(TRUNC(B25,0))-LEN(TRUNC(B26,0))>0,VALUE(LEFT(B25,LEN(TRUNC(B25,0))-LEN(TRUNC(B26,0))))*POWER(10,LEN(TRUNC(B26,0)))+B26-B25,B26-B25-VALUE(LEFT(B26,LEN(TRUNC(B26,0))-LEN(TRUNC(B25,0))))*POWER(10,LEN(TRUNC(B25,0)))))) -> 0.1152 | D26: =IF(C26="","",C26*$D$15) -> 1382.4 | F26: 5893.3784 | G26: =F26-F25 -> 0.0973 | H26: =IF(G26="","",G26*$H$15) -> 1167.6 | I26: =IF(H26="","",IF(D26="","",IF(AND(H26=0,D26=0),0,H26/D26))) -> 0.84461806 | K26: 6.347073
A27: 9-00 | B27: 9275.6091 | C27: =IF(B27="","",IF(LEN(TRUNC(B26,0))-LEN(TRUNC(B27,0))=0,B27-B26,IF(LEN(TRUNC(B26,0))-LEN(TRUNC(B27,0))>0,VALUE(LEFT(B26,LEN(TRUNC(B26,0))-LEN(TRUNC(B27,0))))*POWER(10,LEN(TRUNC(B27,0)))+B27-B26,B27-B26-VALUE(LEFT(B27,LEN(TRUNC(B27,0))-LEN(TRUNC(B26,0))))*POWER(10,LEN(TRUNC(B26,0)))))) -> 0.1295 | D27: =IF(C27="","",C27*$D$15) -> 1554 | F27: 5893.4796 | G27: =F27-F26 -> 0.1012 | H27: =IF(G27="","",G27*$H$15) -> 1214.4 | I27: =IF(H27="","",IF(D27="","",IF(AND(H27=0,D27=0),0,H27/D27))) -> 0.78146718 | K27: 6.213998
A28: 10-00 | B28: 9275.7083 | C28: =IF(B28="","",IF(LEN(TRUNC(B27,0))-LEN(TRUNC(B28,0))=0,B28-B27,IF(LEN(TRUNC(B27,0))-LEN(TRUNC(B28,0))>0,VALUE(LEFT(B27,LEN(TRUNC(B27,0))-LEN(TRUNC(B28,0))))*POWER(10,LEN(TRUNC(B28,0)))+B28-B27,B28-B27-VALUE(LEFT(B28,LEN(TRUNC(B28,0))-LEN(TRUNC(B27,0))))*POWER(10,LEN(TRUNC(B27,0)))))) -> 0.0992 | D28: =IF(C28="","",C28*$D$15) -> 1190.4 | F28: 5893.5653 | G28: =F28-F27 -> 0.0857 | H28: =IF(G28="","",G28*$H$15) -> 1028.4 | I28: =IF(H28="","",IF(D28="","",IF(AND(H28=0,D28=0),0,H28/D28))) -> 0.86391129 | K28: 6.167478
A29: 11-00 | B29: 9275.8011 | C29: =IF(B29="","",IF(LEN(TRUNC(B28,0))-LEN(TRUNC(B29,0))=0,B29-B28,IF(LEN(TRUNC(B28,0))-LEN(TRUNC(B29,0))>0,VALUE(LEFT(B28,LEN(TRUNC(B28,0))-LEN(TRUNC(B29,0))))*POWER(10,LEN(TRUNC(B29,0)))+B29-B28,B29-B28-VALUE(LEFT(B29,LEN(TRUNC(B29,0))-LEN(TRUNC(B28,0))))*POWER(10,LEN(TRUNC(B28,0)))))) -> 0.0928 | D29: =IF(C29="","",C29*$D$15) -> 1113.6 | F29: 5893.648 | G29: =F29-F28 -> 0.0827 | H29: =IF(G29="","",G29*$H$15) -> 992.4 | I29: =IF(H29="","",IF(D29="","",IF(AND(H29=0,D29=0),0,H29/D29))) -> 0.89116379 | K29: 6.152082 | M29: Указать отдельно рабочие и запломбированные трансформаторы и высоковольтные электродвигатели
A30: 12-00 | B30: 9275.8974 | C30: =IF(B30="","",IF(LEN(TRUNC(B29,0))-LEN(TRUNC(B30,0))=0,B30-B29,IF(LEN(TRUNC(B29,0))-LEN(TRUNC(B30,0))>0,VALUE(LEFT(B29,LEN(TRUNC(B29,0))-LEN(TRUNC(B30,0))))*POWER(10,LEN(TRUNC(B30,0)))+B30-B29,B30-B29-VALUE(LEFT(B30,LEN(TRUNC(B30,0))-LEN(TRUNC(B29,0))))*POWER(10,LEN(TRUNC(B29,0)))))) -> 0.0963 | D30: =IF(C30="","",C30*$D$15) -> 1155.6 | F30: 5893.7335 | G30: =F30-F29 -> 0.0855 | H30: =IF(G30="","",G30*$H$15) -> 1026 | I30: =IF(H30="","",IF(D30="","",IF(AND(H30=0,D30=0),0,H30/D30))) -> 0.88785047 | K30: 6.171024 | M30: II. Статконденсаторы всех напряжений
A31: 13-00 | B31: 9275.9907 | C31: =IF(B31="","",IF(LEN(TRUNC(B30,0))-LEN(TRUNC(B31,0))=0,B31-B30,IF(LEN(TRUNC(B30,0))-LEN(TRUNC(B31,0))>0,VALUE(LEFT(B30,LEN(TRUNC(B30,0))-LEN(TRUNC(B31,0))))*POWER(10,LEN(TRUNC(B31,0)))+B31-B30,B31-B30-VALUE(LEFT(B31,LEN(TRUNC(B31,0))-LEN(TRUNC(B30,0))))*POWER(10,LEN(TRUNC(B30,0)))))) -> 0.0933 | D31: =IF(C31="","",C31*$D$15) -> 1119.6 | F31: 5893.8158 | G31: =F31-F30 -> 0.0823 | H31: =IF(G31="","",G31*$H$15) -> 987.6 | I31: =IF(H31="","",IF(D31="","",IF(AND(H31=0,D31=0),0,H31/D31))) -> 0.88210075 | K31: 6.204159 | M31: №№ | N31: Место | P31: Номинальное | R31: Номинальная | T31: В т.ч. с | V31: Время включения | Y31: Примечание
A32: 14-00 | B32: 9276.0844 | C32: =IF(B32="","",IF(LEN(TRUNC(B31,0))-LEN(TRUNC(B32,0))=0,B32-B31,IF(LEN(TRUNC(B31,0))-LEN(TRUNC(B32,0))>0,VALUE(LEFT(B31,LEN(TRUNC(B31,0))-LEN(TRUNC(B32,0))))*POWER(10,LEN(TRUNC(B32,0)))+B32-B31,B32-B31-VALUE(LEFT(B32,LEN(TRUNC(B32,0))-LEN(TRUNC(B31,0))))*POWER(10,LEN(TRUNC(B31,0)))))) -> 0.0937 | D32: =IF(C32="","",C32*$D$15) -> 1124.4 | F32: 5893.9015 | G32: =F32-F31 -> 0.0857 | H32: =IF(G32="","",G32*$H$15) -> 1028.4 | I32: =IF(H32="","",IF(D32="","",IF(AND(H32=0,D32=0),0,H32/D32))) -> 0.91462113 | K32: 6.05011 | P32: напряжение | R32: мощность | T32: авторегулир. | V32: и отключения
A33: 15-00 | B33: 9276.176 | C33: =IF(B33="","",IF(LEN(TRUNC(B32,0))-LEN(TRUNC(B33,0))=0,B33-B32,IF(LEN(TRUNC(B32,0))-LEN(TRUNC(B33,0))>0,VALUE(LEFT(B32,LEN(TRUNC(B32,0))-LEN(TRUNC(B33,0))))*POWER(10,LEN(TRUNC(B33,0)))+B33-B32,B33-B32-VALUE(LEFT(B33,LEN(TRUNC(B33,0))-LEN(TRUNC(B32,0))))*POWER(10,LEN(TRUNC(B32,0)))))) -> 0.0916 | D33: =IF(C33="","",C33*$D$15) -> 1099.2 | F33: 5893.9865 | G33: =F33-F32 -> 0.085 | H33: =IF(G33="","",G33*$H$15) -> 1020 | I33: =IF(H33="","",IF(D33="","",IF(AND(H33=0,D33=0),0,H33/D33))) -> 0.9279476 | K33: 6.020441 | M33: п/п | N33: установки | P33: кВ | R33: кВар | T33: кВар | V33: установки за сутки
A34: 16-00 | B34: 9276.2727 | C34: =IF(B34="","",IF(LEN(TRUNC(B33,0))-LEN(TRUNC(B34,0))=0,B34-B33,IF(LEN(TRUNC(B33,0))-LEN(TRUNC(B34,0))>0,VALUE(LEFT(B33,LEN(TRUNC(B33,0))-LEN(TRUNC(B34,0))))*POWER(10,LEN(TRUNC(B34,0)))+B34-B33,B34-B33-VALUE(LEFT(B34,LEN(TRUNC(B34,0))-LEN(TRUNC(B33,0))))*POWER(10,LEN(TRUNC(B33,0)))))) -> 0.0967 | D34: =IF(C34="","",C34*$D$15) -> 1160.4 | F34: 5894.0752 | G34: =F34-F33 -> 0.0887 | H34: =IF(G34="","",G34*$H$15) -> 1064.4 | I34: =IF(H34="","",IF(D34="","",IF(AND(H34=0,D34=0),0,H34/D34))) -> 0.91726991 | K34: 5.895202
A35: 17-00 | B35: 9276.3694 | C35: =IF(B35="","",IF(LEN(TRUNC(B34,0))-LEN(TRUNC(B35,0))=0,B35-B34,IF(LEN(TRUNC(B34,0))-LEN(TRUNC(B35,0))>0,VALUE(LEFT(B34,LEN(TRUNC(B34,0))-LEN(TRUNC(B35,0))))*POWER(10,LEN(TRUNC(B35,0)))+B35-B34,B35-B34-VALUE(LEFT(B35,LEN(TRUNC(B35,0))-LEN(TRUNC(B34,0))))*POWER(10,LEN(TRUNC(B34,0)))))) -> 0.0967 | D35: =IF(C35="","",C35*$D$15) -> 1160.4 | F35: 5894.1632 | G35: =F35-F34 -> 0.088 | H35: =IF(G35="","",G35*$H$15) -> 1056 | I35: =IF(H35="","",IF(D35="","",IF(AND(H35=0,D35=0),0,H35/D35))) -> 0.91003102 | K35: 6.033041
A36: 18-00 | B36: 9276.4602 | C36: =IF(B36="","",IF(LEN(TRUNC(B35,0))-LEN(TRUNC(B36,0))=0,B36-B35,IF(LEN(TRUNC(B35,0))-LEN(TRUNC(B36,0))>0,VALUE(LEFT(B35,LEN(TRUNC(B35,0))-LEN(TRUNC(B36,0))))*POWER(10,LEN(TRUNC(B36,0)))+B36-B35,B36-B35-VALUE(LEFT(B36,LEN(TRUNC(B36,0))-LEN(TRUNC(B35,0))))*POWER(10,LEN(TRUNC(B35,0)))))) -> 0.0908 | D36: =IF(C36="","",C36*$D$15) -> 1089.6 | F36: 5894.2469 | G36: =F36-F35 -> 0.0837 | H36: =IF(G36="","",G36*$H$15) -> 1004.4 | I36: =IF(H36="","",IF(D36="","",IF(AND(H36=0,D36=0),0,H36/D36))) -> 0.92180617 | K36: 6.206874
A37: 19-00 | B37: 9276.5547 | C37: =IF(B37="","",IF(LEN(TRUNC(B36,0))-LEN(TRUNC(B37,0))=0,B37-B36,IF(LEN(TRUNC(B36,0))-LEN(TRUNC(B37,0))>0,VALUE(LEFT(B36,LEN(TRUNC(B36,0))-LEN(TRUNC(B37,0))))*POWER(10,LEN(TRUNC(B37,0)))+B37-B36,B37-B36-VALUE(LEFT(B37,LEN(TRUNC(B37,0))-LEN(TRUNC(B36,0))))*POWER(10,LEN(TRUNC(B36,0)))))) -> 0.0945 | D37: =IF(C37="","",C37*$D$15) -> 1134 | F37: 5894.3312 | G37: =F37-F36 -> 0.0843 | H37: =IF(G37="","",G37*$H$15) -> 1011.6 | I37: =IF(H37="","",IF(D37="","",IF(AND(H37=0,D37=0),0,H37/D37))) -> 0.89206349 | K37: 6.177349
A38: 20-00 | B38: 9276.6464 | C38: =IF(B38="","",IF(LEN(TRUNC(B37,0))-LEN(TRUNC(B38,0))=0,B38-B37,IF(LEN(TRUNC(B37,0))-LEN(TRUNC(B38,0))>0,VALUE(LEFT(B37,LEN(TRUNC(B37,0))-LEN(TRUNC(B38,0))))*POWER(10,LEN(TRUNC(B38,0)))+B38-B37,B38-B37-VALUE(LEFT(B38,LEN(TRUNC(B38,0))-LEN(TRUNC(B37,0))))*POWER(10,LEN(TRUNC(B37,0)))))) -> 0.0917 | D38: =IF(C38="","",C38*$D$15) -> 1100.4 | F38: 5894.4142 | G38: =F38-F37 -> 0.083 | H38: =IF(G38="","",G38*$H$15) -> 996 | I38: =IF(H38="","",IF(D38="","",IF(AND(H38=0,D38=0),0,H38/D38))) -> 0.90512541 | K38: 6.189968
A39: 21-00 | B39: 9276.7316 | C39: =IF(B39="","",IF(LEN(TRUNC(B38,0))-LEN(TRUNC(B39,0))=0,B39-B38,IF(LEN(TRUNC(B38,0))-LEN(TRUNC(B39,0))>0,VALUE(LEFT(B38,LEN(TRUNC(B38,0))-LEN(TRUNC(B39,0))))*POWER(10,LEN(TRUNC(B39,0)))+B39-B38,B39-B38-VALUE(LEFT(B39,LEN(TRUNC(B39,0))-LEN(TRUNC(B38,0))))*POWER(10,LEN(TRUNC(B38,0)))))) -> 0.0852 | D39: =IF(C39="","",C39*$D$15) -> 1022.4 | F39: 5894.4913 | G39: =F39-F38 -> 0.0771 | H39: =IF(G39="","",G39*$H$15) -> 925.2 | I39: =IF(H39="","",IF(D39="","",IF(AND(H39=0,D39=0),0,H39/D39))) -> 0.90492958 | K39: 6.24457
A40: 22-00 | B40: 9276.8156 | C40: =IF(B40="","",IF(LEN(TRUNC(B39,0))-LEN(TRUNC(B40,0))=0,B40-B39,IF(LEN(TRUNC(B39,0))-LEN(TRUNC(B40,0))>0,VALUE(LEFT(B39,LEN(TRUNC(B39,0))-LEN(TRUNC(B40,0))))*POWER(10,LEN(TRUNC(B40,0)))+B40-B39,B40-B39-VALUE(LEFT(B40,LEN(TRUNC(B40,0))-LEN(TRUNC(B39,0))))*POWER(10,LEN(TRUNC(B39,0)))))) -> 0.084 | D40: =IF(C40="","",C40*$D$15) -> 1008 | F40: 5894.5638 | G40: =F40-F39 -> 0.0725 | H40: =IF(G40="","",G40*$H$15) -> 870 | I40: =IF(H40="","",IF(D40="","",IF(AND(H40=0,D40=0),0,H40/D40))) -> 0.86309524 | K40: 6.297552 | M40: III. Синхронные электродвигатели напряжением до 1000 В
A41: 23-00 | B41: 9276.9191 | C41: =IF(B41="","",IF(LEN(TRUNC(B40,0))-LEN(TRUNC(B41,0))=0,B41-B40,IF(LEN(TRUNC(B40,0))-LEN(TRUNC(B41,0))>0,VALUE(LEFT(B40,LEN(TRUNC(B40,0))-LEN(TRUNC(B41,0))))*POWER(10,LEN(TRUNC(B41,0)))+B41-B40,B41-B40-VALUE(LEFT(B41,LEN(TRUNC(B41,0))-LEN(TRUNC(B40,0))))*POWER(10,LEN(TRUNC(B40,0)))))) -> 0.1035 | D41: =IF(C41="","",C41*$D$15) -> 1242 | F41: 5894.6449 | G41: =F41-F40 -> 0.0811 | H41: =IF(G41="","",G41*$H$15) -> 973.2 | I41: =IF(H41="","",IF(D41="","",IF(AND(H41=0,D41=0),0,H41/D41))) -> 0.78357488 | K41: 6.27785 | M41: №№ | N41: Место | P41: Номинальная | S41: № п-п | T41: Место установки | X41: Номинальная
A42: 24-00 | B42: 9277.0146 | C42: =IF(B42="","",IF(LEN(TRUNC(B41,0))-LEN(TRUNC(B42,0))=0,B42-B41,IF(LEN(TRUNC(B41,0))-LEN(TRUNC(B42,0))>0,VALUE(LEFT(B41,LEN(TRUNC(B41,0))-LEN(TRUNC(B42,0))))*POWER(10,LEN(TRUNC(B42,0)))+B42-B41,B42-B41-VALUE(LEFT(B42,LEN(TRUNC(B42,0))-LEN(TRUNC(B41,0))))*POWER(10,LEN(TRUNC(B41,0)))))) -> 0.0955 | D42: =IF(C42="","",C42*$D$15) -> 1146 | F42: 5894.7269 | G42: =F42-F41 -> 0.082 | H42: =IF(G42="","",G42*$H$15) -> 984 | I42: =IF(H42="","",IF(D42="","",IF(AND(H42=0,D42=0),0,H42/D42))) -> 0.85863874 | K42: 6.317398
A43: Суточн. расход эл. энергии | D43: =SUM(D18:D42) -> 26664 | H43: =SUM(H18:H42) -> 24289.2 | I43: =IF(AND(H43=0,D43=0),0,H43/D43) -> 0.91093609 | M43: п/п | N43: установки | P43: мощность кВт | X43: мощность кВт
A44: Контрольная сумма
A46: Запись показаний счетчиков производили: | G46: Расчеты произвел:
A47: 1. | D47: ___________________
A48: фамилия | D48: (подпись)
A49: 2. | D49: ___________________ | H49: Каргина Т.В. | K49: _______________ | N49: Главный энергетик | Q49: _________________________ И.Н. Чернышов
A50: фамилия | D50: (подпись) | H50: фамилия | K50: (подпись) | S50: (подпись)
A51: 3. | D51: ___________________
A52: фамилия | D52: (подпись)

Sheet Ячейка 27
A1: ОАО "Пластик" | G1: Шифр | M1: I. Сведения о присоединенных трансформаторах и высоковольтных электродвигателях
A2: (наименование предприятия) | M2: 1. Трансформаторы
A3: г. Узловая, Тульская, 1 | G3: Питающий центр | I3: П/ст №167 (ГПП-1) | M3: №№ | N3: Место установки | P3: Мощность | R3: Номинальн. | T3: Включен. | V3: Назначение | X3: Примечание
A4: (адрес) | R4: напряжение | T4: на ответвление | V4: тр-ра
G5: № фидера | I5: яч 27 Воейково-1 | M5: п/п | P5: ква | R5: ________ кВ | T5: ________ кВ | V5: силов. освет.
A6: (министерство, ведомство) | V6: печной
A8: ПРОТОКОЛ (первичный)
A9: записей показания электросчетчиков и вольтметров, а также определение
A10: нагрузок и тангенса "фи" за | E10: 21 июня | H10: 2017года
A11: напряжения | E11: _________6000___________ | I11: вольт
A13: Время записи часы | B13: Активн. сч-к тип | D13: СЭТ-4ТМ.03 | F13: Реактивн. сч-к тип | H13: СЭТ-4ТМ.03 | I13: Тангенс "фи" | J13: Показание | L13: Мощность
B14: ____________л__ | D14: №812091240 | F14: ____________л__ | H14: № 812091240 | J14: вольтметр. | L14: включен.
B15: Расчетн. коэф | D15: 12000 | F15: Расчетн. коэф | H15: 12000 | J15: на стороне | L15: компенсир.
B16: показ. | C16: разность | D16: расход за | F16: показ. | G16: разность | H16: расход за | J16: в\н | K16: н\н | L16: устройств
B17: сч-ка | C17: показ. | D17: час (кВт) | F17: сч-ка | G17: показ. | H17: час (кВт) | L17: кВар | M17: 2. Высоковольтные электродвигатели
A18: 0-00 | B18: 58.7945 | F18: 36.131 | M18: №№ | N18: Место | Q18: Тип | T18: Номинальная | W18: Примечание
A19: 1-00 | B19: 58.7945 | C19: =IF(B19="","",IF(LEN(TRUNC(B18,0))-LEN(TRUNC(B19,0))=0,B19-B18,IF(LEN(TRUNC(B18,0))-LEN(TRUNC(B19,0))>0,VALUE(LEFT(B18,LEN(TRUNC(B18,0))-LEN(TRUNC(B19,0))))*POWER(10,LEN(TRUNC(B19,0)))+B19-B18,B19-B18-VALUE(LEFT(B19,LEN(TRUNC(B19,0))-LEN(TRUNC(B18,0))))*POWER(10,LEN(TRUNC(B18,0)))))) -> 0 | D19: =IF(C19="","",C19*$D$15) -> 0 | F19: 36.131 | G19: =F19-ReportObject4_3 -> 0 | H19: =IF(G19="","",G19*$H$15) -> 0 | I19: =IF(H19="","",IF(D19="","",IF(AND(H19=0,D19=0),0,H19/D19))) -> 0 | K19: 6.437719 | Q19: (синхронный,
A20: 2-00 | B20: 58.7945 | C20: =IF(B20="","",IF(LEN(TRUNC(B19,0))-LEN(TRUNC(B20,0))=0,B20-B19,IF(LEN(TRUNC(B19,0))-LEN(TRUNC(B20,0))>0,VALUE(LEFT(B19,LEN(TRUNC(B19,0))-LEN(TRUNC(B20,0))))*POWER(10,LEN(TRUNC(B20,0)))+B20-B19,B20-B19-VALUE(LEFT(B20,LEN(TRUNC(B20,0))-LEN(TRUNC(B19,0))))*POWER(10,LEN(TRUNC(B19,0)))))) -> 0 | D20: =IF(C20="","",C20*$D$15) -> 0 | F20: 36.131 | G20: =F20-F19 -> 0 | H20: =IF(G20="","",G20*$H$15) -> 0 | I20: =IF(H20="","",IF(D20="","",IF(AND(H20=0,D20=0),0,H20/D20))) -> 0 | K20: 6.469511 | M20: п/п | N20: установки | Q20: асинхронный) | T20: мощность кВт
A21: 3-00 | B21: 58.7945 | C21: =IF(B21="","",IF(LEN(TRUNC(B20,0))-LEN(TRUNC(B21,0))=0,B21-B20,IF(LEN(TRUNC(B20,0))-LEN(TRUNC(B21,0))>0,VALUE(LEFT(B20,LEN(TRUNC(B20,0))-LEN(TRUNC(B21,0))))*POWER(10,LEN(TRUNC(B21,0)))+B21-B20,B21-B20-VALUE(LEFT(B21,LEN(TRUNC(B21,0))-LEN(TRUNC(B20,0))))*POWER(10,LEN(TRUNC(B20,0)))))) -> 0 | D21: =IF(C21="","",C21*$D$15) -> 0 | F21: 36.131 | G21: =F21-F20 -> 0 | H21: =IF(G21="","",G21*$H$15) -> 0 | I21: =IF(H21="","",IF(D21="","",IF(AND(H21=0,D21=0),0,H21/D21))) -> 0 | K21: 6.473572
A22: 4-00 | B22: 58.7945 | C22: =IF(B22="","",IF(LEN(TRUNC(B21,0))-LEN(TRUNC(B22,0))=0,B22-B21,IF(LEN(TRUNC(B21,0))-LEN(TRUNC(B22,0))>0,VALUE(LEFT(B21,LEN(TRUNC(B21,0))-LEN(TRUNC(B22,0))))*POWER(10,LEN(TRUNC(B22,0)))+B22-B21,B22-B21-VALUE(LEFT(B22,LEN(TRUNC(B22,0))-LEN(TRUNC(B21,0))))*POWER(10,LEN(TRUNC(B21,0)))))) -> 0 | D22: =IF(C22="","",C22*$D$15) -> 0 | F22: 36.131 | G22: =F22-F21 -> 0 | H22: =IF(G22="","",G22*$H$15) -> 0 | I22: =IF(H22="","",IF(D22="","",IF(AND(H22=0,D22=0),0,H22/D22))) -> 0 | K22: 6.500047
A23: 5-00 | B23: 58.7946 | C23: =IF(B23="","",IF(LEN(TRUNC(B22,0))-LEN(TRUNC(B23,0))=0,B23-B22,IF(LEN(TRUNC(B22,0))-LEN(TRUNC(B23,0))>0,VALUE(LEFT(B22,LEN(TRUNC(B22,0))-LEN(TRUNC(B23,0))))*POWER(10,LEN(TRUNC(B23,0)))+B23-B22,B23-B22-VALUE(LEFT(B23,LEN(TRUNC(B23,0))-LEN(TRUNC(B22,0))))*POWER(10,LEN(TRUNC(B22,0)))))) -> 0.0001 | D23: =IF(C23="","",C23*$D$15) -> 1.2 | F23: 36.131 | G23: =F23-F22 -> 0 | H23: =IF(G23="","",G23*$H$15) -> 0 | I23: =IF(H23="","",IF(D23="","",IF(AND(H23=0,D23=0),0,H23/D23))) -> 0 | K23: 6.424461
A24: 6-00 | B24: 58.7946 | C24: =IF(B24="","",IF(LEN(TRUNC(B23,0))-LEN(TRUNC(B24,0))=0,B24-B23,IF(LEN(TRUNC(B23,0))-LEN(TRUNC(B24,0))>0,VALUE(LEFT(B23,LEN(TRUNC(B23,0))-LEN(TRUNC(B24,0))))*POWER(10,LEN(TRUNC(B24,0)))+B24-B23,B24-B23-VALUE(LEFT(B24,LEN(TRUNC(B24,0))-LEN(TRUNC(B23,0))))*POWER(10,LEN(TRUNC(B23,0)))))) -> 0 | D24: =IF(C24="","",C24*$D$15) -> 0 | F24: 36.131 | G24: =F24-F23 -> 0 | H24: =IF(G24="","",G24*$H$15) -> 0 | I24: =IF(H24="","",IF(D24="","",IF(AND(H24=0,D24=0),0,H24/D24))) -> 0 | K24: 6.408624
A25: 7-00 | B25: 58.7946 | C25: =IF(B25="","",IF(LEN(TRUNC(B24,0))-LEN(TRUNC(B25,0))=0,B25-B24,IF(LEN(TRUNC(B24,0))-LEN(TRUNC(B25,0))>0,VALUE(LEFT(B24,LEN(TRUNC(B24,0))-LEN(TRUNC(B25,0))))*POWER(10,LEN(TRUNC(B25,0)))+B25-B24,B25-B24-VALUE(LEFT(B25,LEN(TRUNC(B25,0))-LEN(TRUNC(B24,0))))*POWER(10,LEN(TRUNC(B24,0)))))) -> 0 | D25: =IF(C25="","",C25*$D$15) -> 0 | F25: 36.131 | G25: =F25-F24 -> 0 | H25: =IF(G25="","",G25*$H$15) -> 0 | I25: =IF(H25="","",IF(D25="","",IF(AND(H25=0,D25=0),0,H25/D25))) -> 0 | K25: 6.493739
A26: 8-00 | B26: 58.7946 | C26: =IF(B26="","",IF(LEN(TRUNC(B25,0))-LEN(TRUNC(B26,0))=0,B26-B25,IF(LEN(TRUNC(B25,0))-LEN(TRUNC(B26,0))>0,VALUE(LEFT(B25,LEN(TRUNC(B25,0))-LEN(TRUNC(B26,0))))*POWER(10,LEN(TRUNC(B26,0)))+B26-B25,B26-B25-VALUE(LEFT(B26,LEN(TRUNC(B26,0))-LEN(TRUNC(B25,0))))*POWER(10,LEN(TRUNC(B25,0)))))) -> 0 | D26: =IF(C26="","",C26*$D$15) -> 0 | F26: 36.131 | G26: =F26-F25 -> 0 | H26: =IF(G26="","",G26*$H$15) -> 0 | I26: =IF(H26="","",IF(D26="","",IF(AND(H26=0,D26=0),0,H26/D26))) -> 0 | K26: 6.347729
A27: 9-00 | B27: 58.7946 | C27: =IF(B27="","",IF(LEN(TRUNC(B26,0))-LEN(TRUNC(B27,0))=0,B27-B26,IF(LEN(TRUNC(B26,0))-LEN(TRUNC(B27,0))>0,VALUE(LEFT(B26,LEN(TRUNC(B26,0))-LEN(TRUNC(B27,0))))*POWER(10,LEN(TRUNC(B27,0)))+B27-B26,B27-B26-VALUE(LEFT(B27,LEN(TRUNC(B27,0))-LEN(TRUNC(B26,0))))*POWER(10,LEN(TRUNC(B26,0)))))) -> 0 | D27: =IF(C27="","",C27*$D$15) -> 0 | F27: 36.131 | G27: =F27-F26 -> 0 | H27: =IF(G27="","",G27*$H$15) -> 0 | I27: =IF(H27="","",IF(D27="","",IF(AND(H27=0,D27=0),0,H27/D27))) -> 0 | K27: 6.287414
A28: 10-00 | B28: 58.7946 | C28: =IF(B28="","",IF(LEN(TRUNC(B27,0))-LEN(TRUNC(B28,0))=0,B28-B27,IF(LEN(TRUNC(B27,0))-LEN(TRUNC(B28,0))>0,VALUE(LEFT(B27,LEN(TRUNC(B27,0))-LEN(TRUNC(B28,0))))*POWER(10,LEN(TRUNC(B28,0)))+B28-B27,B28-B27-VALUE(LEFT(B28,LEN(TRUNC(B28,0))-LEN(TRUNC(B27,0))))*POWER(10,LEN(TRUNC(B27,0)))))) -> 0 | D28: =IF(C28="","",C28*$D$15) -> 0 | F28: 36.131 | G28: =F28-F27 -> 0 | H28: =IF(G28="","",G28*$H$15) -> 0 | I28: =IF(H28="","",IF(D28="","",IF(AND(H28=0,D28=0),0,H28/D28))) -> 0 | K28: 6.216361
A29: 11-00 | B29: 58.7946 | C29: =IF(B29="","",IF(LEN(TRUNC(B28,0))-LEN(TRUNC(B29,0))=0,B29-B28,IF(LEN(TRUNC(B28,0))-LEN(TRUNC(B29,0))>0,VALUE(LEFT(B28,LEN(TRUNC(B28,0))-LEN(TRUNC(B29,0))))*POWER(10,LEN(TRUNC(B29,0)))+B29-B28,B29-B28-VALUE(LEFT(B29,LEN(TRUNC(B29,0))-LEN(TRUNC(B28,0))))*POWER(10,LEN(TRUNC(B28,0)))))) -> 0 | D29: =IF(C29="","",C29*$D$15) -> 0 | F29: 36.131 | G29: =F29-F28 -> 0 | H29: =IF(G29="","",G29*$H$15) -> 0 | I29: =IF(H29="","",IF(D29="","",IF(AND(H29=0,D29=0),0,H29/D29))) -> 0 | K29: 6.209973 | M29: Указать отдельно рабочие и запломбированные трансформаторы и высоковольтные электродвигатели
A30: 12-00 | B30: 58.7946 | C30: =IF(B30="","",IF(LEN(TRUNC(B29,0))-LEN(TRUNC(B30,0))=0,B30-B29,IF(LEN(TRUNC(B29,0))-LEN(TRUNC(B30,0))>0,VALUE(LEFT(B29,LEN(TRUNC(B29,0))-LEN(TRUNC(B30,0))))*POWER(10,LEN(TRUNC(B30,0)))+B30-B29,B30-B29-VALUE(LEFT(B30,LEN(TRUNC(B30,0))-LEN(TRUNC(B29,0))))*POWER(10,LEN(TRUNC(B29,0)))))) -> 0 | D30: =IF(C30="","",C30*$D$15) -> 0 | F30: 36.131 | G30: =F30-F29 -> 0 | H30: =IF(G30="","",G30*$H$15) -> 0 | I30: =IF(H30="","",IF(D30="","",IF(AND(H30=0,D30=0),0,H30/D30))) -> 0 | K30: 6.150782 | M30: II. Статконденсаторы всех напряжений
A31: 13-00 | B31: 58.7946 | C31: =IF(B31="","",IF(LEN(TRUNC(B30,0))-LEN(TRUNC(B31,0))=0,B31-B30,IF(LEN(TRUNC(B30,0))-LEN(TRUNC(B31,0))>0,VALUE(LEFT(B30,LEN(TRUNC(B30,0))-LEN(TRUNC(B31,0))))*POWER(10,LEN(TRUNC(B31,0)))+B31-B30,B31-B30-VALUE(LEFT(B31,LEN(TRUNC(B31,0))-LEN(TRUNC(B30,0))))*POWER(10,LEN(TRUNC(B30,0)))))) -> 0 | D31: =IF(C31="","",C31*$D$15) -> 0 | F31: 36.131 | G31: =F31-F30 -> 0 | H31: =IF(G31="","",G31*$H$15) -> 0 | I31: =IF(H31="","",IF(D31="","",IF(AND(H31=0,D31=0),0,H31/D31))) -> 0 | K31: 6.265051 | M31: №№ | N31: Место | P31: Номинальное | R31: Номинальная | T31: В т.ч. с | V31: Время включения | Y31: Примечание
A32: 14-00 | B32: 58.7946 | C32: =IF(B32="","",IF(LEN(TRUNC(B31,0))-LEN(TRUNC(B32,0))=0,B32-B31,IF(LEN(TRUNC(B31,0))-LEN(TRUNC(B32,0))>0,VALUE(LEFT(B31,LEN(TRUNC(B31,0))-LEN(TRUNC(B32,0))))*POWER(10,LEN(TRUNC(B32,0)))+B32-B31,B32-B31-VALUE(LEFT(B32,LEN(TRUNC(B32,0))-LEN(TRUNC(B31,0))))*POWER(10,LEN(TRUNC(B31,0)))))) -> 0 | D32: =IF(C32="","",C32*$D$15) -> 0 | F32: 36.131 | G32: =F32-F31 -> 0 | H32: =IF(G32="","",G32*$H$15) -> 0 | I32: =IF(H32="","",IF(D32="","",IF(AND(H32=0,D32=0),0,H32/D32))) -> 0 | K32: 5.949984 | P32: напряжение | R32: мощность | T32: авторегулир. | V32: и отключения
A33: 15-00 | B33: 58.7946 | C33: =IF(B33="","",IF(LEN(TRUNC(B32,0))-LEN(TRUNC(B33,0))=0,B33-B32,IF(LEN(TRUNC(B32,0))-LEN(TRUNC(B33,0))>0,VALUE(LEFT(B32,LEN(TRUNC(B32,0))-LEN(TRUNC(B33,0))))*POWER(10,LEN(TRUNC(B33,0)))+B33-B32,B33-B32-VALUE(LEFT(B33,LEN(TRUNC(B33,0))-LEN(TRUNC(B32,0))))*POWER(10,LEN(TRUNC(B32,0)))))) -> 0 | D33: =IF(C33="","",C33*$D$15) -> 0 | F33: 36.131 | G33: =F33-F32 -> 0 | H33: =IF(G33="","",G33*$H$15) -> 0 | I33: =IF(H33="","",IF(D33="","",IF(AND(H33=0,D33=0),0,H33/D33))) -> 0 | K33: 6.209528 | M33: п/п | N33: установки | P33: кВ | R33: кВар | T33: кВар | V33: установки за сутки
A34: 16-00 | B34: 58.7946 | C34: =IF(B34="","",IF(LEN(TRUNC(B33,0))-LEN(TRUNC(B34,0))=0,B34-B33,IF(LEN(TRUNC(B33,0))-LEN(TRUNC(B34,0))>0,VALUE(LEFT(B33,LEN(TRUNC(B33,0))-LEN(TRUNC(B34,0))))*POWER(10,LEN(TRUNC(B34,0)))+B34-B33,B34-B33-VALUE(LEFT(B34,LEN(TRUNC(B34,0))-LEN(TRUNC(B33,0))))*POWER(10,LEN(TRUNC(B33,0)))))) -> 0 | D34: =IF(C34="","",C34*$D$15) -> 0 | F34: 36.131 | G34: =F34-F33 -> 0 | H34: =IF(G34="","",G34*$H$15) -> 0 | I34: =IF(H34="","",IF(D34="","",IF(AND(H34=0,D34=0),0,H34/D34))) -> 0 | K34: 6.135647
A35: 17-00 | B35: 58.7946 | C35: =IF(B35="","",IF(LEN(TRUNC(B34,0))-LEN(TRUNC(B35,0))=0,B35-B34,IF(LEN(TRUNC(B34,0))-LEN(TRUNC(B35,0))>0,VALUE(LEFT(B34,LEN(TRUNC(B34,0))-LEN(TRUNC(B35,0))))*POWER(10,LEN(TRUNC(B35,0)))+B35-B34,B35-B34-VALUE(LEFT(B35,LEN(TRUNC(B35,0))-LEN(TRUNC(B34,0))))*POWER(10,LEN(TRUNC(B34,0)))))) -> 0 | D35: =IF(C35="","",C35*$D$15) -> 0 | F35: 36.131 | G35: =F35-F34 -> 0 | H35: =IF(G35="","",G35*$H$15) -> 0 | I35: =IF(H35="","",IF(D35="","",IF(AND(H35=0,D35=0),0,H35/D35))) -> 0 | K35: 6.158191
A36: 18-00 | B36: 58.7946 | C36: =IF(B36="","",IF(LEN(TRUNC(B35,0))-LEN(TRUNC(B36,0))=0,B36-B35,IF(LEN(TRUNC(B35,0))-LEN(TRUNC(B36,0))>0,VALUE(LEFT(B35,LEN(TRUNC(B35,0))-LEN(TRUNC(B36,0))))*POWER(10,LEN(TRUNC(B36,0)))+B36-B35,B36-B35-VALUE(LEFT(B36,LEN(TRUNC(B36,0))-LEN(TRUNC(B35,0))))*POWER(10,LEN(TRUNC(B35,0)))))) -> 0 | D36: =IF(C36="","",C36*$D$15) -> 0 | F36: 36.131 | G36: =F36-F35 -> 0 | H36: =IF(G36="","",G36*$H$15) -> 0 | I36: =IF(H36="","",IF(D36="","",IF(AND(H36=0,D36=0),0,H36/D36))) -> 0 | K36: 6.217741
A37: 19-00 | B37: 58.7946 | C37: =IF(B37="","",IF(LEN(TRUNC(B36,0))-LEN(TRUNC(B37,0))=0,B37-B36,IF(LEN(TRUNC(B36,0))-LEN(TRUNC(B37,0))>0,VALUE(LEFT(B36,LEN(TRUNC(B36,0))-LEN(TRUNC(B37,0))))*POWER(10,LEN(TRUNC(B37,0)))+B37-B36,B37-B36-VALUE(LEFT(B37,LEN(TRUNC(B37,0))-LEN(TRUNC(B36,0))))*POWER(10,LEN(TRUNC(B36,0)))))) -> 0 | D37: =IF(C37="","",C37*$D$15) -> 0 | F37: 36.131 | G37: =F37-F36 -> 0 | H37: =IF(G37="","",G37*$H$15) -> 0 | I37: =IF(H37="","",IF(D37="","",IF(AND(H37=0,D37=0),0,H37/D37))) -> 0 | K37: 6.226002
A38: 20-00 | B38: 58.7946 | C38: =IF(B38="","",IF(LEN(TRUNC(B37,0))-LEN(TRUNC(B38,0))=0,B38-B37,IF(LEN(TRUNC(B37,0))-LEN(TRUNC(B38,0))>0,VALUE(LEFT(B37,LEN(TRUNC(B37,0))-LEN(TRUNC(B38,0))))*POWER(10,LEN(TRUNC(B38,0)))+B38-B37,B38-B37-VALUE(LEFT(B38,LEN(TRUNC(B38,0))-LEN(TRUNC(B37,0))))*POWER(10,LEN(TRUNC(B37,0)))))) -> 0 | D38: =IF(C38="","",C38*$D$15) -> 0 | F38: 36.131 | G38: =F38-F37 -> 0 | H38: =IF(G38="","",G38*$H$15) -> 0 | I38: =IF(H38="","",IF(D38="","",IF(AND(H38=0,D38=0),0,H38/D38))) -> 0 | K38: 6.376532
A39: 21-00 | B39: 58.7946 | C39: =IF(B39="","",IF(LEN(TRUNC(B38,0))-LEN(TRUNC(B39,0))=0,B39-B38,IF(LEN(TRUNC(B38,0))-LEN(TRUNC(B39,0))>0,VALUE(LEFT(B38,LEN(TRUNC(B38,0))-LEN(TRUNC(B39,0))))*POWER(10,LEN(TRUNC(B39,0)))+B39-B38,B39-B38-VALUE(LEFT(B39,LEN(TRUNC(B39,0))-LEN(TRUNC(B38,0))))*POWER(10,LEN(TRUNC(B38,0)))))) -> 0 | D39: =IF(C39="","",C39*$D$15) -> 0 | F39: 36.131 | G39: =F39-F38 -> 0 | H39: =IF(G39="","",G39*$H$15) -> 0 | I39: =IF(H39="","",IF(D39="","",IF(AND(H39=0,D39=0),0,H39/D39))) -> 0 | K39: 6.385406
A40: 22-00 | B40: 58.7947 | C40: =IF(B40="","",IF(LEN(TRUNC(B39,0))-LEN(TRUNC(B40,0))=0,B40-B39,IF(LEN(TRUNC(B39,0))-LEN(TRUNC(B40,0))>0,VALUE(LEFT(B39,LEN(TRUNC(B39,0))-LEN(TRUNC(B40,0))))*POWER(10,LEN(TRUNC(B40,0)))+B40-B39,B40-B39-VALUE(LEFT(B40,LEN(TRUNC(B40,0))-LEN(TRUNC(B39,0))))*POWER(10,LEN(TRUNC(B39,0)))))) -> 0.0001 | D40: =IF(C40="","",C40*$D$15) -> 1.2 | F40: 36.131 | G40: =F40-F39 -> 0 | H40: =IF(G40="","",G40*$H$15) -> 0 | I40: =IF(H40="","",IF(D40="","",IF(AND(H40=0,D40=0),0,H40/D40))) -> 0 | K40: 6.348614 | M40: III. Синхронные электродвигатели напряжением до 1000 В
A41: 23-00 | B41: 58.7947 | C41: =IF(B41="","",IF(LEN(TRUNC(B40,0))-LEN(TRUNC(B41,0))=0,B41-B40,IF(LEN(TRUNC(B40,0))-LEN(TRUNC(B41,0))>0,VALUE(LEFT(B40,LEN(TRUNC(B40,0))-LEN(TRUNC(B41,0))))*POWER(10,LEN(TRUNC(B41,0)))+B41-B40,B41-B40-VALUE(LEFT(B41,LEN(TRUNC(B41,0))-LEN(TRUNC(B40,0))))*POWER(10,LEN(TRUNC(B40,0)))))) -> 0 | D41: =IF(C41="","",C41*$D$15) -> 0 | F41: 36.131 | G41: =F41-F40 -> 0 | H41: =IF(G41="","",G41*$H$15) -> 0 | I41: =IF(H41="","",IF(D41="","",IF(AND(H41=0,D41=0),0,H41/D41))) -> 0 | K41: 6.278701 | M41: №№ | N41: Место | P41: Номинальная | S41: № п-п | T41: Место установки | X41: Номинальная
A42: 24-00 | B42: 58.7947 | C42: =IF(B42="","",IF(LEN(TRUNC(B41,0))-LEN(TRUNC(B42,0))=0,B42-B41,IF(LEN(TRUNC(B41,0))-LEN(TRUNC(B42,0))>0,VALUE(LEFT(B41,LEN(TRUNC(B41,0))-LEN(TRUNC(B42,0))))*POWER(10,LEN(TRUNC(B42,0)))+B42-B41,B42-B41-VALUE(LEFT(B42,LEN(TRUNC(B42,0))-LEN(TRUNC(B41,0))))*POWER(10,LEN(TRUNC(B41,0)))))) -> 0 | D42: =IF(C42="","",C42*$D$15) -> 0 | F42: 36.131 | G42: =F42-F41 -> 0 | H42: =IF(G42="","",G42*$H$15) -> 0 | I42: =IF(H42="","",IF(D42="","",IF(AND(H42=0,D42=0),0,H42/D42))) -> 0 | K42: 6.369748
A43: Суточн. расход эл. энергии | D43: =SUM(D18:D42) -> 2.4 | H43: =SUM(H18:H42) -> 0 | I43: =IF(AND(H43=0,D43=0),0,H43/D43) -> 0 | M43: п/п | N43: установки | P43: мощность кВт | X43: мощность кВт
A44: Контрольная сумма
A46: Запись показаний счетчиков производили: | G46: Расчеты произвел:
A47: 1. | D47: ___________________
A48: фамилия | D48: (подпись)
A49: 2. | D49: ___________________ | H49: Каргина Т.В. | K49: _______________ | N49: Главный энергетик | Q49: _________________________ И.Н. Чернышов
A50: фамилия | D50: (подпись) | H50: фамилия | K50: (подпись) | S50: (подпись)
A51: 3. | D51: ___________________
A52: фамилия | D52: (подпись)

Sheet Ячейка 3Гео
A1: ОАО "Пластик" | G1: Шифр | M1: I. Сведения о присоединенных трансформаторах и высоковольтных электродвигателях
A2: (наименование предприятия) | M2: 1. Трансформаторы
A3: г. Узловая, Тульская, 1 | G3: Питающий центр | I3: П/ст №167 (ГПП-1) | M3: №№ | N3: Место установки | P3: Мощность | R3: Номинальн. | T3: Включен. | V3: Назначение | X3: Примечание
A4: (адрес) | R4: напряжение | T4: на ответвление | V4: тр-ра
G5: № фидера | I5: яч 3Г вв.1 Геосинтетика | M5: п/п | P5: ква | R5: ________ кВ | T5: ________ кВ | V5: силов. освет.
A6: (министерство, ведомство) | V6: печной
A8: ПРОТОКОЛ (первичный)
A9: записей показания электросчетчиков и вольтметров, а также определение
A10: нагрузок и тангенса "фи" за | E10: 21 июня | H10: 2017года
A11: напряжения | E11: _________6000___________ | I11: вольт
A13: Время записи часы | B13: Активн. сч-к тип | D13: СЭТ-4ТМ.03 | F13: Реактивн. сч-к тип | H13: СЭТ-4ТМ.03 | I13: Тангенс "фи" | J13: Показание | L13: Мощность
B14: ____________л__ | D14: №087090870 | F14: ____________л__ | H14: № 087090870 | J14: вольтметр. | L14: включен.
B15: Расчетн. коэф | D15: 4800 | F15: Расчетн. коэф | H15: 4800 | J15: на стороне | L15: компенсир.
B16: показ. | C16: разность | D16: расход за | F16: показ. | G16: разность | H16: расход за | J16: в\н | K16: н\н | L16: устройств
B17: сч-ка | C17: показ. | D17: час (кВт) | F17: сч-ка | G17: показ. | H17: час (кВт) | L17: кВар | M17: 2. Высоковольтные электродвигатели
A18: 0-00 | B18: 4420.4867 | F18: 1973.7951 | M18: №№ | N18: Место | Q18: Тип | T18: Номинальная | W18: Примечание
A19: 1-00 | B19: 4420.7776 | C19: =IF(B19="","",IF(LEN(TRUNC(B18,0))-LEN(TRUNC(B19,0))=0,B19-B18,IF(LEN(TRUNC(B18,0))-LEN(TRUNC(B19,0))>0,VALUE(LEFT(B18,LEN(TRUNC(B18,0))-LEN(TRUNC(B19,0))))*POWER(10,LEN(TRUNC(B19,0)))+B19-B18,B19-B18-VALUE(LEFT(B19,LEN(TRUNC(B19,0))-LEN(TRUNC(B18,0))))*POWER(10,LEN(TRUNC(B18,0)))))) -> 0.2909 | D19: =IF(C19="","",C19*$D$15) -> 1396.32 | F19: 1973.9302 | G19: =F19-ReportObject5_3 -> 0.1351 | H19: =IF(G19="","",G19*$H$15) -> 648.48 | I19: =IF(H19="","",IF(D19="","",IF(AND(H19=0,D19=0),0,H19/D19))) -> 0.46442076 | K19: 6.326905 | Q19: (синхронный,
A20: 2-00 | B20: 4421.0718 | C20: =IF(B20="","",IF(LEN(TRUNC(B19,0))-LEN(TRUNC(B20,0))=0,B20-B19,IF(LEN(TRUNC(B19,0))-LEN(TRUNC(B20,0))>0,VALUE(LEFT(B19,LEN(TRUNC(B19,0))-LEN(TRUNC(B20,0))))*POWER(10,LEN(TRUNC(B20,0)))+B20-B19,B20-B19-VALUE(LEFT(B20,LEN(TRUNC(B20,0))-LEN(TRUNC(B19,0))))*POWER(10,LEN(TRUNC(B19,0)))))) -> 0.2942 | D20: =IF(C20="","",C20*$D$15) -> 1412.16 | F20: 1974.0694 | G20: =F20-F19 -> 0.1392 | H20: =IF(G20="","",G20*$H$15) -> 668.16 | I20: =IF(H20="","",IF(D20="","",IF(AND(H20=0,D20=0),0,H20/D20))) -> 0.47314752 | K20: 6.412437 | M20: п/п | N20: установки | Q20: асинхронный) | T20: мощность кВт
A21: 3-00 | B21: 4421.3602 | C21: =IF(B21="","",IF(LEN(TRUNC(B20,0))-LEN(TRUNC(B21,0))=0,B21-B20,IF(LEN(TRUNC(B20,0))-LEN(TRUNC(B21,0))>0,VALUE(LEFT(B20,LEN(TRUNC(B20,0))-LEN(TRUNC(B21,0))))*POWER(10,LEN(TRUNC(B21,0)))+B21-B20,B21-B20-VALUE(LEFT(B21,LEN(TRUNC(B21,0))-LEN(TRUNC(B20,0))))*POWER(10,LEN(TRUNC(B20,0)))))) -> 0.2884 | D21: =IF(C21="","",C21*$D$15) -> 1384.32 | F21: 1974.2071 | G21: =F21-F20 -> 0.1377 | H21: =IF(G21="","",G21*$H$15) -> 660.96 | I21: =IF(H21="","",IF(D21="","",IF(AND(H21=0,D21=0),0,H21/D21))) -> 0.47746186 | K21: 6.418342
A22: 4-00 | B22: 4421.6507 | C22: =IF(B22="","",IF(LEN(TRUNC(B21,0))-LEN(TRUNC(B22,0))=0,B22-B21,IF(LEN(TRUNC(B21,0))-LEN(TRUNC(B22,0))>0,VALUE(LEFT(B21,LEN(TRUNC(B21,0))-LEN(TRUNC(B22,0))))*POWER(10,LEN(TRUNC(B22,0)))+B22-B21,B22-B21-VALUE(LEFT(B22,LEN(TRUNC(B22,0))-LEN(TRUNC(B21,0))))*POWER(10,LEN(TRUNC(B21,0)))))) -> 0.2905 | D22: =IF(C22="","",C22*$D$15) -> 1394.4 | F22: 1974.3463 | G22: =F22-F21 -> 0.1392 | H22: =IF(G22="","",G22*$H$15) -> 668.16 | I22: =IF(H22="","",IF(D22="","",IF(AND(H22=0,D22=0),0,H22/D22))) -> 0.47917384 | K22: 6.240928
A23: 5-00 | B23: 4421.9424 | C23: =IF(B23="","",IF(LEN(TRUNC(B22,0))-LEN(TRUNC(B23,0))=0,B23-B22,IF(LEN(TRUNC(B22,0))-LEN(TRUNC(B23,0))>0,VALUE(LEFT(B22,LEN(TRUNC(B22,0))-LEN(TRUNC(B23,0))))*POWER(10,LEN(TRUNC(B23,0)))+B23-B22,B23-B22-VALUE(LEFT(B23,LEN(TRUNC(B23,0))-LEN(TRUNC(B22,0))))*POWER(10,LEN(TRUNC(B22,0)))))) -> 0.2917 | D23: =IF(C23="","",C23*$D$15) -> 1400.16 | F23: 1974.4866 | G23: =F23-F22 -> 0.1403 | H23: =IF(G23="","",G23*$H$15) -> 673.44 | I23: =IF(H23="","",IF(D23="","",IF(AND(H23=0,D23=0),0,H23/D23))) -> 0.4809736 | K23: 6.461163
A24: 6-00 | B24: 4422.2309 | C24: =IF(B24="","",IF(LEN(TRUNC(B23,0))-LEN(TRUNC(B24,0))=0,B24-B23,IF(LEN(TRUNC(B23,0))-LEN(TRUNC(B24,0))>0,VALUE(LEFT(B23,LEN(TRUNC(B23,0))-LEN(TRUNC(B24,0))))*POWER(10,LEN(TRUNC(B24,0)))+B24-B23,B24-B23-VALUE(LEFT(B24,LEN(TRUNC(B24,0))-LEN(TRUNC(B23,0))))*POWER(10,LEN(TRUNC(B23,0)))))) -> 0.2885 | D24: =IF(C24="","",C24*$D$15) -> 1384.8 | F24: 1974.6264 | G24: =F24-F23 -> 0.1398 | H24: =IF(G24="","",G24*$H$15) -> 671.04 | I24: =IF(H24="","",IF(D24="","",IF(AND(H24=0,D24=0),0,H24/D24))) -> 0.48457539 | K24: 6.475829
A25: 7-00 | B25: 4422.5185 | C25: =IF(B25="","",IF(LEN(TRUNC(B24,0))-LEN(TRUNC(B25,0))=0,B25-B24,IF(LEN(TRUNC(B24,0))-LEN(TRUNC(B25,0))>0,VALUE(LEFT(B24,LEN(TRUNC(B24,0))-LEN(TRUNC(B25,0))))*POWER(10,LEN(TRUNC(B25,0)))+B25-B24,B25-B24-VALUE(LEFT(B25,LEN(TRUNC(B25,0))-LEN(TRUNC(B24,0))))*POWER(10,LEN(TRUNC(B24,0)))))) -> 0.2876 | D25: =IF(C25="","",C25*$D$15) -> 1380.48 | F25: 1974.7645 | G25: =F25-F24 -> 0.1381 | H25: =IF(G25="","",G25*$H$15) -> 662.88 | I25: =IF(H25="","",IF(D25="","",IF(AND(H25=0,D25=0),0,H25/D25))) -> 0.48018081 | K25: 6.431985
A26: 8-00 | B26: 4422.8107 | C26: =IF(B26="","",IF(LEN(TRUNC(B25,0))-LEN(TRUNC(B26,0))=0,B26-B25,IF(LEN(TRUNC(B25,0))-LEN(TRUNC(B26,0))>0,VALUE(LEFT(B25,LEN(TRUNC(B25,0))-LEN(TRUNC(B26,0))))*POWER(10,LEN(TRUNC(B26,0)))+B26-B25,B26-B25-VALUE(LEFT(B26,LEN(TRUNC(B26,0))-LEN(TRUNC(B25,0))))*POWER(10,LEN(TRUNC(B25,0)))))) -> 0.2922 | D26: =IF(C26="","",C26*$D$15) -> 1402.56 | F26: 1974.8995 | G26: =F26-F25 -> 0.135 | H26: =IF(G26="","",G26*$H$15) -> 648 | I26: =IF(H26="","",IF(D26="","",IF(AND(H26=0,D26=0),0,H26/D26))) -> 0.46201232 | K26: 6.347073
A27: 9-00 | B27: 4423.0992 | C27: =IF(B27="","",IF(LEN(TRUNC(B26,0))-LEN(TRUNC(B27,0))=0,B27-B26,IF(LEN(TRUNC(B26,0))-LEN(TRUNC(B27,0))>0,VALUE(LEFT(B26,LEN(TRUNC(B26,0))-LEN(TRUNC(B27,0))))*POWER(10,LEN(TRUNC(B27,0)))+B27-B26,B27-B26-VALUE(LEFT(B27,LEN(TRUNC(B27,0))-LEN(TRUNC(B26,0))))*POWER(10,LEN(TRUNC(B26,0)))))) -> 0.2885 | D27: =IF(C27="","",C27*$D$15) -> 1384.8 | F27: 1975.0287 | G27: =F27-F26 -> 0.1292 | H27: =IF(G27="","",G27*$H$15) -> 620.16 | I27: =IF(H27="","",IF(D27="","",IF(AND(H27=0,D27=0),0,H27/D27))) -> 0.44783362 | K27: 6.213998
A28: 10-00 | B28: 4423.3887 | C28: =IF(B28="","",IF(LEN(TRUNC(B27,0))-LEN(TRUNC(B28,0))=0,B28-B27,IF(LEN(TRUNC(B27,0))-LEN(TRUNC(B28,0))>0,VALUE(LEFT(B27,LEN(TRUNC(B27,0))-LEN(TRUNC(B28,0))))*POWER(10,LEN(TRUNC(B28,0)))+B28-B27,B28-B27-VALUE(LEFT(B28,LEN(TRUNC(B28,0))-LEN(TRUNC(B27,0))))*POWER(10,LEN(TRUNC(B27,0)))))) -> 0.2895 | D28: =IF(C28="","",C28*$D$15) -> 1389.6 | F28: 1975.1559 | G28: =F28-F27 -> 0.1272 | H28: =IF(G28="","",G28*$H$15) -> 610.56 | I28: =IF(H28="","",IF(D28="","",IF(AND(H28=0,D28=0),0,H28/D28))) -> 0.43937824 | K28: 6.167478
A29: 11-00 | B29: 4423.6739 | C29: =IF(B29="","",IF(LEN(TRUNC(B28,0))-LEN(TRUNC(B29,0))=0,B29-B28,IF(LEN(TRUNC(B28,0))-LEN(TRUNC(B29,0))>0,VALUE(LEFT(B28,LEN(TRUNC(B28,0))-LEN(TRUNC(B29,0))))*POWER(10,LEN(TRUNC(B29,0)))+B29-B28,B29-B28-VALUE(LEFT(B29,LEN(TRUNC(B29,0))-LEN(TRUNC(B28,0))))*POWER(10,LEN(TRUNC(B28,0)))))) -> 0.2852 | D29: =IF(C29="","",C29*$D$15) -> 1368.96 | F29: 1975.2812 | G29: =F29-F28 -> 0.1253 | H29: =IF(G29="","",G29*$H$15) -> 601.44 | I29: =IF(H29="","",IF(D29="","",IF(AND(H29=0,D29=0),0,H29/D29))) -> 0.43934081 | K29: 6.152082 | M29: Указать отдельно рабочие и запломбированные трансформаторы и высоковольтные электродвигатели
A30: 12-00 | B30: 4423.9572 | C30: =IF(B30="","",IF(LEN(TRUNC(B29,0))-LEN(TRUNC(B30,0))=0,B30-B29,IF(LEN(TRUNC(B29,0))-LEN(TRUNC(B30,0))>0,VALUE(LEFT(B29,LEN(TRUNC(B29,0))-LEN(TRUNC(B30,0))))*POWER(10,LEN(TRUNC(B30,0)))+B30-B29,B30-B29-VALUE(LEFT(B30,LEN(TRUNC(B30,0))-LEN(TRUNC(B29,0))))*POWER(10,LEN(TRUNC(B29,0)))))) -> 0.2833 | D30: =IF(C30="","",C30*$D$15) -> 1359.84 | F30: 1975.4042 | G30: =F30-F29 -> 0.123 | H30: =IF(G30="","",G30*$H$15) -> 590.4 | I30: =IF(H30="","",IF(D30="","",IF(AND(H30=0,D30=0),0,H30/D30))) -> 0.43416873 | K30: 6.171024 | M30: II. Статконденсаторы всех напряжений
A31: 13-00 | B31: 4424.244 | C31: =IF(B31="","",IF(LEN(TRUNC(B30,0))-LEN(TRUNC(B31,0))=0,B31-B30,IF(LEN(TRUNC(B30,0))-LEN(TRUNC(B31,0))>0,VALUE(LEFT(B30,LEN(TRUNC(B30,0))-LEN(TRUNC(B31,0))))*POWER(10,LEN(TRUNC(B31,0)))+B31-B30,B31-B30-VALUE(LEFT(B31,LEN(TRUNC(B31,0))-LEN(TRUNC(B30,0))))*POWER(10,LEN(TRUNC(B30,0)))))) -> 0.2868 | D31: =IF(C31="","",C31*$D$15) -> 1376.64 | F31: 1975.5303 | G31: =F31-F30 -> 0.1261 | H31: =IF(G31="","",G31*$H$15) -> 605.28 | I31: =IF(H31="","",IF(D31="","",IF(AND(H31=0,D31=0),0,H31/D31))) -> 0.43967922 | K31: 6.204159 | M31: №№ | N31: Место | P31: Номинальное | R31: Номинальная | T31: В т.ч. с | V31: Время включения | Y31: Примечание
A32: 14-00 | B32: 4424.529 | C32: =IF(B32="","",IF(LEN(TRUNC(B31,0))-LEN(TRUNC(B32,0))=0,B32-B31,IF(LEN(TRUNC(B31,0))-LEN(TRUNC(B32,0))>0,VALUE(LEFT(B31,LEN(TRUNC(B31,0))-LEN(TRUNC(B32,0))))*POWER(10,LEN(TRUNC(B32,0)))+B32-B31,B32-B31-VALUE(LEFT(B32,LEN(TRUNC(B32,0))-LEN(TRUNC(B31,0))))*POWER(10,LEN(TRUNC(B31,0)))))) -> 0.285 | D32: =IF(C32="","",C32*$D$15) -> 1368 | F32: 1975.6539 | G32: =F32-F31 -> 0.1236 | H32: =IF(G32="","",G32*$H$15) -> 593.28 | I32: =IF(H32="","",IF(D32="","",IF(AND(H32=0,D32=0),0,H32/D32))) -> 0.43368421 | K32: 6.05011 | P32: напряжение | R32: мощность | T32: авторегулир. | V32: и отключения
A33: 15-00 | B33: 4424.8159 | C33: =IF(B33="","",IF(LEN(TRUNC(B32,0))-LEN(TRUNC(B33,0))=0,B33-B32,IF(LEN(TRUNC(B32,0))-LEN(TRUNC(B33,0))>0,VALUE(LEFT(B32,LEN(TRUNC(B32,0))-LEN(TRUNC(B33,0))))*POWER(10,LEN(TRUNC(B33,0)))+B33-B32,B33-B32-VALUE(LEFT(B33,LEN(TRUNC(B33,0))-LEN(TRUNC(B32,0))))*POWER(10,LEN(TRUNC(B32,0)))))) -> 0.2869 | D33: =IF(C33="","",C33*$D$15) -> 1377.12 | F33: 1975.7771 | G33: =F33-F32 -> 0.1232 | H33: =IF(G33="","",G33*$H$15) -> 591.36 | I33: =IF(H33="","",IF(D33="","",IF(AND(H33=0,D33=0),0,H33/D33))) -> 0.42941792 | K33: 6.020441 | M33: п/п | N33: установки | P33: кВ | R33: кВар | T33: кВар | V33: установки за сутки
A34: 16-00 | B34: 4425.1014 | C34: =IF(B34="","",IF(LEN(TRUNC(B33,0))-LEN(TRUNC(B34,0))=0,B34-B33,IF(LEN(TRUNC(B33,0))-LEN(TRUNC(B34,0))>0,VALUE(LEFT(B33,LEN(TRUNC(B33,0))-LEN(TRUNC(B34,0))))*POWER(10,LEN(TRUNC(B34,0)))+B34-B33,B34-B33-VALUE(LEFT(B34,LEN(TRUNC(B34,0))-LEN(TRUNC(B33,0))))*POWER(10,LEN(TRUNC(B33,0)))))) -> 0.2855 | D34: =IF(C34="","",C34*$D$15) -> 1370.4 | F34: 1975.8991 | G34: =F34-F33 -> 0.122 | H34: =IF(G34="","",G34*$H$15) -> 585.6 | I34: =IF(H34="","",IF(D34="","",IF(AND(H34=0,D34=0),0,H34/D34))) -> 0.42732049 | K34: 5.895202
A35: 17-00 | B35: 4425.3874 | C35: =IF(B35="","",IF(LEN(TRUNC(B34,0))-LEN(TRUNC(B35,0))=0,B35-B34,IF(LEN(TRUNC(B34,0))-LEN(TRUNC(B35,0))>0,VALUE(LEFT(B34,LEN(TRUNC(B34,0))-LEN(TRUNC(B35,0))))*POWER(10,LEN(TRUNC(B35,0)))+B35-B34,B35-B34-VALUE(LEFT(B35,LEN(TRUNC(B35,0))-LEN(TRUNC(B34,0))))*POWER(10,LEN(TRUNC(B34,0)))))) -> 0.286 | D35: =IF(C35="","",C35*$D$15) -> 1372.8 | F35: 1976.0249 | G35: =F35-F34 -> 0.1258 | H35: =IF(G35="","",G35*$H$15) -> 603.84 | I35: =IF(H35="","",IF(D35="","",IF(AND(H35=0,D35=0),0,H35/D35))) -> 0.43986014 | K35: 6.033041
A36: 18-00 | B36: 4425.6699 | C36: =IF(B36="","",IF(LEN(TRUNC(B35,0))-LEN(TRUNC(B36,0))=0,B36-B35,IF(LEN(TRUNC(B35,0))-LEN(TRUNC(B36,0))>0,VALUE(LEFT(B35,LEN(TRUNC(B35,0))-LEN(TRUNC(B36,0))))*POWER(10,LEN(TRUNC(B36,0)))+B36-B35,B36-B35-VALUE(LEFT(B36,LEN(TRUNC(B36,0))-LEN(TRUNC(B35,0))))*POWER(10,LEN(TRUNC(B35,0)))))) -> 0.2825 | D36: =IF(C36="","",C36*$D$15) -> 1356 | F36: 1976.1503 | G36: =F36-F35 -> 0.1254 | H36: =IF(G36="","",G36*$H$15) -> 601.92 | I36: =IF(H36="","",IF(D36="","",IF(AND(H36=0,D36=0),0,H36/D36))) -> 0.44389381 | K36: 6.206874
A37: 19-00 | B37: 4425.9533 | C37: =IF(B37="","",IF(LEN(TRUNC(B36,0))-LEN(TRUNC(B37,0))=0,B37-B36,IF(LEN(TRUNC(B36,0))-LEN(TRUNC(B37,0))>0,VALUE(LEFT(B36,LEN(TRUNC(B36,0))-LEN(TRUNC(B37,0))))*POWER(10,LEN(TRUNC(B37,0)))+B37-B36,B37-B36-VALUE(LEFT(B37,LEN(TRUNC(B37,0))-LEN(TRUNC(B36,0))))*POWER(10,LEN(TRUNC(B36,0)))))) -> 0.2834 | D37: =IF(C37="","",C37*$D$15) -> 1360.32 | F37: 1976.2777 | G37: =F37-F36 -> 0.1274 | H37: =IF(G37="","",G37*$H$15) -> 611.52 | I37: =IF(H37="","",IF(D37="","",IF(AND(H37=0,D37=0),0,H37/D37))) -> 0.44954128 | K37: 6.177349
A38: 20-00 | B38: 4426.2371 | C38: =IF(B38="","",IF(LEN(TRUNC(B37,0))-LEN(TRUNC(B38,0))=0,B38-B37,IF(LEN(TRUNC(B37,0))-LEN(TRUNC(B38,0))>0,VALUE(LEFT(B37,LEN(TRUNC(B37,0))-LEN(TRUNC(B38,0))))*POWER(10,LEN(TRUNC(B38,0)))+B38-B37,B38-B37-VALUE(LEFT(B38,LEN(TRUNC(B38,0))-LEN(TRUNC(B37,0))))*POWER(10,LEN(TRUNC(B37,0)))))) -> 0.2838 | D38: =IF(C38="","",C38*$D$15) -> 1362.24 | F38: 1976.4067 | G38: =F38-F37 -> 0.129 | H38: =IF(G38="","",G38*$H$15) -> 619.2 | I38: =IF(H38="","",IF(D38="","",IF(AND(H38=0,D38=0),0,H38/D38))) -> 0.45454545 | K38: 6.189968
A39: 21-00 | B39: 4426.5206 | C39: =IF(B39="","",IF(LEN(TRUNC(B38,0))-LEN(TRUNC(B39,0))=0,B39-B38,IF(LEN(TRUNC(B38,0))-LEN(TRUNC(B39,0))>0,VALUE(LEFT(B38,LEN(TRUNC(B38,0))-LEN(TRUNC(B39,0))))*POWER(10,LEN(TRUNC(B39,0)))+B39-B38,B39-B38-VALUE(LEFT(B39,LEN(TRUNC(B39,0))-LEN(TRUNC(B38,0))))*POWER(10,LEN(TRUNC(B38,0)))))) -> 0.2835 | D39: =IF(C39="","",C39*$D$15) -> 1360.8 | F39: 1976.5355 | G39: =F39-F38 -> 0.1288 | H39: =IF(G39="","",G39*$H$15) -> 618.24 | I39: =IF(H39="","",IF(D39="","",IF(AND(H39=0,D39=0),0,H39/D39))) -> 0.45432099 | K39: 6.24457
A40: 22-00 | B40: 4426.8054 | C40: =IF(B40="","",IF(LEN(TRUNC(B39,0))-LEN(TRUNC(B40,0))=0,B40-B39,IF(LEN(TRUNC(B39,0))-LEN(TRUNC(B40,0))>0,VALUE(LEFT(B39,LEN(TRUNC(B39,0))-LEN(TRUNC(B40,0))))*POWER(10,LEN(TRUNC(B40,0)))+B40-B39,B40-B39-VALUE(LEFT(B40,LEN(TRUNC(B40,0))-LEN(TRUNC(B39,0))))*POWER(10,LEN(TRUNC(B39,0)))))) -> 0.2848 | D40: =IF(C40="","",C40*$D$15) -> 1367.04 | F40: 1976.6651 | G40: =F40-F39 -> 0.1296 | H40: =IF(G40="","",G40*$H$15) -> 622.08 | I40: =IF(H40="","",IF(D40="","",IF(AND(H40=0,D40=0),0,H40/D40))) -> 0.45505618 | K40: 6.297552 | M40: III. Синхронные электродвигатели напряжением до 1000 В
A41: 23-00 | B41: 4427.0879 | C41: =IF(B41="","",IF(LEN(TRUNC(B40,0))-LEN(TRUNC(B41,0))=0,B41-B40,IF(LEN(TRUNC(B40,0))-LEN(TRUNC(B41,0))>0,VALUE(LEFT(B40,LEN(TRUNC(B40,0))-LEN(TRUNC(B41,0))))*POWER(10,LEN(TRUNC(B41,0)))+B41-B40,B41-B40-VALUE(LEFT(B41,LEN(TRUNC(B41,0))-LEN(TRUNC(B40,0))))*POWER(10,LEN(TRUNC(B40,0)))))) -> 0.2825 | D41: =IF(C41="","",C41*$D$15) -> 1356 | F41: 1976.7923 | G41: =F41-F40 -> 0.1272 | H41: =IF(G41="","",G41*$H$15) -> 610.56 | I41: =IF(H41="","",IF(D41="","",IF(AND(H41=0,D41=0),0,H41/D41))) -> 0.45026549 | K41: 6.27785 | M41: №№ | N41: Место | P41: Номинальная | S41: № п-п | T41: Место установки | X41: Номинальная
A42: 24-00 | B42: 4427.3679 | C42: =IF(B42="","",IF(LEN(TRUNC(B41,0))-LEN(TRUNC(B42,0))=0,B42-B41,IF(LEN(TRUNC(B41,0))-LEN(TRUNC(B42,0))>0,VALUE(LEFT(B41,LEN(TRUNC(B41,0))-LEN(TRUNC(B42,0))))*POWER(10,LEN(TRUNC(B42,0)))+B42-B41,B42-B41-VALUE(LEFT(B42,LEN(TRUNC(B42,0))-LEN(TRUNC(B41,0))))*POWER(10,LEN(TRUNC(B41,0)))))) -> 0.28 | D42: =IF(C42="","",C42*$D$15) -> 1344 | F42: 1976.9174 | G42: =F42-F41 -> 0.1251 | H42: =IF(G42="","",G42*$H$15) -> 600.48 | I42: =IF(H42="","",IF(D42="","",IF(AND(H42=0,D42=0),0,H42/D42))) -> 0.44678571 | K42: 6.317398
A43: Суточн. расход эл. энергии | D43: =SUM(D18:D42) -> 33029.76 | H43: =SUM(H18:H42) -> 14987.04 | I43: =IF(AND(H43=0,D43=0),0,H43/D43) -> 0.45374353 | M43: п/п | N43: установки | P43: мощность кВт | X43: мощность кВт
A44: Контрольная сумма
A46: Запись показаний счетчиков производили: | G46: Расчеты произвел:
A47: 1. | D47: ___________________
A48: фамилия | D48: (подпись)
A49: 2. | D49: ___________________ | H49: Каргина Т.В. | K49: _______________ | N49: Главный энергетик | Q49: _________________________ И.Н. Чернышов
A50: фамилия | D50: (подпись) | H50: фамилия | K50: (подпись) | S50: (подпись)
A51: 3. | D51: ___________________
A52: фамилия | D52: (подпись)

Sheet Ячейка 26Гео 
A1: ОАО "Пластик" | G1: Шифр | M1: I. Сведения о присоединенных трансформаторах и высоковольтных электродвигателях
A2: (наименование предприятия) | M2: 1. Трансформаторы
A3: г. Узловая, Тульская, 1 | G3: Питающий центр | I3: П/ст №167 (ГПП-1) | M3: №№ | N3: Место установки | P3: Мощность | R3: Номинальн. | T3: Включен. | V3: Назначение | X3: Примечание
A4: (адрес) | R4: напряжение | T4: на ответвление | V4: тр-ра
G5: № фидера | I5: яч 26 вв.2 Геосинтетика | M5: п/п | P5: ква | R5: ________ кВ | T5: ________ кВ | V5: силов. освет.
A6: (министерство, ведомство) | V6: печной
A8: ПРОТОКОЛ (первичный)
A9: записей показания электросчетчиков и вольтметров, а также определение
A10: нагрузок и тангенса "фи" за | E10: 21 июня | H10: 2017года
A11: напряжения | E11: _________6000___________ | I11: вольт
A13: Время записи часы | B13: Активн. сч-к тип | D13: СЭТ-4ТМ.03 | F13: Реактивн. сч-к тип | H13: СЭТ-4ТМ.03 | I13: Тангенс "фи" | J13: Показание | L13: Мощность
B14: ____________л__ | D14: №0806100082 | F14: ____________л__ | H14: № 0806100082 | J14: вольтметр. | L14: включен.
B15: Расчетн. коэф | D15: 4800 | F15: Расчетн. коэф | H15: 4800 | J15: на стороне | L15: компенсир.
B16: показ. | C16: разность | D16: расход за | F16: показ. | G16: разность | H16: расход за | J16: в\н | K16: н\н | L16: устройств
B17: сч-ка | C17: показ. | D17: час (кВт) | F17: сч-ка | G17: показ. | H17: час (кВт) | L17: кВар | M17: 2. Высоковольтные электродвигатели
A18: 0-00 | B18: 2977.0374 | F18: 349.6632 | M18: №№ | N18: Место | Q18: Тип | T18: Номинальная | W18: Примечание
A19: 1-00 | B19: 2977.0389 | C19: =IF(B19="","",IF(LEN(TRUNC(B18,0))-LEN(TRUNC(B19,0))=0,B19-B18,IF(LEN(TRUNC(B18,0))-LEN(TRUNC(B19,0))>0,VALUE(LEFT(B18,LEN(TRUNC(B18,0))-LEN(TRUNC(B19,0))))*POWER(10,LEN(TRUNC(B19,0)))+B19-B18,B19-B18-VALUE(LEFT(B19,LEN(TRUNC(B19,0))-LEN(TRUNC(B18,0))))*POWER(10,LEN(TRUNC(B18,0)))))) -> 0.0015 | D19: =IF(C19="","",C19*$D$15) -> 7.2 | F19: 349.6652 | G19: =F19-ReportObject6_3 -> 0.002 | H19: =IF(G19="","",G19*$H$15) -> 9.6 | I19: =IF(H19="","",IF(D19="","",IF(AND(H19=0,D19=0),0,H19/D19))) -> 1.3333333 | K19: 6.437719 | Q19: (синхронный,
A20: 2-00 | B20: 2977.0404 | C20: =IF(B20="","",IF(LEN(TRUNC(B19,0))-LEN(TRUNC(B20,0))=0,B20-B19,IF(LEN(TRUNC(B19,0))-LEN(TRUNC(B20,0))>0,VALUE(LEFT(B19,LEN(TRUNC(B19,0))-LEN(TRUNC(B20,0))))*POWER(10,LEN(TRUNC(B20,0)))+B20-B19,B20-B19-VALUE(LEFT(B20,LEN(TRUNC(B20,0))-LEN(TRUNC(B19,0))))*POWER(10,LEN(TRUNC(B19,0)))))) -> 0.0015 | D20: =IF(C20="","",C20*$D$15) -> 7.2 | F20: 349.6674 | G20: =F20-F19 -> 0.0022 | H20: =IF(G20="","",G20*$H$15) -> 10.56 | I20: =IF(H20="","",IF(D20="","",IF(AND(H20=0,D20=0),0,H20/D20))) -> 1.4666667 | K20: 6.469511 | M20: п/п | N20: установки | Q20: асинхронный) | T20: мощность кВт
A21: 3-00 | B21: 2977.0419 | C21: =IF(B21="","",IF(LEN(TRUNC(B20,0))-LEN(TRUNC(B21,0))=0,B21-B20,IF(LEN(TRUNC(B20,0))-LEN(TRUNC(B21,0))>0,VALUE(LEFT(B20,LEN(TRUNC(B20,0))-LEN(TRUNC(B21,0))))*POWER(10,LEN(TRUNC(B21,0)))+B21-B20,B21-B20-VALUE(LEFT(B21,LEN(TRUNC(B21,0))-LEN(TRUNC(B20,0))))*POWER(10,LEN(TRUNC(B20,0)))))) -> 0.0015 | D21: =IF(C21="","",C21*$D$15) -> 7.2 | F21: 349.6697 | G21: =F21-F20 -> 0.0023 | H21: =IF(G21="","",G21*$H$15) -> 11.04 | I21: =IF(H21="","",IF(D21="","",IF(AND(H21=0,D21=0),0,H21/D21))) -> 1.5333333 | K21: 6.473572
A22: 4-00 | B22: 2977.0435 | C22: =IF(B22="","",IF(LEN(TRUNC(B21,0))-LEN(TRUNC(B22,0))=0,B22-B21,IF(LEN(TRUNC(B21,0))-LEN(TRUNC(B22,0))>0,VALUE(LEFT(B21,LEN(TRUNC(B21,0))-LEN(TRUNC(B22,0))))*POWER(10,LEN(TRUNC(B22,0)))+B22-B21,B22-B21-VALUE(LEFT(B22,LEN(TRUNC(B22,0))-LEN(TRUNC(B21,0))))*POWER(10,LEN(TRUNC(B21,0)))))) -> 0.0016 | D22: =IF(C22="","",C22*$D$15) -> 7.68 | F22: 349.6722 | G22: =F22-F21 -> 0.0025 | H22: =IF(G22="","",G22*$H$15) -> 12 | I22: =IF(H22="","",IF(D22="","",IF(AND(H22=0,D22=0),0,H22/D22))) -> 1.5625 | K22: 6.500047
A23: 5-00 | B23: 2977.045 | C23: =IF(B23="","",IF(LEN(TRUNC(B22,0))-LEN(TRUNC(B23,0))=0,B23-B22,IF(LEN(TRUNC(B22,0))-LEN(TRUNC(B23,0))>0,VALUE(LEFT(B22,LEN(TRUNC(B22,0))-LEN(TRUNC(B23,0))))*POWER(10,LEN(TRUNC(B23,0)))+B23-B22,B23-B22-VALUE(LEFT(B23,LEN(TRUNC(B23,0))-LEN(TRUNC(B22,0))))*POWER(10,LEN(TRUNC(B22,0)))))) -> 0.0015 | D23: =IF(C23="","",C23*$D$15) -> 7.2 | F23: 349.6748 | G23: =F23-F22 -> 0.0026 | H23: =IF(G23="","",G23*$H$15) -> 12.48 | I23: =IF(H23="","",IF(D23="","",IF(AND(H23=0,D23=0),0,H23/D23))) -> 1.7333333 | K23: 6.424461
A24: 6-00 | B24: 2977.0467 | C24: =IF(B24="","",IF(LEN(TRUNC(B23,0))-LEN(TRUNC(B24,0))=0,B24-B23,IF(LEN(TRUNC(B23,0))-LEN(TRUNC(B24,0))>0,VALUE(LEFT(B23,LEN(TRUNC(B23,0))-LEN(TRUNC(B24,0))))*POWER(10,LEN(TRUNC(B24,0)))+B24-B23,B24-B23-VALUE(LEFT(B24,LEN(TRUNC(B24,0))-LEN(TRUNC(B23,0))))*POWER(10,LEN(TRUNC(B23,0)))))) -> 0.0017 | D24: =IF(C24="","",C24*$D$15) -> 8.16 | F24: 349.6775 | G24: =F24-F23 -> 0.0027 | H24: =IF(G24="","",G24*$H$15) -> 12.96 | I24: =IF(H24="","",IF(D24="","",IF(AND(H24=0,D24=0),0,H24/D24))) -> 1.5882353 | K24: 6.408624
A25: 7-00 | B25: 2977.0482 | C25: =IF(B25="","",IF(LEN(TRUNC(B24,0))-LEN(TRUNC(B25,0))=0,B25-B24,IF(LEN(TRUNC(B24,0))-LEN(TRUNC(B25,0))>0,VALUE(LEFT(B24,LEN(TRUNC(B24,0))-LEN(TRUNC(B25,0))))*POWER(10,LEN(TRUNC(B25,0)))+B25-B24,B25-B24-VALUE(LEFT(B25,LEN(TRUNC(B25,0))-LEN(TRUNC(B24,0))))*POWER(10,LEN(TRUNC(B24,0)))))) -> 0.0015 | D25: =IF(C25="","",C25*$D$15) -> 7.2 | F25: 349.68 | G25: =F25-F24 -> 0.0025 | H25: =IF(G25="","",G25*$H$15) -> 12 | I25: =IF(H25="","",IF(D25="","",IF(AND(H25=0,D25=0),0,H25/D25))) -> 1.6666667 | K25: 6.493739
A26: 8-00 | B26: 2977.0496 | C26: =IF(B26="","",IF(LEN(TRUNC(B25,0))-LEN(TRUNC(B26,0))=0,B26-B25,IF(LEN(TRUNC(B25,0))-LEN(TRUNC(B26,0))>0,VALUE(LEFT(B25,LEN(TRUNC(B25,0))-LEN(TRUNC(B26,0))))*POWER(10,LEN(TRUNC(B26,0)))+B26-B25,B26-B25-VALUE(LEFT(B26,LEN(TRUNC(B26,0))-LEN(TRUNC(B25,0))))*POWER(10,LEN(TRUNC(B25,0)))))) -> 0.0014 | D26: =IF(C26="","",C26*$D$15) -> 6.72 | F26: 349.6819 | G26: =F26-F25 -> 0.0019 | H26: =IF(G26="","",G26*$H$15) -> 9.12 | I26: =IF(H26="","",IF(D26="","",IF(AND(H26=0,D26=0),0,H26/D26))) -> 1.3571429 | K26: 6.347729
A27: 9-00 | B27: 2977.0509 | C27: =IF(B27="","",IF(LEN(TRUNC(B26,0))-LEN(TRUNC(B27,0))=0,B27-B26,IF(LEN(TRUNC(B26,0))-LEN(TRUNC(B27,0))>0,VALUE(LEFT(B26,LEN(TRUNC(B26,0))-LEN(TRUNC(B27,0))))*POWER(10,LEN(TRUNC(B27,0)))+B27-B26,B27-B26-VALUE(LEFT(B27,LEN(TRUNC(B27,0))-LEN(TRUNC(B26,0))))*POWER(10,LEN(TRUNC(B26,0)))))) -> 0.0013 | D27: =IF(C27="","",C27*$D$15) -> 6.24 | F27: 349.6833 | G27: =F27-F26 -> 0.0014 | H27: =IF(G27="","",G27*$H$15) -> 6.72 | I27: =IF(H27="","",IF(D27="","",IF(AND(H27=0,D27=0),0,H27/D27))) -> 1.0769231 | K27: 6.287414
A28: 10-00 | B28: 2977.0521 | C28: =IF(B28="","",IF(LEN(TRUNC(B27,0))-LEN(TRUNC(B28,0))=0,B28-B27,IF(LEN(TRUNC(B27,0))-LEN(TRUNC(B28,0))>0,VALUE(LEFT(B27,LEN(TRUNC(B27,0))-LEN(TRUNC(B28,0))))*POWER(10,LEN(TRUNC(B28,0)))+B28-B27,B28-B27-VALUE(LEFT(B28,LEN(TRUNC(B28,0))-LEN(TRUNC(B27,0))))*POWER(10,LEN(TRUNC(B27,0)))))) -> 0.0012 | D28: =IF(C28="","",C28*$D$15) -> 5.76 | F28: 349.6844 | G28: =F28-F27 -> 0.0011 | H28: =IF(G28="","",G28*$H$15) -> 5.28 | I28: =IF(H28="","",IF(D28="","",IF(AND(H28=0,D28=0),0,H28/D28))) -> 0.91666667 | K28: 6.216361
A29: 11-00 | B29: 2977.0532 | C29: =IF(B29="","",IF(LEN(TRUNC(B28,0))-LEN(TRUNC(B29,0))=0,B29-B28,IF(LEN(TRUNC(B28,0))-LEN(TRUNC(B29,0))>0,VALUE(LEFT(B28,LEN(TRUNC(B28,0))-LEN(TRUNC(B29,0))))*POWER(10,LEN(TRUNC(B29,0)))+B29-B28,B29-B28-VALUE(LEFT(B29,LEN(TRUNC(B29,0))-LEN(TRUNC(B28,0))))*POWER(10,LEN(TRUNC(B28,0)))))) -> 0.0011 | D29: =IF(C29="","",C29*$D$15) -> 5.28 | F29: 349.6853 | G29: =F29-F28 -> 0.0009 | H29: =IF(G29="","",G29*$H$15) -> 4.32 | I29: =IF(H29="","",IF(D29="","",IF(AND(H29=0,D29=0),0,H29/D29))) -> 0.81818182 | K29: 6.209973 | M29: Указать отдельно рабочие и запломбированные трансформаторы и высоковольтные электродвигатели
A30: 12-00 | B30: 2977.0544 | C30: =IF(B30="","",IF(LEN(TRUNC(B29,0))-LEN(TRUNC(B30,0))=0,B30-B29,IF(LEN(TRUNC(B29,0))-LEN(TRUNC(B30,0))>0,VALUE(LEFT(B29,LEN(TRUNC(B29,0))-LEN(TRUNC(B30,0))))*POWER(10,LEN(TRUNC(B30,0)))+B30-B29,B30-B29-VALUE(LEFT(B30,LEN(TRUNC(B30,0))-LEN(TRUNC(B29,0))))*POWER(10,LEN(TRUNC(B29,0)))))) -> 0.0012 | D30: =IF(C30="","",C30*$D$15) -> 5.76 | F30: 349.6864 | G30: =F30-F29 -> 0.0011 | H30: =IF(G30="","",G30*$H$15) -> 5.28 | I30: =IF(H30="","",IF(D30="","",IF(AND(H30=0,D30=0),0,H30/D30))) -> 0.91666667 | K30: 6.150782 | M30: II. Статконденсаторы всех напряжений
A31: 13-00 | B31: 2977.0557 | C31: =IF(B31="","",IF(LEN(TRUNC(B30,0))-LEN(TRUNC(B31,0))=0,B31-B30,IF(LEN(TRUNC(B30,0))-LEN(TRUNC(B31,0))>0,VALUE(LEFT(B30,LEN(TRUNC(B30,0))-LEN(TRUNC(B31,0))))*POWER(10,LEN(TRUNC(B31,0)))+B31-B30,B31-B30-VALUE(LEFT(B31,LEN(TRUNC(B31,0))-LEN(TRUNC(B30,0))))*POWER(10,LEN(TRUNC(B30,0)))))) -> 0.0013 | D31: =IF(C31="","",C31*$D$15) -> 6.24 | F31: 349.6877 | G31: =F31-F30 -> 0.0013 | H31: =IF(G31="","",G31*$H$15) -> 6.24 | I31: =IF(H31="","",IF(D31="","",IF(AND(H31=0,D31=0),0,H31/D31))) -> 1 | K31: 6.265051 | M31: №№ | N31: Место | P31: Номинальное | R31: Номинальная | T31: В т.ч. с | V31: Время включения | Y31: Примечание
A32: 14-00 | B32: 2977.0568 | C32: =IF(B32="","",IF(LEN(TRUNC(B31,0))-LEN(TRUNC(B32,0))=0,B32-B31,IF(LEN(TRUNC(B31,0))-LEN(TRUNC(B32,0))>0,VALUE(LEFT(B31,LEN(TRUNC(B31,0))-LEN(TRUNC(B32,0))))*POWER(10,LEN(TRUNC(B32,0)))+B32-B31,B32-B31-VALUE(LEFT(B32,LEN(TRUNC(B32,0))-LEN(TRUNC(B31,0))))*POWER(10,LEN(TRUNC(B31,0)))))) -> 0.0011 | D32: =IF(C32="","",C32*$D$15) -> 5.28 | F32: 349.6885 | G32: =F32-F31 -> 0.0008 | H32: =IF(G32="","",G32*$H$15) -> 3.84 | I32: =IF(H32="","",IF(D32="","",IF(AND(H32=0,D32=0),0,H32/D32))) -> 0.72727273 | K32: 5.949984 | P32: напряжение | R32: мощность | T32: авторегулир. | V32: и отключения
A33: 15-00 | B33: 2977.058 | C33: =IF(B33="","",IF(LEN(TRUNC(B32,0))-LEN(TRUNC(B33,0))=0,B33-B32,IF(LEN(TRUNC(B32,0))-LEN(TRUNC(B33,0))>0,VALUE(LEFT(B32,LEN(TRUNC(B32,0))-LEN(TRUNC(B33,0))))*POWER(10,LEN(TRUNC(B33,0)))+B33-B32,B33-B32-VALUE(LEFT(B33,LEN(TRUNC(B33,0))-LEN(TRUNC(B32,0))))*POWER(10,LEN(TRUNC(B32,0)))))) -> 0.0012 | D33: =IF(C33="","",C33*$D$15) -> 5.76 | F33: 349.6892 | G33: =F33-F32 -> 0.0007 | H33: =IF(G33="","",G33*$H$15) -> 3.36 | I33: =IF(H33="","",IF(D33="","",IF(AND(H33=0,D33=0),0,H33/D33))) -> 0.58333333 | K33: 6.209528 | M33: п/п | N33: установки | P33: кВ | R33: кВар | T33: кВар | V33: установки за сутки
A34: 16-00 | B34: 2977.0592 | C34: =IF(B34="","",IF(LEN(TRUNC(B33,0))-LEN(TRUNC(B34,0))=0,B34-B33,IF(LEN(TRUNC(B33,0))-LEN(TRUNC(B34,0))>0,VALUE(LEFT(B33,LEN(TRUNC(B33,0))-LEN(TRUNC(B34,0))))*POWER(10,LEN(TRUNC(B34,0)))+B34-B33,B34-B33-VALUE(LEFT(B34,LEN(TRUNC(B34,0))-LEN(TRUNC(B33,0))))*POWER(10,LEN(TRUNC(B33,0)))))) -> 0.0012 | D34: =IF(C34="","",C34*$D$15) -> 5.76 | F34: 349.6902 | G34: =F34-F33 -> 0.001 | H34: =IF(G34="","",G34*$H$15) -> 4.8 | I34: =IF(H34="","",IF(D34="","",IF(AND(H34=0,D34=0),0,H34/D34))) -> 0.83333333 | K34: 6.135647
A35: 17-00 | B35: 2977.0604 | C35: =IF(B35="","",IF(LEN(TRUNC(B34,0))-LEN(TRUNC(B35,0))=0,B35-B34,IF(LEN(TRUNC(B34,0))-LEN(TRUNC(B35,0))>0,VALUE(LEFT(B34,LEN(TRUNC(B34,0))-LEN(TRUNC(B35,0))))*POWER(10,LEN(TRUNC(B35,0)))+B35-B34,B35-B34-VALUE(LEFT(B35,LEN(TRUNC(B35,0))-LEN(TRUNC(B34,0))))*POWER(10,LEN(TRUNC(B34,0)))))) -> 0.0012 | D35: =IF(C35="","",C35*$D$15) -> 5.76 | F35: 349.6915 | G35: =F35-F34 -> 0.0013 | H35: =IF(G35="","",G35*$H$15) -> 6.24 | I35: =IF(H35="","",IF(D35="","",IF(AND(H35=0,D35=0),0,H35/D35))) -> 1.0833333 | K35: 6.158191
A36: 18-00 | B36: 2977.0617 | C36: =IF(B36="","",IF(LEN(TRUNC(B35,0))-LEN(TRUNC(B36,0))=0,B36-B35,IF(LEN(TRUNC(B35,0))-LEN(TRUNC(B36,0))>0,VALUE(LEFT(B35,LEN(TRUNC(B35,0))-LEN(TRUNC(B36,0))))*POWER(10,LEN(TRUNC(B36,0)))+B36-B35,B36-B35-VALUE(LEFT(B36,LEN(TRUNC(B36,0))-LEN(TRUNC(B35,0))))*POWER(10,LEN(TRUNC(B35,0)))))) -> 0.0013 | D36: =IF(C36="","",C36*$D$15) -> 6.24 | F36: 349.6928 | G36: =F36-F35 -> 0.0013 | H36: =IF(G36="","",G36*$H$15) -> 6.24 | I36: =IF(H36="","",IF(D36="","",IF(AND(H36=0,D36=0),0,H36/D36))) -> 1 | K36: 6.217741
A37: 19-00 | B37: 2977.063 | C37: =IF(B37="","",IF(LEN(TRUNC(B36,0))-LEN(TRUNC(B37,0))=0,B37-B36,IF(LEN(TRUNC(B36,0))-LEN(TRUNC(B37,0))>0,VALUE(LEFT(B36,LEN(TRUNC(B36,0))-LEN(TRUNC(B37,0))))*POWER(10,LEN(TRUNC(B37,0)))+B37-B36,B37-B36-VALUE(LEFT(B37,LEN(TRUNC(B37,0))-LEN(TRUNC(B36,0))))*POWER(10,LEN(TRUNC(B36,0)))))) -> 0.0013 | D37: =IF(C37="","",C37*$D$15) -> 6.24 | F37: 349.6943 | G37: =F37-F36 -> 0.0015 | H37: =IF(G37="","",G37*$H$15) -> 7.2 | I37: =IF(H37="","",IF(D37="","",IF(AND(H37=0,D37=0),0,H37/D37))) -> 1.1538462 | K37: 6.226002
A38: 20-00 | B38: 2977.0643 | C38: =IF(B38="","",IF(LEN(TRUNC(B37,0))-LEN(TRUNC(B38,0))=0,B38-B37,IF(LEN(TRUNC(B37,0))-LEN(TRUNC(B38,0))>0,VALUE(LEFT(B37,LEN(TRUNC(B37,0))-LEN(TRUNC(B38,0))))*POWER(10,LEN(TRUNC(B38,0)))+B38-B37,B38-B37-VALUE(LEFT(B38,LEN(TRUNC(B38,0))-LEN(TRUNC(B37,0))))*POWER(10,LEN(TRUNC(B37,0)))))) -> 0.0013 | D38: =IF(C38="","",C38*$D$15) -> 6.24 | F38: 349.6959 | G38: =F38-F37 -> 0.0016 | H38: =IF(G38="","",G38*$H$15) -> 7.68 | I38: =IF(H38="","",IF(D38="","",IF(AND(H38=0,D38=0),0,H38/D38))) -> 1.2307692 | K38: 6.376532
A39: 21-00 | B39: 2977.0657 | C39: =IF(B39="","",IF(LEN(TRUNC(B38,0))-LEN(TRUNC(B39,0))=0,B39-B38,IF(LEN(TRUNC(B38,0))-LEN(TRUNC(B39,0))>0,VALUE(LEFT(B38,LEN(TRUNC(B38,0))-LEN(TRUNC(B39,0))))*POWER(10,LEN(TRUNC(B39,0)))+B39-B38,B39-B38-VALUE(LEFT(B39,LEN(TRUNC(B39,0))-LEN(TRUNC(B38,0))))*POWER(10,LEN(TRUNC(B38,0)))))) -> 0.0014 | D39: =IF(C39="","",C39*$D$15) -> 6.72 | F39: 349.6977 | G39: =F39-F38 -> 0.0018 | H39: =IF(G39="","",G39*$H$15) -> 8.64 | I39: =IF(H39="","",IF(D39="","",IF(AND(H39=0,D39=0),0,H39/D39))) -> 1.2857143 | K39: 6.385406
A40: 22-00 | B40: 2977.067 | C40: =IF(B40="","",IF(LEN(TRUNC(B39,0))-LEN(TRUNC(B40,0))=0,B40-B39,IF(LEN(TRUNC(B39,0))-LEN(TRUNC(B40,0))>0,VALUE(LEFT(B39,LEN(TRUNC(B39,0))-LEN(TRUNC(B40,0))))*POWER(10,LEN(TRUNC(B40,0)))+B40-B39,B40-B39-VALUE(LEFT(B40,LEN(TRUNC(B40,0))-LEN(TRUNC(B39,0))))*POWER(10,LEN(TRUNC(B39,0)))))) -> 0.0013 | D40: =IF(C40="","",C40*$D$15) -> 6.24 | F40: 349.6992 | G40: =F40-F39 -> 0.0015 | H40: =IF(G40="","",G40*$H$15) -> 7.2 | I40: =IF(H40="","",IF(D40="","",IF(AND(H40=0,D40=0),0,H40/D40))) -> 1.1538462 | K40: 6.348614 | M40: III. Синхронные электродвигатели напряжением до 1000 В
A41: 23-00 | B41: 2977.0683 | C41: =IF(B41="","",IF(LEN(TRUNC(B40,0))-LEN(TRUNC(B41,0))=0,B41-B40,IF(LEN(TRUNC(B40,0))-LEN(TRUNC(B41,0))>0,VALUE(LEFT(B40,LEN(TRUNC(B40,0))-LEN(TRUNC(B41,0))))*POWER(10,LEN(TRUNC(B41,0)))+B41-B40,B41-B40-VALUE(LEFT(B41,LEN(TRUNC(B41,0))-LEN(TRUNC(B40,0))))*POWER(10,LEN(TRUNC(B40,0)))))) -> 0.0013 | D41: =IF(C41="","",C41*$D$15) -> 6.24 | F41: 349.7007 | G41: =F41-F40 -> 0.0015 | H41: =IF(G41="","",G41*$H$15) -> 7.2 | I41: =IF(H41="","",IF(D41="","",IF(AND(H41=0,D41=0),0,H41/D41))) -> 1.1538462 | K41: 6.278701 | M41: №№ | N41: Место | P41: Номинальная | S41: № п-п | T41: Место установки | X41: Номинальная
A42: 24-00 | B42: 2977.0697 | C42: =IF(B42="","",IF(LEN(TRUNC(B41,0))-LEN(TRUNC(B42,0))=0,B42-B41,IF(LEN(TRUNC(B41,0))-LEN(TRUNC(B42,0))>0,VALUE(LEFT(B41,LEN(TRUNC(B41,0))-LEN(TRUNC(B42,0))))*POWER(10,LEN(TRUNC(B42,0)))+B42-B41,B42-B41-VALUE(LEFT(B42,LEN(TRUNC(B42,0))-LEN(TRUNC(B41,0))))*POWER(10,LEN(TRUNC(B41,0)))))) -> 0.0014 | D42: =IF(C42="","",C42*$D$15) -> 6.72 | F42: 349.7024 | G42: =F42-F41 -> 0.0017 | H42: =IF(G42="","",G42*$H$15) -> 8.16 | I42: =IF(H42="","",IF(D42="","",IF(AND(H42=0,D42=0),0,H42/D42))) -> 1.2142857 | K42: 6.369748
A43: Суточн. расход эл. энергии | D43: =SUM(D18:D42) -> 155.04 | H43: =SUM(H18:H42) -> 188.16 | I43: =IF(AND(H43=0,D43=0),0,H43/D43) -> 1.2136223 | M43: п/п | N43: установки | P43: мощность кВт | X43: мощность кВт
A44: Контрольная сумма
A46: Запись показаний счетчиков производили: | G46: Расчеты произвел:
A47: 1. | D47: ___________________
A48: фамилия | D48: (подпись)
A49: 2. | D49: ___________________ | H49: Каргина Т.В. | K49: _______________ | N49: Главный энергетик | Q49: _________________________ И.Н. Чернышов
A50: фамилия | D50: (подпись) | H50: фамилия | K50: (подпись) | S50: (подпись)
A51: 3. | D51: ___________________
A52: фамилия | D52: (подпись)

Sheet Ячейка 3
A1: ОАО "Пластик" | G1: Шифр | M1: I. Сведения о присоединенных трансформаторах и высоковольтных электродвигателях
A2: (наименование предприятия) | M2: 1. Трансформаторы
A3: г. Узловая, Тульская, 1 | G3: Питающий центр | I3: П/ст №214 (ГПП-2) | M3: №№ | N3: Место установки | P3: Мощность | R3: Номинальн. | T3: Включен. | V3: Назначение | X3: Примечание
A4: (адрес) | R4: напряжение | T4: на ответвление | V4: тр-ра
G5: № фидера | I5: яч 3 тр-р №1 | M5: п/п | P5: ква | R5: ________ кВ | T5: ________ кВ | V5: силов. освет.
A6: (министерство, ведомство) | V6: печной
A8: ПРОТОКОЛ (первичный)
A9: записей показания электросчетчиков и вольтметров, а также определение
A10: нагрузок и тангенса "фи" за | E10: 21 июня | H10: 2017года
A11: напряжения | E11: _________6000____________ | I11: вольт
A13: Время записи часы | B13: Активн. сч-к тип | D13: СЭТ-4ТМ.03 | F13: Реактивн. сч-к тип | H13: СЭТ-4ТМ.03 | I13: Тангенс "фи" | J13: Показание | L13: Мощность
B14: ____________л__ | D14: №0103062007 | F14: ____________л__ | H14: №0103062007 | J14: вольтметр. | L14: включен.
B15: Расчетн. коэф | D15: 36000 | F15: Расчетн. коэф | H15: 36000 | J15: на стороне | L15: компенсир.
B16: показ. | C16: разность | D16: расход за | F16: показ. | G16: разность | H16: расход за | J16: в\н | K16: н\н | L16: устройств
B17: сч-ка | C17: показ. | D17: час (кВт) | F17: сч-ка | G17: показ. | H17: час (кВт) | L17: кВар | M17: 2. Высоковольтные электродвигатели
A18: 0-00 | B18: 3442.2633 | F18: 2326.4341 | M18: №№ | N18: Место | Q18: Тип | T18: Номинальная | W18: Примечание
A19: 1-00 | B19: 3442.2996 | C19: =IF(B19="","",IF(LEN(TRUNC(B18,0))-LEN(TRUNC(B19,0))=0,B19-B18,IF(LEN(TRUNC(B18,0))-LEN(TRUNC(B19,0))>0,VALUE(LEFT(B18,LEN(TRUNC(B18,0))-LEN(TRUNC(B19,0))))*POWER(10,LEN(TRUNC(B19,0)))+B19-B18,B19-B18-VALUE(LEFT(B19,LEN(TRUNC(B19,0))-LEN(TRUNC(B18,0))))*POWER(10,LEN(TRUNC(B18,0)))))) -> 0.0363 | D19: =IF(C19="","",C19*$D$15) -> 1306.8 | F19: 2326.4659 | G19: =F19-ReportObject9_3 -> 0.0318 | H19: =IF(G19="","",G19*$H$15) -> 1144.8 | I19: =IF(H19="","",IF(D19="","",IF(AND(H19=0,D19=0),0,H19/D19))) -> 0.87603306 | K19: 6.266164 | Q19: (синхронный,
A20: 2-00 | B20: 3442.3358 | C20: =IF(B20="","",IF(LEN(TRUNC(B19,0))-LEN(TRUNC(B20,0))=0,B20-B19,IF(LEN(TRUNC(B19,0))-LEN(TRUNC(B20,0))>0,VALUE(LEFT(B19,LEN(TRUNC(B19,0))-LEN(TRUNC(B20,0))))*POWER(10,LEN(TRUNC(B20,0)))+B20-B19,B20-B19-VALUE(LEFT(B20,LEN(TRUNC(B20,0))-LEN(TRUNC(B19,0))))*POWER(10,LEN(TRUNC(B19,0)))))) -> 0.0362 | D20: =IF(C20="","",C20*$D$15) -> 1303.2 | F20: 2326.4977 | G20: =F20-F19 -> 0.0318 | H20: =IF(G20="","",G20*$H$15) -> 1144.8 | I20: =IF(H20="","",IF(D20="","",IF(AND(H20=0,D20=0),0,H20/D20))) -> 0.87845304 | K20: 6.382153 | M20: п/п | N20: установки | Q20: асинхронный) | T20: мощность кВт
A21: 3-00 | B21: 3442.3723 | C21: =IF(B21="","",IF(LEN(TRUNC(B20,0))-LEN(TRUNC(B21,0))=0,B21-B20,IF(LEN(TRUNC(B20,0))-LEN(TRUNC(B21,0))>0,VALUE(LEFT(B20,LEN(TRUNC(B20,0))-LEN(TRUNC(B21,0))))*POWER(10,LEN(TRUNC(B21,0)))+B21-B20,B21-B20-VALUE(LEFT(B21,LEN(TRUNC(B21,0))-LEN(TRUNC(B20,0))))*POWER(10,LEN(TRUNC(B20,0)))))) -> 0.0365 | D21: =IF(C21="","",C21*$D$15) -> 1314 | F21: 2326.5297 | G21: =F21-F20 -> 0.032 | H21: =IF(G21="","",G21*$H$15) -> 1152 | I21: =IF(H21="","",IF(D21="","",IF(AND(H21=0,D21=0),0,H21/D21))) -> 0.87671233 | K21: 6.385953
A22: 4-00 | B22: 3442.4091 | C22: =IF(B22="","",IF(LEN(TRUNC(B21,0))-LEN(TRUNC(B22,0))=0,B22-B21,IF(LEN(TRUNC(B21,0))-LEN(TRUNC(B22,0))>0,VALUE(LEFT(B21,LEN(TRUNC(B21,0))-LEN(TRUNC(B22,0))))*POWER(10,LEN(TRUNC(B22,0)))+B22-B21,B22-B21-VALUE(LEFT(B22,LEN(TRUNC(B22,0))-LEN(TRUNC(B21,0))))*POWER(10,LEN(TRUNC(B21,0)))))) -> 0.0368 | D22: =IF(C22="","",C22*$D$15) -> 1324.8 | F22: 2326.5624 | G22: =F22-F21 -> 0.0327 | H22: =IF(G22="","",G22*$H$15) -> 1177.2 | I22: =IF(H22="","",IF(D22="","",IF(AND(H22=0,D22=0),0,H22/D22))) -> 0.88858696 | K22: 6.410432
A23: 5-00 | B23: 3442.4461 | C23: =IF(B23="","",IF(LEN(TRUNC(B22,0))-LEN(TRUNC(B23,0))=0,B23-B22,IF(LEN(TRUNC(B22,0))-LEN(TRUNC(B23,0))>0,VALUE(LEFT(B22,LEN(TRUNC(B22,0))-LEN(TRUNC(B23,0))))*POWER(10,LEN(TRUNC(B23,0)))+B23-B22,B23-B22-VALUE(LEFT(B23,LEN(TRUNC(B23,0))-LEN(TRUNC(B22,0))))*POWER(10,LEN(TRUNC(B22,0)))))) -> 0.037 | D23: =IF(C23="","",C23*$D$15) -> 1332 | F23: 2326.5953 | G23: =F23-F22 -> 0.0329 | H23: =IF(G23="","",G23*$H$15) -> 1184.4 | I23: =IF(H23="","",IF(D23="","",IF(AND(H23=0,D23=0),0,H23/D23))) -> 0.88918919 | K23: 6.425865
A24: 6-00 | B24: 3442.4822 | C24: =IF(B24="","",IF(LEN(TRUNC(B23,0))-LEN(TRUNC(B24,0))=0,B24-B23,IF(LEN(TRUNC(B23,0))-LEN(TRUNC(B24,0))>0,VALUE(LEFT(B23,LEN(TRUNC(B23,0))-LEN(TRUNC(B24,0))))*POWER(10,LEN(TRUNC(B24,0)))+B24-B23,B24-B23-VALUE(LEFT(B24,LEN(TRUNC(B24,0))-LEN(TRUNC(B23,0))))*POWER(10,LEN(TRUNC(B23,0)))))) -> 0.0361 | D24: =IF(C24="","",C24*$D$15) -> 1299.6 | F24: 2326.6278 | G24: =F24-F23 -> 0.0325 | H24: =IF(G24="","",G24*$H$15) -> 1170 | I24: =IF(H24="","",IF(D24="","",IF(AND(H24=0,D24=0),0,H24/D24))) -> 0.90027701 | K24: 6.437277
A25: 7-00 | B25: 3442.5167 | C25: =IF(B25="","",IF(LEN(TRUNC(B24,0))-LEN(TRUNC(B25,0))=0,B25-B24,IF(LEN(TRUNC(B24,0))-LEN(TRUNC(B25,0))>0,VALUE(LEFT(B24,LEN(TRUNC(B24,0))-LEN(TRUNC(B25,0))))*POWER(10,LEN(TRUNC(B25,0)))+B25-B24,B25-B24-VALUE(LEFT(B25,LEN(TRUNC(B25,0))-LEN(TRUNC(B24,0))))*POWER(10,LEN(TRUNC(B24,0)))))) -> 0.0345 | D25: =IF(C25="","",C25*$D$15) -> 1242 | F25: 2326.6588 | G25: =F25-F24 -> 0.031 | H25: =IF(G25="","",G25*$H$15) -> 1116 | I25: =IF(H25="","",IF(D25="","",IF(AND(H25=0,D25=0),0,H25/D25))) -> 0.89855072 | K25: 6.404781
A26: 8-00 | B26: 3442.5539 | C26: =IF(B26="","",IF(LEN(TRUNC(B25,0))-LEN(TRUNC(B26,0))=0,B26-B25,IF(LEN(TRUNC(B25,0))-LEN(TRUNC(B26,0))>0,VALUE(LEFT(B25,LEN(TRUNC(B25,0))-LEN(TRUNC(B26,0))))*POWER(10,LEN(TRUNC(B26,0)))+B26-B25,B26-B25-VALUE(LEFT(B26,LEN(TRUNC(B26,0))-LEN(TRUNC(B25,0))))*POWER(10,LEN(TRUNC(B25,0)))))) -> 0.0372 | D26: =IF(C26="","",C26*$D$15) -> 1339.2 | F26: 2326.6903 | G26: =F26-F25 -> 0.0315 | H26: =IF(G26="","",G26*$H$15) -> 1134 | I26: =IF(H26="","",IF(D26="","",IF(AND(H26=0,D26=0),0,H26/D26))) -> 0.84677419 | K26: 6.325532
A27: 9-00 | B27: 3442.5906 | C27: =IF(B27="","",IF(LEN(TRUNC(B26,0))-LEN(TRUNC(B27,0))=0,B27-B26,IF(LEN(TRUNC(B26,0))-LEN(TRUNC(B27,0))>0,VALUE(LEFT(B26,LEN(TRUNC(B26,0))-LEN(TRUNC(B27,0))))*POWER(10,LEN(TRUNC(B27,0)))+B27-B26,B27-B26-VALUE(LEFT(B27,LEN(TRUNC(B27,0))-LEN(TRUNC(B26,0))))*POWER(10,LEN(TRUNC(B26,0)))))) -> 0.0367 | D27: =IF(C27="","",C27*$D$15) -> 1321.2 | F27: 2326.7207 | G27: =F27-F26 -> 0.0304 | H27: =IF(G27="","",G27*$H$15) -> 1094.4 | I27: =IF(H27="","",IF(D27="","",IF(AND(H27=0,D27=0),0,H27/D27))) -> 0.82833787 | K27: 6.202051
A28: 10-00 | B28: 3442.6273 | C28: =IF(B28="","",IF(LEN(TRUNC(B27,0))-LEN(TRUNC(B28,0))=0,B28-B27,IF(LEN(TRUNC(B27,0))-LEN(TRUNC(B28,0))>0,VALUE(LEFT(B27,LEN(TRUNC(B27,0))-LEN(TRUNC(B28,0))))*POWER(10,LEN(TRUNC(B28,0)))+B28-B27,B28-B27-VALUE(LEFT(B28,LEN(TRUNC(B28,0))-LEN(TRUNC(B27,0))))*POWER(10,LEN(TRUNC(B27,0)))))) -> 0.0367 | D28: =IF(C28="","",C28*$D$15) -> 1321.2 | F28: 2326.7507 | G28: =F28-F27 -> 0.03 | H28: =IF(G28="","",G28*$H$15) -> 1080 | I28: =IF(H28="","",IF(D28="","",IF(AND(H28=0,D28=0),0,H28/D28))) -> 0.81743869 | K28: 6.143592
A29: 11-00 | B29: 3442.6646 | C29: =IF(B29="","",IF(LEN(TRUNC(B28,0))-LEN(TRUNC(B29,0))=0,B29-B28,IF(LEN(TRUNC(B28,0))-LEN(TRUNC(B29,0))>0,VALUE(LEFT(B28,LEN(TRUNC(B28,0))-LEN(TRUNC(B29,0))))*POWER(10,LEN(TRUNC(B29,0)))+B29-B28,B29-B28-VALUE(LEFT(B29,LEN(TRUNC(B29,0))-LEN(TRUNC(B28,0))))*POWER(10,LEN(TRUNC(B28,0)))))) -> 0.0373 | D29: =IF(C29="","",C29*$D$15) -> 1342.8 | F29: 2326.7809 | G29: =F29-F28 -> 0.0302 | H29: =IF(G29="","",G29*$H$15) -> 1087.2 | I29: =IF(H29="","",IF(D29="","",IF(AND(H29=0,D29=0),0,H29/D29))) -> 0.80965147 | K29: 6.125925 | M29: Указать отдельно рабочие и запломбированные трансформаторы и высоковольтные электродвигатели
A30: 12-00 | B30: 3442.7011 | C30: =IF(B30="","",IF(LEN(TRUNC(B29,0))-LEN(TRUNC(B30,0))=0,B30-B29,IF(LEN(TRUNC(B29,0))-LEN(TRUNC(B30,0))>0,VALUE(LEFT(B29,LEN(TRUNC(B29,0))-LEN(TRUNC(B30,0))))*POWER(10,LEN(TRUNC(B30,0)))+B30-B29,B30-B29-VALUE(LEFT(B30,LEN(TRUNC(B30,0))-LEN(TRUNC(B29,0))))*POWER(10,LEN(TRUNC(B29,0)))))) -> 0.0365 | D30: =IF(C30="","",C30*$D$15) -> 1314 | F30: 2326.8108 | G30: =F30-F29 -> 0.0299 | H30: =IF(G30="","",G30*$H$15) -> 1076.4 | I30: =IF(H30="","",IF(D30="","",IF(AND(H30=0,D30=0),0,H30/D30))) -> 0.81917808 | K30: 6.146711 | M30: II. Статконденсаторы всех напряжений
A31: 13-00 | B31: 3442.7383 | C31: =IF(B31="","",IF(LEN(TRUNC(B30,0))-LEN(TRUNC(B31,0))=0,B31-B30,IF(LEN(TRUNC(B30,0))-LEN(TRUNC(B31,0))>0,VALUE(LEFT(B30,LEN(TRUNC(B30,0))-LEN(TRUNC(B31,0))))*POWER(10,LEN(TRUNC(B31,0)))+B31-B30,B31-B30-VALUE(LEFT(B31,LEN(TRUNC(B31,0))-LEN(TRUNC(B30,0))))*POWER(10,LEN(TRUNC(B30,0)))))) -> 0.0372 | D31: =IF(C31="","",C31*$D$15) -> 1339.2 | F31: 2326.8412 | G31: =F31-F30 -> 0.0304 | H31: =IF(G31="","",G31*$H$15) -> 1094.4 | I31: =IF(H31="","",IF(D31="","",IF(AND(H31=0,D31=0),0,H31/D31))) -> 0.8172043 | K31: 6.175325 | M31: №№ | N31: Место | P31: Номинальное | R31: Номинальная | T31: В т.ч. с | V31: Время включения | Y31: Примечание
A32: 14-00 | B32: 3442.777 | C32: =IF(B32="","",IF(LEN(TRUNC(B31,0))-LEN(TRUNC(B32,0))=0,B32-B31,IF(LEN(TRUNC(B31,0))-LEN(TRUNC(B32,0))>0,VALUE(LEFT(B31,LEN(TRUNC(B31,0))-LEN(TRUNC(B32,0))))*POWER(10,LEN(TRUNC(B32,0)))+B32-B31,B32-B31-VALUE(LEFT(B32,LEN(TRUNC(B32,0))-LEN(TRUNC(B31,0))))*POWER(10,LEN(TRUNC(B31,0)))))) -> 0.0387 | D32: =IF(C32="","",C32*$D$15) -> 1393.2 | F32: 2326.8716 | G32: =F32-F31 -> 0.0304 | H32: =IF(G32="","",G32*$H$15) -> 1094.4 | I32: =IF(H32="","",IF(D32="","",IF(AND(H32=0,D32=0),0,H32/D32))) -> 0.78552972 | K32: 6.130184 | P32: напряжение | R32: мощность | T32: авторегулир. | V32: и отключения
A33: 15-00 | B33: 3442.8176 | C33: =IF(B33="","",IF(LEN(TRUNC(B32,0))-LEN(TRUNC(B33,0))=0,B33-B32,IF(LEN(TRUNC(B32,0))-LEN(TRUNC(B33,0))>0,VALUE(LEFT(B32,LEN(TRUNC(B32,0))-LEN(TRUNC(B33,0))))*POWER(10,LEN(TRUNC(B33,0)))+B33-B32,B33-B32-VALUE(LEFT(B33,LEN(TRUNC(B33,0))-LEN(TRUNC(B32,0))))*POWER(10,LEN(TRUNC(B32,0)))))) -> 0.0406 | D33: =IF(C33="","",C33*$D$15) -> 1461.6 | F33: 2326.9022 | G33: =F33-F32 -> 0.0306 | H33: =IF(G33="","",G33*$H$15) -> 1101.6 | I33: =IF(H33="","",IF(D33="","",IF(AND(H33=0,D33=0),0,H33/D33))) -> 0.75369458 | K33: 6.12129 | M33: п/п | N33: установки | P33: кВ | R33: кВар | T33: кВар | V33: установки за сутки
A34: 16-00 | B34: 3442.8577 | C34: =IF(B34="","",IF(LEN(TRUNC(B33,0))-LEN(TRUNC(B34,0))=0,B34-B33,IF(LEN(TRUNC(B33,0))-LEN(TRUNC(B34,0))>0,VALUE(LEFT(B33,LEN(TRUNC(B33,0))-LEN(TRUNC(B34,0))))*POWER(10,LEN(TRUNC(B34,0)))+B34-B33,B34-B33-VALUE(LEFT(B34,LEN(TRUNC(B34,0))-LEN(TRUNC(B33,0))))*POWER(10,LEN(TRUNC(B33,0)))))) -> 0.0401 | D34: =IF(C34="","",C34*$D$15) -> 1443.6 | F34: 2326.9327 | G34: =F34-F33 -> 0.0305 | H34: =IF(G34="","",G34*$H$15) -> 1098 | I34: =IF(H34="","",IF(D34="","",IF(AND(H34=0,D34=0),0,H34/D34))) -> 0.7605985 | K34: 6.144462
A35: 17-00 | B35: 3442.9048 | C35: =IF(B35="","",IF(LEN(TRUNC(B34,0))-LEN(TRUNC(B35,0))=0,B35-B34,IF(LEN(TRUNC(B34,0))-LEN(TRUNC(B35,0))>0,VALUE(LEFT(B34,LEN(TRUNC(B34,0))-LEN(TRUNC(B35,0))))*POWER(10,LEN(TRUNC(B35,0)))+B35-B34,B35-B34-VALUE(LEFT(B35,LEN(TRUNC(B35,0))-LEN(TRUNC(B34,0))))*POWER(10,LEN(TRUNC(B34,0)))))) -> 0.0471 | D35: =IF(C35="","",C35*$D$15) -> 1695.6 | F35: 2326.9659 | G35: =F35-F34 -> 0.0332 | H35: =IF(G35="","",G35*$H$15) -> 1195.2 | I35: =IF(H35="","",IF(D35="","",IF(AND(H35=0,D35=0),0,H35/D35))) -> 0.70488323 | K35: 6.180081 | N35: КТП-4 | P35: 0.4 | R35: 80
A36: 18-00 | B36: 3442.9534 | C36: =IF(B36="","",IF(LEN(TRUNC(B35,0))-LEN(TRUNC(B36,0))=0,B36-B35,IF(LEN(TRUNC(B35,0))-LEN(TRUNC(B36,0))>0,VALUE(LEFT(B35,LEN(TRUNC(B35,0))-LEN(TRUNC(B36,0))))*POWER(10,LEN(TRUNC(B36,0)))+B36-B35,B36-B35-VALUE(LEFT(B36,LEN(TRUNC(B36,0))-LEN(TRUNC(B35,0))))*POWER(10,LEN(TRUNC(B35,0)))))) -> 0.0486 | D36: =IF(C36="","",C36*$D$15) -> 1749.6 | F36: 2326.9998 | G36: =F36-F35 -> 0.0339 | H36: =IF(G36="","",G36*$H$15) -> 1220.4 | I36: =IF(H36="","",IF(D36="","",IF(AND(H36=0,D36=0),0,H36/D36))) -> 0.69753086 | K36: 6.202372
A37: 19-00 | B37: 3443.0001 | C37: =IF(B37="","",IF(LEN(TRUNC(B36,0))-LEN(TRUNC(B37,0))=0,B37-B36,IF(LEN(TRUNC(B36,0))-LEN(TRUNC(B37,0))>0,VALUE(LEFT(B36,LEN(TRUNC(B36,0))-LEN(TRUNC(B37,0))))*POWER(10,LEN(TRUNC(B37,0)))+B37-B36,B37-B36-VALUE(LEFT(B37,LEN(TRUNC(B37,0))-LEN(TRUNC(B36,0))))*POWER(10,LEN(TRUNC(B36,0)))))) -> 0.0467 | D37: =IF(C37="","",C37*$D$15) -> 1681.2 | F37: 2327.0335 | G37: =F37-F36 -> 0.0337 | H37: =IF(G37="","",G37*$H$15) -> 1213.2 | I37: =IF(H37="","",IF(D37="","",IF(AND(H37=0,D37=0),0,H37/D37))) -> 0.72162741 | K37: 6.234958
A38: 20-00 | B38: 3443.0461 | C38: =IF(B38="","",IF(LEN(TRUNC(B37,0))-LEN(TRUNC(B38,0))=0,B38-B37,IF(LEN(TRUNC(B37,0))-LEN(TRUNC(B38,0))>0,VALUE(LEFT(B37,LEN(TRUNC(B37,0))-LEN(TRUNC(B38,0))))*POWER(10,LEN(TRUNC(B38,0)))+B38-B37,B38-B37-VALUE(LEFT(B38,LEN(TRUNC(B38,0))-LEN(TRUNC(B37,0))))*POWER(10,LEN(TRUNC(B37,0)))))) -> 0.046 | D38: =IF(C38="","",C38*$D$15) -> 1656 | F38: 2327.0675 | G38: =F38-F37 -> 0.034 | H38: =IF(G38="","",G38*$H$15) -> 1224 | I38: =IF(H38="","",IF(D38="","",IF(AND(H38=0,D38=0),0,H38/D38))) -> 0.73913043 | K38: 6.278961
A39: 21-00 | B39: 3443.09 | C39: =IF(B39="","",IF(LEN(TRUNC(B38,0))-LEN(TRUNC(B39,0))=0,B39-B38,IF(LEN(TRUNC(B38,0))-LEN(TRUNC(B39,0))>0,VALUE(LEFT(B38,LEN(TRUNC(B38,0))-LEN(TRUNC(B39,0))))*POWER(10,LEN(TRUNC(B39,0)))+B39-B38,B39-B38-VALUE(LEFT(B39,LEN(TRUNC(B39,0))-LEN(TRUNC(B38,0))))*POWER(10,LEN(TRUNC(B38,0)))))) -> 0.0439 | D39: =IF(C39="","",C39*$D$15) -> 1580.4 | F39: 2327.1012 | G39: =F39-F38 -> 0.0337 | H39: =IF(G39="","",G39*$H$15) -> 1213.2 | I39: =IF(H39="","",IF(D39="","",IF(AND(H39=0,D39=0),0,H39/D39))) -> 0.76765376 | K39: 6.292758
A40: 22-00 | B40: 3443.1344 | C40: =IF(B40="","",IF(LEN(TRUNC(B39,0))-LEN(TRUNC(B40,0))=0,B40-B39,IF(LEN(TRUNC(B39,0))-LEN(TRUNC(B40,0))>0,VALUE(LEFT(B39,LEN(TRUNC(B39,0))-LEN(TRUNC(B40,0))))*POWER(10,LEN(TRUNC(B40,0)))+B40-B39,B40-B39-VALUE(LEFT(B40,LEN(TRUNC(B40,0))-LEN(TRUNC(B39,0))))*POWER(10,LEN(TRUNC(B39,0)))))) -> 0.0444 | D40: =IF(C40="","",C40*$D$15) -> 1598.4 | F40: 2327.1343 | G40: =F40-F39 -> 0.0331 | H40: =IF(G40="","",G40*$H$15) -> 1191.6 | I40: =IF(H40="","",IF(D40="","",IF(AND(H40=0,D40=0),0,H40/D40))) -> 0.7454955 | K40: 6.059276 | M40: III. Синхронные электродвигатели напряжением до 1000 В
A41: 23-00 | B41: 3443.1779 | C41: =IF(B41="","",IF(LEN(TRUNC(B40,0))-LEN(TRUNC(B41,0))=0,B41-B40,IF(LEN(TRUNC(B40,0))-LEN(TRUNC(B41,0))>0,VALUE(LEFT(B40,LEN(TRUNC(B40,0))-LEN(TRUNC(B41,0))))*POWER(10,LEN(TRUNC(B41,0)))+B41-B40,B41-B40-VALUE(LEFT(B41,LEN(TRUNC(B41,0))-LEN(TRUNC(B40,0))))*POWER(10,LEN(TRUNC(B40,0)))))) -> 0.0435 | D41: =IF(C41="","",C41*$D$15) -> 1566 | F41: 2327.1668 | G41: =F41-F40 -> 0.0325 | H41: =IF(G41="","",G41*$H$15) -> 1170 | I41: =IF(H41="","",IF(D41="","",IF(AND(H41=0,D41=0),0,H41/D41))) -> 0.74712644 | K41: 6.241975 | M41: №№ | N41: Место | P41: Номинальная | S41: № п-п | T41: Место установки | X41: Номинальная
A42: 24-00 | B42: 3443.2211 | C42: =IF(B42="","",IF(LEN(TRUNC(B41,0))-LEN(TRUNC(B42,0))=0,B42-B41,IF(LEN(TRUNC(B41,0))-LEN(TRUNC(B42,0))>0,VALUE(LEFT(B41,LEN(TRUNC(B41,0))-LEN(TRUNC(B42,0))))*POWER(10,LEN(TRUNC(B42,0)))+B42-B41,B42-B41-VALUE(LEFT(B42,LEN(TRUNC(B42,0))-LEN(TRUNC(B41,0))))*POWER(10,LEN(TRUNC(B41,0)))))) -> 0.0432 | D42: =IF(C42="","",C42*$D$15) -> 1555.2 | F42: 2327.1993 | G42: =F42-F41 -> 0.0325 | H42: =IF(G42="","",G42*$H$15) -> 1170 | I42: =IF(H42="","",IF(D42="","",IF(AND(H42=0,D42=0),0,H42/D42))) -> 0.75231481 | K42: 6.282135
D43: =SUM(D18:D42) -> 34480.8 | H43: =SUM(H18:H42) -> 27547.2 | I43: =IF(AND(H43=0,D43=0),0,H43/D43) -> 0.79891418 | M43: п/п | N43: установки | P43: мощность кВт | X43: мощность кВт
A44: Контрольная сумма
A46: Запись показаний счетчиков производили: | G46: Расчеты произвел:
A47: 1. | D47: ___________________
A48: фамилия | D48: (подпись)
A49: 2. | D49: ___________________ | H49: Каргина Т.В. | K49: _______________ | N49: Главный энергетик | Q49: _________________________ И.Н. Чернышов
A50: фамилия | D50: (подпись) | H50: фамилия | K50: (подпись) | S50: (подпись)
A51: 3. | D51: ___________________
A52: фамилия | D52: (подпись)

Sheet Ячейка 4
A1: ОАО "Пластик" | G1: Шифр | M1: I. Сведения о присоединенных трансформаторах и высоковольтных электродвигателях
A2: (наименование предприятия) | M2: 1. Трансформаторы
A3: г. Узловая, Тульская, 1 | G3: Питающий центр | I3: П/ст №214 (ГПП-2) | M3: №№ | N3: Место установки | P3: Мощность | R3: Номинальн. | T3: Включен. | V3: Назначение | X3: Примечание
A4: (адрес) | R4: напряжение | T4: на ответвление | V4: тр-ра
G5: № фидера | I5: яч 4 тр-р №1 | M5: п/п | P5: ква | R5: ________ кВ | T5: ________ кВ | V5: силов. освет.
A6: (министерство, ведомство) | V6: печной
A8: ПРОТОКОЛ (первичный)
A9: записей показания электросчетчиков и вольтметров, а также определение
A10: нагрузок и тангенса "фи" за | E10: 21 июня | H10: 2017года
A11: напряжения | E11: _____6000______________ | I11: вольт
A13: Время записи часы | B13: Активн. сч-к тип | D13: СЭТ-4ТМ.03 | F13: Реактивн. сч-к тип | H13: СЭТ-4ТМ.03 | I13: Тангенс "фи" | J13: Показание | L13: Мощность
B14: ____________л__ | D14: №0103062039 | F14: ____________л__ | H14: №0103062039 | J14: вольтметр. | L14: включен.
B15: Расчетн. коэф | D15: 36000 | F15: Расчетн. коэф | H15: 36000 | J15: на стороне | L15: компенсир.
B16: показ. | C16: разность | D16: расход за | F16: показ. | G16: разность | H16: расход за | J16: в\н | K16: н\н | L16: устройств
B17: сч-ка | C17: показ. | D17: час (кВт) | F17: сч-ка | G17: показ. | H17: час (кВт) | L17: кВар | M17: 2. Высоковольтные электродвигатели
A18: 0-00 | B18: 5755.7833 | F18: 3703.4772 | M18: №№ | N18: Место | Q18: Тип | T18: Номинальная | W18: Примечание
A19: 1-00 | B19: 5755.8302 | C19: =IF(B19="","",IF(LEN(TRUNC(B18,0))-LEN(TRUNC(B19,0))=0,B19-B18,IF(LEN(TRUNC(B18,0))-LEN(TRUNC(B19,0))>0,VALUE(LEFT(B18,LEN(TRUNC(B18,0))-LEN(TRUNC(B19,0))))*POWER(10,LEN(TRUNC(B19,0)))+B19-B18,B19-B18-VALUE(LEFT(B19,LEN(TRUNC(B19,0))-LEN(TRUNC(B18,0))))*POWER(10,LEN(TRUNC(B18,0)))))) -> 0.0469 | D19: =IF(C19="","",C19*$D$15) -> 1688.4 | F19: 3703.5161 | G19: =F19-ReportObject10_3 -> 0.0389 | H19: =IF(G19="","",G19*$H$15) -> 1400.4 | I19: =IF(H19="","",IF(D19="","",IF(AND(H19=0,D19=0),0,H19/D19))) -> 0.82942431 | K19: 6.334537 | Q19: (синхронный,
A20: 2-00 | B20: 5755.8775 | C20: =IF(B20="","",IF(LEN(TRUNC(B19,0))-LEN(TRUNC(B20,0))=0,B20-B19,IF(LEN(TRUNC(B19,0))-LEN(TRUNC(B20,0))>0,VALUE(LEFT(B19,LEN(TRUNC(B19,0))-LEN(TRUNC(B20,0))))*POWER(10,LEN(TRUNC(B20,0)))+B20-B19,B20-B19-VALUE(LEFT(B20,LEN(TRUNC(B20,0))-LEN(TRUNC(B19,0))))*POWER(10,LEN(TRUNC(B19,0)))))) -> 0.0473 | D20: =IF(C20="","",C20*$D$15) -> 1702.8 | F20: 3703.5562 | G20: =F20-F19 -> 0.0401 | H20: =IF(G20="","",G20*$H$15) -> 1443.6 | I20: =IF(H20="","",IF(D20="","",IF(AND(H20=0,D20=0),0,H20/D20))) -> 0.84778013 | K20: 6.226079 | M20: п/п | N20: установки | Q20: асинхронный) | T20: мощность кВт
A21: 3-00 | B21: 5755.9244 | C21: =IF(B21="","",IF(LEN(TRUNC(B20,0))-LEN(TRUNC(B21,0))=0,B21-B20,IF(LEN(TRUNC(B20,0))-LEN(TRUNC(B21,0))>0,VALUE(LEFT(B20,LEN(TRUNC(B20,0))-LEN(TRUNC(B21,0))))*POWER(10,LEN(TRUNC(B21,0)))+B21-B20,B21-B20-VALUE(LEFT(B21,LEN(TRUNC(B21,0))-LEN(TRUNC(B20,0))))*POWER(10,LEN(TRUNC(B20,0)))))) -> 0.0469 | D21: =IF(C21="","",C21*$D$15) -> 1688.4 | F21: 3703.5964 | G21: =F21-F20 -> 0.0402 | H21: =IF(G21="","",G21*$H$15) -> 1447.2 | I21: =IF(H21="","",IF(D21="","",IF(AND(H21=0,D21=0),0,H21/D21))) -> 0.85714286 | K21: 6.368813
A22: 4-00 | B22: 5755.9712 | C22: =IF(B22="","",IF(LEN(TRUNC(B21,0))-LEN(TRUNC(B22,0))=0,B22-B21,IF(LEN(TRUNC(B21,0))-LEN(TRUNC(B22,0))>0,VALUE(LEFT(B21,LEN(TRUNC(B21,0))-LEN(TRUNC(B22,0))))*POWER(10,LEN(TRUNC(B22,0)))+B22-B21,B22-B21-VALUE(LEFT(B22,LEN(TRUNC(B22,0))-LEN(TRUNC(B21,0))))*POWER(10,LEN(TRUNC(B21,0)))))) -> 0.0468 | D22: =IF(C22="","",C22*$D$15) -> 1684.8 | F22: 3703.6373 | G22: =F22-F21 -> 0.0409 | H22: =IF(G22="","",G22*$H$15) -> 1472.4 | I22: =IF(H22="","",IF(D22="","",IF(AND(H22=0,D22=0),0,H22/D22))) -> 0.87393162 | K22: 6.251716
A23: 5-00 | B23: 5756.016 | C23: =IF(B23="","",IF(LEN(TRUNC(B22,0))-LEN(TRUNC(B23,0))=0,B23-B22,IF(LEN(TRUNC(B22,0))-LEN(TRUNC(B23,0))>0,VALUE(LEFT(B22,LEN(TRUNC(B22,0))-LEN(TRUNC(B23,0))))*POWER(10,LEN(TRUNC(B23,0)))+B23-B22,B23-B22-VALUE(LEFT(B23,LEN(TRUNC(B23,0))-LEN(TRUNC(B22,0))))*POWER(10,LEN(TRUNC(B22,0)))))) -> 0.0448 | D23: =IF(C23="","",C23*$D$15) -> 1612.8 | F23: 3703.6773 | G23: =F23-F22 -> 0.04 | H23: =IF(G23="","",G23*$H$15) -> 1440 | I23: =IF(H23="","",IF(D23="","",IF(AND(H23=0,D23=0),0,H23/D23))) -> 0.89285714 | K23: 6.292734
A24: 6-00 | B24: 5756.0583 | C24: =IF(B24="","",IF(LEN(TRUNC(B23,0))-LEN(TRUNC(B24,0))=0,B24-B23,IF(LEN(TRUNC(B23,0))-LEN(TRUNC(B24,0))>0,VALUE(LEFT(B23,LEN(TRUNC(B23,0))-LEN(TRUNC(B24,0))))*POWER(10,LEN(TRUNC(B24,0)))+B24-B23,B24-B23-VALUE(LEFT(B24,LEN(TRUNC(B24,0))-LEN(TRUNC(B23,0))))*POWER(10,LEN(TRUNC(B23,0)))))) -> 0.0423 | D24: =IF(C24="","",C24*$D$15) -> 1522.8 | F24: 3703.7155 | G24: =F24-F23 -> 0.0382 | H24: =IF(G24="","",G24*$H$15) -> 1375.2 | I24: =IF(H24="","",IF(D24="","",IF(AND(H24=0,D24=0),0,H24/D24))) -> 0.90307329 | K24: 6.423867
A25: 7-00 | B25: 5756.0936 | C25: =IF(B25="","",IF(LEN(TRUNC(B24,0))-LEN(TRUNC(B25,0))=0,B25-B24,IF(LEN(TRUNC(B24,0))-LEN(TRUNC(B25,0))>0,VALUE(LEFT(B24,LEN(TRUNC(B24,0))-LEN(TRUNC(B25,0))))*POWER(10,LEN(TRUNC(B25,0)))+B25-B24,B25-B24-VALUE(LEFT(B25,LEN(TRUNC(B25,0))-LEN(TRUNC(B24,0))))*POWER(10,LEN(TRUNC(B24,0)))))) -> 0.0353 | D25: =IF(C25="","",C25*$D$15) -> 1270.8 | F25: 3703.7481 | G25: =F25-F24 -> 0.0326 | H25: =IF(G25="","",G25*$H$15) -> 1173.6 | I25: =IF(H25="","",IF(D25="","",IF(AND(H25=0,D25=0),0,H25/D25))) -> 0.92351275 | K25: 6.39531
A26: 8-00 | B26: 5756.1264 | C26: =IF(B26="","",IF(LEN(TRUNC(B25,0))-LEN(TRUNC(B26,0))=0,B26-B25,IF(LEN(TRUNC(B25,0))-LEN(TRUNC(B26,0))>0,VALUE(LEFT(B25,LEN(TRUNC(B25,0))-LEN(TRUNC(B26,0))))*POWER(10,LEN(TRUNC(B26,0)))+B26-B25,B26-B25-VALUE(LEFT(B26,LEN(TRUNC(B26,0))-LEN(TRUNC(B25,0))))*POWER(10,LEN(TRUNC(B25,0)))))) -> 0.0328 | D26: =IF(C26="","",C26*$D$15) -> 1180.8 | F26: 3703.7778 | G26: =F26-F25 -> 0.0297 | H26: =IF(G26="","",G26*$H$15) -> 1069.2 | I26: =IF(H26="","",IF(D26="","",IF(AND(H26=0,D26=0),0,H26/D26))) -> 0.9054878 | K26: 6.32005
A27: 9-00 | B27: 5756.1577 | C27: =IF(B27="","",IF(LEN(TRUNC(B26,0))-LEN(TRUNC(B27,0))=0,B27-B26,IF(LEN(TRUNC(B26,0))-LEN(TRUNC(B27,0))>0,VALUE(LEFT(B26,LEN(TRUNC(B26,0))-LEN(TRUNC(B27,0))))*POWER(10,LEN(TRUNC(B27,0)))+B27-B26,B27-B26-VALUE(LEFT(B27,LEN(TRUNC(B27,0))-LEN(TRUNC(B26,0))))*POWER(10,LEN(TRUNC(B26,0)))))) -> 0.0313 | D27: =IF(C27="","",C27*$D$15) -> 1126.8 | F27: 3703.8053 | G27: =F27-F26 -> 0.0275 | H27: =IF(G27="","",G27*$H$15) -> 990 | I27: =IF(H27="","",IF(D27="","",IF(AND(H27=0,D27=0),0,H27/D27))) -> 0.87859425 | K27: 6.197173
A28: 10-00 | B28: 5756.1992 | C28: =IF(B28="","",IF(LEN(TRUNC(B27,0))-LEN(TRUNC(B28,0))=0,B28-B27,IF(LEN(TRUNC(B27,0))-LEN(TRUNC(B28,0))>0,VALUE(LEFT(B27,LEN(TRUNC(B27,0))-LEN(TRUNC(B28,0))))*POWER(10,LEN(TRUNC(B28,0)))+B28-B27,B28-B27-VALUE(LEFT(B28,LEN(TRUNC(B28,0))-LEN(TRUNC(B27,0))))*POWER(10,LEN(TRUNC(B27,0)))))) -> 0.0415 | D28: =IF(C28="","",C28*$D$15) -> 1494 | F28: 3703.8366 | G28: =F28-F27 -> 0.0313 | H28: =IF(G28="","",G28*$H$15) -> 1126.8 | I28: =IF(H28="","",IF(D28="","",IF(AND(H28=0,D28=0),0,H28/D28))) -> 0.75421687 | K28: 6.134232
A29: 11-00 | B29: 5756.2421 | C29: =IF(B29="","",IF(LEN(TRUNC(B28,0))-LEN(TRUNC(B29,0))=0,B29-B28,IF(LEN(TRUNC(B28,0))-LEN(TRUNC(B29,0))>0,VALUE(LEFT(B28,LEN(TRUNC(B28,0))-LEN(TRUNC(B29,0))))*POWER(10,LEN(TRUNC(B29,0)))+B29-B28,B29-B28-VALUE(LEFT(B29,LEN(TRUNC(B29,0))-LEN(TRUNC(B28,0))))*POWER(10,LEN(TRUNC(B28,0)))))) -> 0.0429 | D29: =IF(C29="","",C29*$D$15) -> 1544.4 | F29: 3703.8681 | G29: =F29-F28 -> 0.0315 | H29: =IF(G29="","",G29*$H$15) -> 1134 | I29: =IF(H29="","",IF(D29="","",IF(AND(H29=0,D29=0),0,H29/D29))) -> 0.73426573 | K29: 6.11711 | M29: Указать отдельно рабочие и запломбированные трансформаторы и высоковольтные электродвигатели
A30: 12-00 | B30: 5756.2859 | C30: =IF(B30="","",IF(LEN(TRUNC(B29,0))-LEN(TRUNC(B30,0))=0,B30-B29,IF(LEN(TRUNC(B29,0))-LEN(TRUNC(B30,0))>0,VALUE(LEFT(B29,LEN(TRUNC(B29,0))-LEN(TRUNC(B30,0))))*POWER(10,LEN(TRUNC(B30,0)))+B30-B29,B30-B29-VALUE(LEFT(B30,LEN(TRUNC(B30,0))-LEN(TRUNC(B29,0))))*POWER(10,LEN(TRUNC(B29,0)))))) -> 0.0438 | D30: =IF(C30="","",C30*$D$15) -> 1576.8 | F30: 3703.9005 | G30: =F30-F29 -> 0.0324 | H30: =IF(G30="","",G30*$H$15) -> 1166.4 | I30: =IF(H30="","",IF(D30="","",IF(AND(H30=0,D30=0),0,H30/D30))) -> 0.73972603 | K30: 6.136854 | M30: II. Статконденсаторы всех напряжений
A31: 13-00 | B31: 5756.3292 | C31: =IF(B31="","",IF(LEN(TRUNC(B30,0))-LEN(TRUNC(B31,0))=0,B31-B30,IF(LEN(TRUNC(B30,0))-LEN(TRUNC(B31,0))>0,VALUE(LEFT(B30,LEN(TRUNC(B30,0))-LEN(TRUNC(B31,0))))*POWER(10,LEN(TRUNC(B31,0)))+B31-B30,B31-B30-VALUE(LEFT(B31,LEN(TRUNC(B31,0))-LEN(TRUNC(B30,0))))*POWER(10,LEN(TRUNC(B30,0)))))) -> 0.0433 | D31: =IF(C31="","",C31*$D$15) -> 1558.8 | F31: 3703.9329 | G31: =F31-F30 -> 0.0324 | H31: =IF(G31="","",G31*$H$15) -> 1166.4 | I31: =IF(H31="","",IF(D31="","",IF(AND(H31=0,D31=0),0,H31/D31))) -> 0.7482679 | K31: 6.165051 | M31: №№ | N31: Место | P31: Номинальное | R31: Номинальная | T31: В т.ч. с | V31: Время включения | Y31: Примечание
A32: 14-00 | B32: 5756.373 | C32: =IF(B32="","",IF(LEN(TRUNC(B31,0))-LEN(TRUNC(B32,0))=0,B32-B31,IF(LEN(TRUNC(B31,0))-LEN(TRUNC(B32,0))>0,VALUE(LEFT(B31,LEN(TRUNC(B31,0))-LEN(TRUNC(B32,0))))*POWER(10,LEN(TRUNC(B32,0)))+B32-B31,B32-B31-VALUE(LEFT(B32,LEN(TRUNC(B32,0))-LEN(TRUNC(B31,0))))*POWER(10,LEN(TRUNC(B31,0)))))) -> 0.0438 | D32: =IF(C32="","",C32*$D$15) -> 1576.8 | F32: 3703.9657 | G32: =F32-F31 -> 0.0328 | H32: =IF(G32="","",G32*$H$15) -> 1180.8 | I32: =IF(H32="","",IF(D32="","",IF(AND(H32=0,D32=0),0,H32/D32))) -> 0.74885845 | K32: 6.119837 | P32: напряжение | R32: мощность | T32: авторегулир. | V32: и отключения
A33: 15-00 | B33: 5756.4163 | C33: =IF(B33="","",IF(LEN(TRUNC(B32,0))-LEN(TRUNC(B33,0))=0,B33-B32,IF(LEN(TRUNC(B32,0))-LEN(TRUNC(B33,0))>0,VALUE(LEFT(B32,LEN(TRUNC(B32,0))-LEN(TRUNC(B33,0))))*POWER(10,LEN(TRUNC(B33,0)))+B33-B32,B33-B32-VALUE(LEFT(B33,LEN(TRUNC(B33,0))-LEN(TRUNC(B32,0))))*POWER(10,LEN(TRUNC(B32,0)))))) -> 0.0433 | D33: =IF(C33="","",C33*$D$15) -> 1558.8 | F33: 3703.9978 | G33: =F33-F32 -> 0.0321 | H33: =IF(G33="","",G33*$H$15) -> 1155.6 | I33: =IF(H33="","",IF(D33="","",IF(AND(H33=0,D33=0),0,H33/D33))) -> 0.74133949 | K33: 6.112327 | M33: п/п | N33: установки | P33: кВ | R33: кВар | T33: кВар | V33: установки за сутки
A34: 16-00 | B34: 5756.4612 | C34: =IF(B34="","",IF(LEN(TRUNC(B33,0))-LEN(TRUNC(B34,0))=0,B34-B33,IF(LEN(TRUNC(B33,0))-LEN(TRUNC(B34,0))>0,VALUE(LEFT(B33,LEN(TRUNC(B33,0))-LEN(TRUNC(B34,0))))*POWER(10,LEN(TRUNC(B34,0)))+B34-B33,B34-B33-VALUE(LEFT(B34,LEN(TRUNC(B34,0))-LEN(TRUNC(B33,0))))*POWER(10,LEN(TRUNC(B33,0)))))) -> 0.0449 | D34: =IF(C34="","",C34*$D$15) -> 1616.4 | F34: 3704.0313 | G34: =F34-F33 -> 0.0335 | H34: =IF(G34="","",G34*$H$15) -> 1206 | I34: =IF(H34="","",IF(D34="","",IF(AND(H34=0,D34=0),0,H34/D34))) -> 0.74610245 | K34: 6.133811
A35: 17-00 | B35: 5756.5045 | C35: =IF(B35="","",IF(LEN(TRUNC(B34,0))-LEN(TRUNC(B35,0))=0,B35-B34,IF(LEN(TRUNC(B34,0))-LEN(TRUNC(B35,0))>0,VALUE(LEFT(B34,LEN(TRUNC(B34,0))-LEN(TRUNC(B35,0))))*POWER(10,LEN(TRUNC(B35,0)))+B35-B34,B35-B34-VALUE(LEFT(B35,LEN(TRUNC(B35,0))-LEN(TRUNC(B34,0))))*POWER(10,LEN(TRUNC(B34,0)))))) -> 0.0433 | D35: =IF(C35="","",C35*$D$15) -> 1558.8 | F35: 3704.0648 | G35: =F35-F34 -> 0.0335 | H35: =IF(G35="","",G35*$H$15) -> 1206 | I35: =IF(H35="","",IF(D35="","",IF(AND(H35=0,D35=0),0,H35/D35))) -> 0.77367206 | K35: 6.171149 | N35: КТП-27,28, | P35: 0.4 | R35: 590
A36: 18-00 | B36: 5756.5456 | C36: =IF(B36="","",IF(LEN(TRUNC(B35,0))-LEN(TRUNC(B36,0))=0,B36-B35,IF(LEN(TRUNC(B35,0))-LEN(TRUNC(B36,0))>0,VALUE(LEFT(B35,LEN(TRUNC(B35,0))-LEN(TRUNC(B36,0))))*POWER(10,LEN(TRUNC(B36,0)))+B36-B35,B36-B35-VALUE(LEFT(B36,LEN(TRUNC(B36,0))-LEN(TRUNC(B35,0))))*POWER(10,LEN(TRUNC(B35,0)))))) -> 0.0411 | D36: =IF(C36="","",C36*$D$15) -> 1479.6 | F36: 3704.0977 | G36: =F36-F35 -> 0.0329 | H36: =IF(G36="","",G36*$H$15) -> 1184.4 | I36: =IF(H36="","",IF(D36="","",IF(AND(H36=0,D36=0),0,H36/D36))) -> 0.80048662 | K36: 6.195534 | N36: 7,8,9,10
A37: 19-00 | B37: 5756.5866 | C37: =IF(B37="","",IF(LEN(TRUNC(B36,0))-LEN(TRUNC(B37,0))=0,B37-B36,IF(LEN(TRUNC(B36,0))-LEN(TRUNC(B37,0))>0,VALUE(LEFT(B36,LEN(TRUNC(B36,0))-LEN(TRUNC(B37,0))))*POWER(10,LEN(TRUNC(B37,0)))+B37-B36,B37-B36-VALUE(LEFT(B37,LEN(TRUNC(B37,0))-LEN(TRUNC(B36,0))))*POWER(10,LEN(TRUNC(B36,0)))))) -> 0.041 | D37: =IF(C37="","",C37*$D$15) -> 1476 | F37: 3704.1306 | G37: =F37-F36 -> 0.0329 | H37: =IF(G37="","",G37*$H$15) -> 1184.4 | I37: =IF(H37="","",IF(D37="","",IF(AND(H37=0,D37=0),0,H37/D37))) -> 0.80243902 | K37: 6.227141
A38: 20-00 | B38: 5756.6282 | C38: =IF(B38="","",IF(LEN(TRUNC(B37,0))-LEN(TRUNC(B38,0))=0,B38-B37,IF(LEN(TRUNC(B37,0))-LEN(TRUNC(B38,0))>0,VALUE(LEFT(B37,LEN(TRUNC(B37,0))-LEN(TRUNC(B38,0))))*POWER(10,LEN(TRUNC(B38,0)))+B38-B37,B38-B37-VALUE(LEFT(B38,LEN(TRUNC(B38,0))-LEN(TRUNC(B37,0))))*POWER(10,LEN(TRUNC(B37,0)))))) -> 0.0416 | D38: =IF(C38="","",C38*$D$15) -> 1497.6 | F38: 3704.1649 | G38: =F38-F37 -> 0.0343 | H38: =IF(G38="","",G38*$H$15) -> 1234.8 | I38: =IF(H38="","",IF(D38="","",IF(AND(H38=0,D38=0),0,H38/D38))) -> 0.82451923 | K38: 6.046878
A39: 21-00 | B39: 5756.6678 | C39: =IF(B39="","",IF(LEN(TRUNC(B38,0))-LEN(TRUNC(B39,0))=0,B39-B38,IF(LEN(TRUNC(B38,0))-LEN(TRUNC(B39,0))>0,VALUE(LEFT(B38,LEN(TRUNC(B38,0))-LEN(TRUNC(B39,0))))*POWER(10,LEN(TRUNC(B39,0)))+B39-B38,B39-B38-VALUE(LEFT(B39,LEN(TRUNC(B39,0))-LEN(TRUNC(B38,0))))*POWER(10,LEN(TRUNC(B38,0)))))) -> 0.0396 | D39: =IF(C39="","",C39*$D$15) -> 1425.6 | F39: 3704.1983 | G39: =F39-F38 -> 0.0334 | H39: =IF(G39="","",G39*$H$15) -> 1202.4 | I39: =IF(H39="","",IF(D39="","",IF(AND(H39=0,D39=0),0,H39/D39))) -> 0.84343434 | K39: 6.284075
A40: 22-00 | B40: 5756.7082 | C40: =IF(B40="","",IF(LEN(TRUNC(B39,0))-LEN(TRUNC(B40,0))=0,B40-B39,IF(LEN(TRUNC(B39,0))-LEN(TRUNC(B40,0))>0,VALUE(LEFT(B39,LEN(TRUNC(B39,0))-LEN(TRUNC(B40,0))))*POWER(10,LEN(TRUNC(B40,0)))+B40-B39,B40-B39-VALUE(LEFT(B40,LEN(TRUNC(B40,0))-LEN(TRUNC(B39,0))))*POWER(10,LEN(TRUNC(B39,0)))))) -> 0.0404 | D40: =IF(C40="","",C40*$D$15) -> 1454.4 | F40: 3704.2316 | G40: =F40-F39 -> 0.0333 | H40: =IF(G40="","",G40*$H$15) -> 1198.8 | I40: =IF(H40="","",IF(D40="","",IF(AND(H40=0,D40=0),0,H40/D40))) -> 0.82425743 | K40: 6.072941 | M40: III. Синхронные электродвигатели напряжением до 1000 В
A41: 23-00 | B41: 5756.7495 | C41: =IF(B41="","",IF(LEN(TRUNC(B40,0))-LEN(TRUNC(B41,0))=0,B41-B40,IF(LEN(TRUNC(B40,0))-LEN(TRUNC(B41,0))>0,VALUE(LEFT(B40,LEN(TRUNC(B40,0))-LEN(TRUNC(B41,0))))*POWER(10,LEN(TRUNC(B41,0)))+B41-B40,B41-B40-VALUE(LEFT(B41,LEN(TRUNC(B41,0))-LEN(TRUNC(B40,0))))*POWER(10,LEN(TRUNC(B40,0)))))) -> 0.0413 | D41: =IF(C41="","",C41*$D$15) -> 1486.8 | F41: 3704.2656 | G41: =F41-F40 -> 0.034 | H41: =IF(G41="","",G41*$H$15) -> 1224 | I41: =IF(H41="","",IF(D41="","",IF(AND(H41=0,D41=0),0,H41/D41))) -> 0.82324455 | K41: 6.231758 | M41: №№ | N41: Место | P41: Номинальная | S41: № п-п | T41: Место установки | X41: Номинальная
A42: 24-00 | B42: 5756.7903 | C42: =IF(B42="","",IF(LEN(TRUNC(B41,0))-LEN(TRUNC(B42,0))=0,B42-B41,IF(LEN(TRUNC(B41,0))-LEN(TRUNC(B42,0))>0,VALUE(LEFT(B41,LEN(TRUNC(B41,0))-LEN(TRUNC(B42,0))))*POWER(10,LEN(TRUNC(B42,0)))+B42-B41,B42-B41-VALUE(LEFT(B42,LEN(TRUNC(B42,0))-LEN(TRUNC(B41,0))))*POWER(10,LEN(TRUNC(B41,0)))))) -> 0.0408 | D42: =IF(C42="","",C42*$D$15) -> 1468.8 | F42: 3704.3 | G42: =F42-F41 -> 0.0344 | H42: =IF(G42="","",G42*$H$15) -> 1238.4 | I42: =IF(H42="","",IF(D42="","",IF(AND(H42=0,D42=0),0,H42/D42))) -> 0.84313725 | K42: 6.080892
A43: Суточн. расход эл. энергии | D43: =SUM(D18:D42) -> 36252 | H43: =SUM(H18:H42) -> 29620.8 | I43: =IF(AND(H43=0,D43=0),0,H43/D43) -> 0.81708044 | M43: п/п | N43: установки | P43: мощность кВт | X43: мощность кВт
A44: Контрольная сумма
A46: Запись показаний счетчиков производили: | G46: Расчеты произвел:
A47: 1. | D47: ___________________
A48: фамилия | D48: (подпись)
A49: 2. | D49: ___________________ | H49: Каргина Т.В. | K49: _______________ | N49: Главный энергетик | Q49: _________________________ И.Н. Чернышов
A50: фамилия | D50: (подпись) | H50: фамилия | K50: (подпись) | S50: (подпись)
A51: 3. | D51: ___________________
A52: фамилия | D52: (подпись)

Sheet Ячейка 36
A1: ОАО "Пластик" | G1: Шифр | M1: I. Сведения о присоединенных трансформаторах и высоковольтных электродвигателях
A2: (наименование предприятия) | M2: 1. Трансформаторы
A3: г. Узловая, Тульская, 1 | G3: Питающий центр | I3: П/ст №214 (ГПП-2) | M3: №№ | N3: Место установки | P3: Мощность | R3: Номинальн. | T3: Включен. | V3: Назначение | X3: Примечание
A4: (адрес) | R4: напряжение | T4: на ответвление | V4: тр-ра
G5: № фидера | I5: яч 36 тр-р №2 | M5: п/п | P5: ква | R5: ________ кВ | T5: ________ кВ | V5: силов. освет.
A6: (министерство, ведомство) | V6: печной
A8: ПРОТОКОЛ (первичный)
A9: записей показания электросчетчиков и вольтметров, а также определение
A10: нагрузок и тангенса "фи" за | E10: 21 июня | H10: 2017года
A11: напряжения | E11: _________6000__________ | I11: вольт
A13: Время записи часы | B13: Активн. сч-к тип | D13: СЭТ-4ТМ.03 | F13: Реактивн. сч-к тип | H13: СЭТ-4ТМ.03 | I13: Тангенс "фи" | J13: Показание | L13: Мощность
B14: ____________л__ | D14: №0102061040 | F14: ____________л__ | H14: №0102061040 | J14: вольтметр. | L14: включен.
B15: Расчетн. коэф | D15: 36000 | F15: Расчетн. коэф | H15: 36000 | J15: на стороне | L15: компенсир.
B16: показ. | C16: разность | D16: расход за | F16: показ. | G16: разность | H16: расход за | J16: в\н | K16: н\н | L16: устройств
B17: сч-ка | C17: показ. | D17: час (кВт) | F17: сч-ка | G17: показ. | H17: час (кВт) | L17: кВар | M17: 2. Высоковольтные электродвигатели
A18: 0-00 | B18: 3351.4645 | F18: 1873.8686 | M18: №№ | N18: Место | Q18: Тип | T18: Номинальная | W18: Примечание
A19: 1-00 | B19: 3351.4794 | C19: =IF(B19="","",IF(LEN(TRUNC(B18,0))-LEN(TRUNC(B19,0))=0,B19-B18,IF(LEN(TRUNC(B18,0))-LEN(TRUNC(B19,0))>0,VALUE(LEFT(B18,LEN(TRUNC(B18,0))-LEN(TRUNC(B19,0))))*POWER(10,LEN(TRUNC(B19,0)))+B19-B18,B19-B18-VALUE(LEFT(B19,LEN(TRUNC(B19,0))-LEN(TRUNC(B18,0))))*POWER(10,LEN(TRUNC(B18,0)))))) -> 0.0149 | D19: =IF(C19="","",C19*$D$15) -> 536.4 | F19: 1873.8821 | G19: =F19-ReportObject11_3 -> 0.0135 | H19: =IF(G19="","",G19*$H$15) -> 486 | I19: =IF(H19="","",IF(D19="","",IF(AND(H19=0,D19=0),0,H19/D19))) -> 0.90604027 | K19: 6.340078 | Q19: (синхронный,
A20: 2-00 | B20: 3351.4942 | C20: =IF(B20="","",IF(LEN(TRUNC(B19,0))-LEN(TRUNC(B20,0))=0,B20-B19,IF(LEN(TRUNC(B19,0))-LEN(TRUNC(B20,0))>0,VALUE(LEFT(B19,LEN(TRUNC(B19,0))-LEN(TRUNC(B20,0))))*POWER(10,LEN(TRUNC(B20,0)))+B20-B19,B20-B19-VALUE(LEFT(B20,LEN(TRUNC(B20,0))-LEN(TRUNC(B19,0))))*POWER(10,LEN(TRUNC(B19,0)))))) -> 0.0148 | D20: =IF(C20="","",C20*$D$15) -> 532.8 | F20: 1873.8958 | G20: =F20-F19 -> 0.0137 | H20: =IF(G20="","",G20*$H$15) -> 493.2 | I20: =IF(H20="","",IF(D20="","",IF(AND(H20=0,D20=0),0,H20/D20))) -> 0.92567568 | K20: 6.371656 | M20: п/п | N20: установки | Q20: асинхронный) | T20: мощность кВт
A21: 3-00 | B21: 3351.5092 | C21: =IF(B21="","",IF(LEN(TRUNC(B20,0))-LEN(TRUNC(B21,0))=0,B21-B20,IF(LEN(TRUNC(B20,0))-LEN(TRUNC(B21,0))>0,VALUE(LEFT(B20,LEN(TRUNC(B20,0))-LEN(TRUNC(B21,0))))*POWER(10,LEN(TRUNC(B21,0)))+B21-B20,B21-B20-VALUE(LEFT(B21,LEN(TRUNC(B21,0))-LEN(TRUNC(B20,0))))*POWER(10,LEN(TRUNC(B20,0)))))) -> 0.015 | D21: =IF(C21="","",C21*$D$15) -> 540 | F21: 1873.9096 | G21: =F21-F20 -> 0.0138 | H21: =IF(G21="","",G21*$H$15) -> 496.8 | I21: =IF(H21="","",IF(D21="","",IF(AND(H21=0,D21=0),0,H21/D21))) -> 0.92 | K21: 6.376391
A22: 4-00 | B22: 3351.5239 | C22: =IF(B22="","",IF(LEN(TRUNC(B21,0))-LEN(TRUNC(B22,0))=0,B22-B21,IF(LEN(TRUNC(B21,0))-LEN(TRUNC(B22,0))>0,VALUE(LEFT(B21,LEN(TRUNC(B21,0))-LEN(TRUNC(B22,0))))*POWER(10,LEN(TRUNC(B22,0)))+B22-B21,B22-B21-VALUE(LEFT(B22,LEN(TRUNC(B22,0))-LEN(TRUNC(B21,0))))*POWER(10,LEN(TRUNC(B21,0)))))) -> 0.0147 | D22: =IF(C22="","",C22*$D$15) -> 529.2 | F22: 1873.9235 | G22: =F22-F21 -> 0.0139 | H22: =IF(G22="","",G22*$H$15) -> 500.4 | I22: =IF(H22="","",IF(D22="","",IF(AND(H22=0,D22=0),0,H22/D22))) -> 0.94557823 | K22: 6.402211 | N22: РП-5 | Q22: СДКН | T22: 3х630
A23: 5-00 | B23: 3351.5385 | C23: =IF(B23="","",IF(LEN(TRUNC(B22,0))-LEN(TRUNC(B23,0))=0,B23-B22,IF(LEN(TRUNC(B22,0))-LEN(TRUNC(B23,0))>0,VALUE(LEFT(B22,LEN(TRUNC(B22,0))-LEN(TRUNC(B23,0))))*POWER(10,LEN(TRUNC(B23,0)))+B23-B22,B23-B22-VALUE(LEFT(B23,LEN(TRUNC(B23,0))-LEN(TRUNC(B22,0))))*POWER(10,LEN(TRUNC(B22,0)))))) -> 0.0146 | D23: =IF(C23="","",C23*$D$15) -> 525.6 | F23: 1873.9374 | G23: =F23-F22 -> 0.0139 | H23: =IF(G23="","",G23*$H$15) -> 500.4 | I23: =IF(H23="","",IF(D23="","",IF(AND(H23=0,D23=0),0,H23/D23))) -> 0.95205479 | K23: 6.111398
A24: 6-00 | B24: 3351.5545 | C24: =IF(B24="","",IF(LEN(TRUNC(B23,0))-LEN(TRUNC(B24,0))=0,B24-B23,IF(LEN(TRUNC(B23,0))-LEN(TRUNC(B24,0))>0,VALUE(LEFT(B23,LEN(TRUNC(B23,0))-LEN(TRUNC(B24,0))))*POWER(10,LEN(TRUNC(B24,0)))+B24-B23,B24-B23-VALUE(LEFT(B24,LEN(TRUNC(B24,0))-LEN(TRUNC(B23,0))))*POWER(10,LEN(TRUNC(B23,0)))))) -> 0.016 | D24: =IF(C24="","",C24*$D$15) -> 576 | F24: 1873.9522 | G24: =F24-F23 -> 0.0148 | H24: =IF(G24="","",G24*$H$15) -> 532.8 | I24: =IF(H24="","",IF(D24="","",IF(AND(H24=0,D24=0),0,H24/D24))) -> 0.925 | K24: 6.421236
A25: 7-00 | B25: 3351.5722 | C25: =IF(B25="","",IF(LEN(TRUNC(B24,0))-LEN(TRUNC(B25,0))=0,B25-B24,IF(LEN(TRUNC(B24,0))-LEN(TRUNC(B25,0))>0,VALUE(LEFT(B24,LEN(TRUNC(B24,0))-LEN(TRUNC(B25,0))))*POWER(10,LEN(TRUNC(B25,0)))+B25-B24,B25-B24-VALUE(LEFT(B25,LEN(TRUNC(B25,0))-LEN(TRUNC(B24,0))))*POWER(10,LEN(TRUNC(B24,0)))))) -> 0.0177 | D25: =IF(C25="","",C25*$D$15) -> 637.2 | F25: 1873.9679 | G25: =F25-F24 -> 0.0157 | H25: =IF(G25="","",G25*$H$15) -> 565.2 | I25: =IF(H25="","",IF(D25="","",IF(AND(H25=0,D25=0),0,H25/D25))) -> 0.88700565 | K25: 6.383529
A26: 8-00 | B26: 3351.5898 | C26: =IF(B26="","",IF(LEN(TRUNC(B25,0))-LEN(TRUNC(B26,0))=0,B26-B25,IF(LEN(TRUNC(B25,0))-LEN(TRUNC(B26,0))>0,VALUE(LEFT(B25,LEN(TRUNC(B25,0))-LEN(TRUNC(B26,0))))*POWER(10,LEN(TRUNC(B26,0)))+B26-B25,B26-B25-VALUE(LEFT(B26,LEN(TRUNC(B26,0))-LEN(TRUNC(B25,0))))*POWER(10,LEN(TRUNC(B25,0)))))) -> 0.0176 | D26: =IF(C26="","",C26*$D$15) -> 633.6 | F26: 1873.9828 | G26: =F26-F25 -> 0.0149 | H26: =IF(G26="","",G26*$H$15) -> 536.4 | I26: =IF(H26="","",IF(D26="","",IF(AND(H26=0,D26=0),0,H26/D26))) -> 0.84659091 | K26: 6.307372
A27: 9-00 | B27: 3351.6069 | C27: =IF(B27="","",IF(LEN(TRUNC(B26,0))-LEN(TRUNC(B27,0))=0,B27-B26,IF(LEN(TRUNC(B26,0))-LEN(TRUNC(B27,0))>0,VALUE(LEFT(B26,LEN(TRUNC(B26,0))-LEN(TRUNC(B27,0))))*POWER(10,LEN(TRUNC(B27,0)))+B27-B26,B27-B26-VALUE(LEFT(B27,LEN(TRUNC(B27,0))-LEN(TRUNC(B26,0))))*POWER(10,LEN(TRUNC(B26,0)))))) -> 0.0171 | D27: =IF(C27="","",C27*$D$15) -> 615.6 | F27: 1873.9965 | G27: =F27-F26 -> 0.0137 | H27: =IF(G27="","",G27*$H$15) -> 493.2 | I27: =IF(H27="","",IF(D27="","",IF(AND(H27=0,D27=0),0,H27/D27))) -> 0.80116959 | K27: 6.186254
A28: 10-00 | B28: 3351.624 | C28: =IF(B28="","",IF(LEN(TRUNC(B27,0))-LEN(TRUNC(B28,0))=0,B28-B27,IF(LEN(TRUNC(B27,0))-LEN(TRUNC(B28,0))>0,VALUE(LEFT(B27,LEN(TRUNC(B27,0))-LEN(TRUNC(B28,0))))*POWER(10,LEN(TRUNC(B28,0)))+B28-B27,B28-B27-VALUE(LEFT(B28,LEN(TRUNC(B28,0))-LEN(TRUNC(B27,0))))*POWER(10,LEN(TRUNC(B27,0)))))) -> 0.0171 | D28: =IF(C28="","",C28*$D$15) -> 615.6 | F28: 1874.0099 | G28: =F28-F27 -> 0.0134 | H28: =IF(G28="","",G28*$H$15) -> 482.4 | I28: =IF(H28="","",IF(D28="","",IF(AND(H28=0,D28=0),0,H28/D28))) -> 0.78362573 | K28: 6.130461
A29: 11-00 | B29: 3351.641 | C29: =IF(B29="","",IF(LEN(TRUNC(B28,0))-LEN(TRUNC(B29,0))=0,B29-B28,IF(LEN(TRUNC(B28,0))-LEN(TRUNC(B29,0))>0,VALUE(LEFT(B28,LEN(TRUNC(B28,0))-LEN(TRUNC(B29,0))))*POWER(10,LEN(TRUNC(B29,0)))+B29-B28,B29-B28-VALUE(LEFT(B29,LEN(TRUNC(B29,0))-LEN(TRUNC(B28,0))))*POWER(10,LEN(TRUNC(B28,0)))))) -> 0.017 | D29: =IF(C29="","",C29*$D$15) -> 612 | F29: 1874.0231 | G29: =F29-F28 -> 0.0132 | H29: =IF(G29="","",G29*$H$15) -> 475.2 | I29: =IF(H29="","",IF(D29="","",IF(AND(H29=0,D29=0),0,H29/D29))) -> 0.77647059 | K29: 6.113426 | M29: Указать отдельно рабочие и запломбированные трансформаторы и высоковольтные электродвигатели
A30: 12-00 | B30: 3351.6581 | C30: =IF(B30="","",IF(LEN(TRUNC(B29,0))-LEN(TRUNC(B30,0))=0,B30-B29,IF(LEN(TRUNC(B29,0))-LEN(TRUNC(B30,0))>0,VALUE(LEFT(B29,LEN(TRUNC(B29,0))-LEN(TRUNC(B30,0))))*POWER(10,LEN(TRUNC(B30,0)))+B30-B29,B30-B29-VALUE(LEFT(B30,LEN(TRUNC(B30,0))-LEN(TRUNC(B29,0))))*POWER(10,LEN(TRUNC(B29,0)))))) -> 0.0171 | D30: =IF(C30="","",C30*$D$15) -> 615.6 | F30: 1874.0365 | G30: =F30-F29 -> 0.0134 | H30: =IF(G30="","",G30*$H$15) -> 482.4 | I30: =IF(H30="","",IF(D30="","",IF(AND(H30=0,D30=0),0,H30/D30))) -> 0.78362573 | K30: 6.053416 | M30: II. Статконденсаторы всех напряжений
A31: 13-00 | B31: 3351.6749 | C31: =IF(B31="","",IF(LEN(TRUNC(B30,0))-LEN(TRUNC(B31,0))=0,B31-B30,IF(LEN(TRUNC(B30,0))-LEN(TRUNC(B31,0))>0,VALUE(LEFT(B30,LEN(TRUNC(B30,0))-LEN(TRUNC(B31,0))))*POWER(10,LEN(TRUNC(B31,0)))+B31-B30,B31-B30-VALUE(LEFT(B31,LEN(TRUNC(B31,0))-LEN(TRUNC(B30,0))))*POWER(10,LEN(TRUNC(B30,0)))))) -> 0.0168 | D31: =IF(C31="","",C31*$D$15) -> 604.8 | F31: 1874.0499 | G31: =F31-F30 -> 0.0134 | H31: =IF(G31="","",G31*$H$15) -> 482.4 | I31: =IF(H31="","",IF(D31="","",IF(AND(H31=0,D31=0),0,H31/D31))) -> 0.79761905 | K31: 6.163943 | M31: №№ | N31: Место | P31: Номинальное | R31: Номинальная | T31: В т.ч. с | V31: Время включения | Y31: Примечание
A32: 14-00 | B32: 3351.6894 | C32: =IF(B32="","",IF(LEN(TRUNC(B31,0))-LEN(TRUNC(B32,0))=0,B32-B31,IF(LEN(TRUNC(B31,0))-LEN(TRUNC(B32,0))>0,VALUE(LEFT(B31,LEN(TRUNC(B31,0))-LEN(TRUNC(B32,0))))*POWER(10,LEN(TRUNC(B32,0)))+B32-B31,B32-B31-VALUE(LEFT(B32,LEN(TRUNC(B32,0))-LEN(TRUNC(B31,0))))*POWER(10,LEN(TRUNC(B31,0)))))) -> 0.0145 | D32: =IF(C32="","",C32*$D$15) -> 522 | F32: 1874.0619 | G32: =F32-F31 -> 0.012 | H32: =IF(G32="","",G32*$H$15) -> 432 | I32: =IF(H32="","",IF(D32="","",IF(AND(H32=0,D32=0),0,H32/D32))) -> 0.82758621 | K32: 6.123224 | P32: напряжение | R32: мощность | T32: авторегулир. | V32: и отключения
A33: 15-00 | B33: 3351.7034 | C33: =IF(B33="","",IF(LEN(TRUNC(B32,0))-LEN(TRUNC(B33,0))=0,B33-B32,IF(LEN(TRUNC(B32,0))-LEN(TRUNC(B33,0))>0,VALUE(LEFT(B32,LEN(TRUNC(B32,0))-LEN(TRUNC(B33,0))))*POWER(10,LEN(TRUNC(B33,0)))+B33-B32,B33-B32-VALUE(LEFT(B33,LEN(TRUNC(B33,0))-LEN(TRUNC(B32,0))))*POWER(10,LEN(TRUNC(B32,0)))))) -> 0.014 | D33: =IF(C33="","",C33*$D$15) -> 504 | F33: 1874.0735 | G33: =F33-F32 -> 0.0116 | H33: =IF(G33="","",G33*$H$15) -> 417.6 | I33: =IF(H33="","",IF(D33="","",IF(AND(H33=0,D33=0),0,H33/D33))) -> 0.82857143 | K33: 6.116215 | M33: п/п | N33: установки | P33: кВ | R33: кВар | T33: кВар | V33: установки за сутки
A34: 16-00 | B34: 3351.7173 | C34: =IF(B34="","",IF(LEN(TRUNC(B33,0))-LEN(TRUNC(B34,0))=0,B34-B33,IF(LEN(TRUNC(B33,0))-LEN(TRUNC(B34,0))>0,VALUE(LEFT(B33,LEN(TRUNC(B33,0))-LEN(TRUNC(B34,0))))*POWER(10,LEN(TRUNC(B34,0)))+B34-B33,B34-B33-VALUE(LEFT(B34,LEN(TRUNC(B34,0))-LEN(TRUNC(B33,0))))*POWER(10,LEN(TRUNC(B33,0)))))) -> 0.0139 | D34: =IF(C34="","",C34*$D$15) -> 500.4 | F34: 1874.0852 | G34: =F34-F33 -> 0.0117 | H34: =IF(G34="","",G34*$H$15) -> 421.2 | I34: =IF(H34="","",IF(D34="","",IF(AND(H34=0,D34=0),0,H34/D34))) -> 0.84172662 | K34: 6.137934
A35: 17-00 | B35: 3351.7313 | C35: =IF(B35="","",IF(LEN(TRUNC(B34,0))-LEN(TRUNC(B35,0))=0,B35-B34,IF(LEN(TRUNC(B34,0))-LEN(TRUNC(B35,0))>0,VALUE(LEFT(B34,LEN(TRUNC(B34,0))-LEN(TRUNC(B35,0))))*POWER(10,LEN(TRUNC(B35,0)))+B35-B34,B35-B34-VALUE(LEFT(B35,LEN(TRUNC(B35,0))-LEN(TRUNC(B34,0))))*POWER(10,LEN(TRUNC(B34,0)))))) -> 0.014 | D35: =IF(C35="","",C35*$D$15) -> 504 | F35: 1874.0971 | G35: =F35-F34 -> 0.0119 | H35: =IF(G35="","",G35*$H$15) -> 428.4 | I35: =IF(H35="","",IF(D35="","",IF(AND(H35=0,D35=0),0,H35/D35))) -> 0.85 | K35: 6.176595 | N35: КТП-4 | P35: 0.4 | R35: 80
A36: 18-00 | B36: 3351.7449 | C36: =IF(B36="","",IF(LEN(TRUNC(B35,0))-LEN(TRUNC(B36,0))=0,B36-B35,IF(LEN(TRUNC(B35,0))-LEN(TRUNC(B36,0))>0,VALUE(LEFT(B35,LEN(TRUNC(B35,0))-LEN(TRUNC(B36,0))))*POWER(10,LEN(TRUNC(B36,0)))+B36-B35,B36-B35-VALUE(LEFT(B36,LEN(TRUNC(B36,0))-LEN(TRUNC(B35,0))))*POWER(10,LEN(TRUNC(B35,0)))))) -> 0.0136 | D36: =IF(C36="","",C36*$D$15) -> 489.6 | F36: 1874.1089 | G36: =F36-F35 -> 0.0118 | H36: =IF(G36="","",G36*$H$15) -> 424.8 | I36: =IF(H36="","",IF(D36="","",IF(AND(H36=0,D36=0),0,H36/D36))) -> 0.86764706 | K36: 6.199849
A37: 19-00 | B37: 3351.7592 | C37: =IF(B37="","",IF(LEN(TRUNC(B36,0))-LEN(TRUNC(B37,0))=0,B37-B36,IF(LEN(TRUNC(B36,0))-LEN(TRUNC(B37,0))>0,VALUE(LEFT(B36,LEN(TRUNC(B36,0))-LEN(TRUNC(B37,0))))*POWER(10,LEN(TRUNC(B37,0)))+B37-B36,B37-B36-VALUE(LEFT(B37,LEN(TRUNC(B37,0))-LEN(TRUNC(B36,0))))*POWER(10,LEN(TRUNC(B36,0)))))) -> 0.0143 | D37: =IF(C37="","",C37*$D$15) -> 514.8 | F37: 1874.1213 | G37: =F37-F36 -> 0.0124 | H37: =IF(G37="","",G37*$H$15) -> 446.4 | I37: =IF(H37="","",IF(D37="","",IF(AND(H37=0,D37=0),0,H37/D37))) -> 0.86713287 | K37: 6.226422
A38: 20-00 | B38: 3351.7741 | C38: =IF(B38="","",IF(LEN(TRUNC(B37,0))-LEN(TRUNC(B38,0))=0,B38-B37,IF(LEN(TRUNC(B37,0))-LEN(TRUNC(B38,0))>0,VALUE(LEFT(B37,LEN(TRUNC(B37,0))-LEN(TRUNC(B38,0))))*POWER(10,LEN(TRUNC(B38,0)))+B38-B37,B38-B37-VALUE(LEFT(B38,LEN(TRUNC(B38,0))-LEN(TRUNC(B37,0))))*POWER(10,LEN(TRUNC(B37,0)))))) -> 0.0149 | D38: =IF(C38="","",C38*$D$15) -> 536.4 | F38: 1874.1344 | G38: =F38-F37 -> 0.0131 | H38: =IF(G38="","",G38*$H$15) -> 471.6 | I38: =IF(H38="","",IF(D38="","",IF(AND(H38=0,D38=0),0,H38/D38))) -> 0.87919463 | K38: 6.119791
A39: 21-00 | B39: 3351.7887 | C39: =IF(B39="","",IF(LEN(TRUNC(B38,0))-LEN(TRUNC(B39,0))=0,B39-B38,IF(LEN(TRUNC(B38,0))-LEN(TRUNC(B39,0))>0,VALUE(LEFT(B38,LEN(TRUNC(B38,0))-LEN(TRUNC(B39,0))))*POWER(10,LEN(TRUNC(B39,0)))+B39-B38,B39-B38-VALUE(LEFT(B39,LEN(TRUNC(B39,0))-LEN(TRUNC(B38,0))))*POWER(10,LEN(TRUNC(B38,0)))))) -> 0.0146 | D39: =IF(C39="","",C39*$D$15) -> 525.6 | F39: 1874.1474 | G39: =F39-F38 -> 0.013 | H39: =IF(G39="","",G39*$H$15) -> 468 | I39: =IF(H39="","",IF(D39="","",IF(AND(H39=0,D39=0),0,H39/D39))) -> 0.89041096 | K39: 6.279911
A40: 22-00 | B40: 3351.8034 | C40: =IF(B40="","",IF(LEN(TRUNC(B39,0))-LEN(TRUNC(B40,0))=0,B40-B39,IF(LEN(TRUNC(B39,0))-LEN(TRUNC(B40,0))>0,VALUE(LEFT(B39,LEN(TRUNC(B39,0))-LEN(TRUNC(B40,0))))*POWER(10,LEN(TRUNC(B40,0)))+B40-B39,B40-B39-VALUE(LEFT(B40,LEN(TRUNC(B40,0))-LEN(TRUNC(B39,0))))*POWER(10,LEN(TRUNC(B39,0)))))) -> 0.0147 | D40: =IF(C40="","",C40*$D$15) -> 529.2 | F40: 1874.1603 | G40: =F40-F39 -> 0.0129 | H40: =IF(G40="","",G40*$H$15) -> 464.4 | I40: =IF(H40="","",IF(D40="","",IF(AND(H40=0,D40=0),0,H40/D40))) -> 0.87755102 | K40: 6.245898 | M40: III. Синхронные электродвигатели напряжением до 1000 В
A41: 23-00 | B41: 3351.8185 | C41: =IF(B41="","",IF(LEN(TRUNC(B40,0))-LEN(TRUNC(B41,0))=0,B41-B40,IF(LEN(TRUNC(B40,0))-LEN(TRUNC(B41,0))>0,VALUE(LEFT(B40,LEN(TRUNC(B40,0))-LEN(TRUNC(B41,0))))*POWER(10,LEN(TRUNC(B41,0)))+B41-B40,B41-B40-VALUE(LEFT(B41,LEN(TRUNC(B41,0))-LEN(TRUNC(B40,0))))*POWER(10,LEN(TRUNC(B40,0)))))) -> 0.0151 | D41: =IF(C41="","",C41*$D$15) -> 543.6 | F41: 1874.1732 | G41: =F41-F40 -> 0.0129 | H41: =IF(G41="","",G41*$H$15) -> 464.4 | I41: =IF(H41="","",IF(D41="","",IF(AND(H41=0,D41=0),0,H41/D41))) -> 0.85430464 | K41: 6.230221 | M41: №№ | N41: Место | P41: Номинальная | S41: № п-п | T41: Место установки | X41: Номинальная
A42: 24-00 | B42: 3351.8332 | C42: =IF(B42="","",IF(LEN(TRUNC(B41,0))-LEN(TRUNC(B42,0))=0,B42-B41,IF(LEN(TRUNC(B41,0))-LEN(TRUNC(B42,0))>0,VALUE(LEFT(B41,LEN(TRUNC(B41,0))-LEN(TRUNC(B42,0))))*POWER(10,LEN(TRUNC(B42,0)))+B42-B41,B42-B41-VALUE(LEFT(B42,LEN(TRUNC(B42,0))-LEN(TRUNC(B41,0))))*POWER(10,LEN(TRUNC(B41,0)))))) -> 0.0147 | D42: =IF(C42="","",C42*$D$15) -> 529.2 | F42: 1874.1864 | G42: =F42-F41 -> 0.0132 | H42: =IF(G42="","",G42*$H$15) -> 475.2 | I42: =IF(H42="","",IF(D42="","",IF(AND(H42=0,D42=0),0,H42/D42))) -> 0.89795918 | K42: 6.269001
A43: Суточн. расход эл. энергии | D43: =SUM(D18:D42) -> 13273.2 | H43: =SUM(H18:H42) -> 11440.8 | I43: =IF(AND(H43=0,D43=0),0,H43/D43) -> 0.86194738 | M43: п/п | N43: установки | P43: мощность кВт | X43: мощность кВт
A44: Контрольная сумма
A46: Запись показаний счетчиков производили: | G46: Расчеты произвел:
A47: 1. | D47: ___________________
A48: фамилия | D48: (подпись)
A49: 2. | D49: ___________________ | H49: Каргина Т.В. | K49: _______________ | N49: Главный энергетик | Q49: _________________________ И.Н. Чернышов
A50: фамилия | D50: (подпись) | H50: фамилия | K50: (подпись) | S50: (подпись)
A51: 3. | D51: ___________________
A52: фамилия | D52: (подпись)

Sheet Ячейка 37
A1: ОАО "Пластик" | G1: Шифр | M1: I. Сведения о присоединенных трансформаторах и высоковольтных электродвигателях
A2: (наименование предприятия) | M2: 1. Трансформаторы
A3: г. Узловая, Тульская, 1 | G3: Питающий центр | I3: П/ст №214 (ГПП-2) | M3: №№ | N3: Место установки | P3: Мощность | R3: Номинальн. | T3: Включен. | V3: Назначение | X3: Примечание
A4: (адрес) | R4: напряжение | T4: на ответвление | V4: тр-ра
G5: № фидера | I5: яч 37 тр-р №2 | M5: п/п | P5: ква | R5: ________ кВ | T5: ________ кВ | V5: силов. освет.
A6: (министерство, ведомство) | V6: печной
A8: ПРОТОКОЛ (первичный)
A9: записей показания электросчетчиков и вольтметров, а также определение
A10: нагрузок и тангенса "фи" за | E10: 21 июня | H10: 2017года
A11: напряжения | E11: __________6000__________ | I11: вольт
A13: Время записи часы | B13: Активн. сч-к тип | D13: СЭТ-4ТМ.03 | F13: Реактивн. сч-к тип | H13: СЭТ-4ТМ.03 | I13: Тангенс "фи" | J13: Показание | L13: Мощность
B14: ____________л__ | D14: №0103061231 | F14: ____________л__ | H14: №0103061231 | J14: вольтметр. | L14: включен.
B15: Расчетн. коэф | D15: 36000 | F15: Расчетн. коэф | H15: 36000 | J15: на стороне | L15: компенсир.
B16: показ. | C16: разность | D16: расход за | F16: показ. | G16: разность | H16: расход за | J16: в\н | K16: н\н | L16: устройств
B17: сч-ка | C17: показ. | D17: час (кВт) | F17: сч-ка | G17: показ. | H17: час (кВт) | L17: кВар | M17: 2. Высоковольтные электродвигатели
A18: 0-00 | B18: 3805.0608 | F18: 2499.9997 | M18: №№ | N18: Место | Q18: Тип | T18: Номинальная | W18: Примечание
A19: 1-00 | B19: 3805.1123 | C19: =IF(B19="","",IF(LEN(TRUNC(B18,0))-LEN(TRUNC(B19,0))=0,B19-B18,IF(LEN(TRUNC(B18,0))-LEN(TRUNC(B19,0))>0,VALUE(LEFT(B18,LEN(TRUNC(B18,0))-LEN(TRUNC(B19,0))))*POWER(10,LEN(TRUNC(B19,0)))+B19-B18,B19-B18-VALUE(LEFT(B19,LEN(TRUNC(B19,0))-LEN(TRUNC(B18,0))))*POWER(10,LEN(TRUNC(B18,0)))))) -> 0.0515 | D19: =IF(C19="","",C19*$D$15) -> 1854 | F19: 2500.0406 | G19: =F19-ReportObject12_3 -> 0.0409 | H19: =IF(G19="","",G19*$H$15) -> 1472.4 | I19: =IF(H19="","",IF(D19="","",IF(AND(H19=0,D19=0),0,H19/D19))) -> 0.79417476 | K19: 6.104735 | Q19: (синхронный,
A20: 2-00 | B20: 3805.1634 | C20: =IF(B20="","",IF(LEN(TRUNC(B19,0))-LEN(TRUNC(B20,0))=0,B20-B19,IF(LEN(TRUNC(B19,0))-LEN(TRUNC(B20,0))>0,VALUE(LEFT(B19,LEN(TRUNC(B19,0))-LEN(TRUNC(B20,0))))*POWER(10,LEN(TRUNC(B20,0)))+B20-B19,B20-B19-VALUE(LEFT(B20,LEN(TRUNC(B20,0))-LEN(TRUNC(B19,0))))*POWER(10,LEN(TRUNC(B19,0)))))) -> 0.0511 | D20: =IF(C20="","",C20*$D$15) -> 1839.6 | F20: 2500.0818 | G20: =F20-F19 -> 0.0412 | H20: =IF(G20="","",G20*$H$15) -> 1483.2 | I20: =IF(H20="","",IF(D20="","",IF(AND(H20=0,D20=0),0,H20/D20))) -> 0.80626223 | K20: 6.32931 | M20: п/п | N20: установки | Q20: асинхронный) | T20: мощность кВт
A21: 3-00 | B21: 3805.2141 | C21: =IF(B21="","",IF(LEN(TRUNC(B20,0))-LEN(TRUNC(B21,0))=0,B21-B20,IF(LEN(TRUNC(B20,0))-LEN(TRUNC(B21,0))>0,VALUE(LEFT(B20,LEN(TRUNC(B20,0))-LEN(TRUNC(B21,0))))*POWER(10,LEN(TRUNC(B21,0)))+B21-B20,B21-B20-VALUE(LEFT(B21,LEN(TRUNC(B21,0))-LEN(TRUNC(B20,0))))*POWER(10,LEN(TRUNC(B20,0)))))) -> 0.0507 | D21: =IF(C21="","",C21*$D$15) -> 1825.2 | F21: 2500.123 | G21: =F21-F20 -> 0.0412 | H21: =IF(G21="","",G21*$H$15) -> 1483.2 | I21: =IF(H21="","",IF(D21="","",IF(AND(H21=0,D21=0),0,H21/D21))) -> 0.81262327 | K21: 6.209636
A22: 4-00 | B22: 3805.2644 | C22: =IF(B22="","",IF(LEN(TRUNC(B21,0))-LEN(TRUNC(B22,0))=0,B22-B21,IF(LEN(TRUNC(B21,0))-LEN(TRUNC(B22,0))>0,VALUE(LEFT(B21,LEN(TRUNC(B21,0))-LEN(TRUNC(B22,0))))*POWER(10,LEN(TRUNC(B22,0)))+B22-B21,B22-B21-VALUE(LEFT(B22,LEN(TRUNC(B22,0))-LEN(TRUNC(B21,0))))*POWER(10,LEN(TRUNC(B21,0)))))) -> 0.0503 | D22: =IF(C22="","",C22*$D$15) -> 1810.8 | F22: 2500.1644 | G22: =F22-F21 -> 0.0414 | H22: =IF(G22="","",G22*$H$15) -> 1490.4 | I22: =IF(H22="","",IF(D22="","",IF(AND(H22=0,D22=0),0,H22/D22))) -> 0.82306163 | K22: 6.359686
A23: 5-00 | B23: 3805.3145 | C23: =IF(B23="","",IF(LEN(TRUNC(B22,0))-LEN(TRUNC(B23,0))=0,B23-B22,IF(LEN(TRUNC(B22,0))-LEN(TRUNC(B23,0))>0,VALUE(LEFT(B22,LEN(TRUNC(B22,0))-LEN(TRUNC(B23,0))))*POWER(10,LEN(TRUNC(B23,0)))+B23-B22,B23-B22-VALUE(LEFT(B23,LEN(TRUNC(B23,0))-LEN(TRUNC(B22,0))))*POWER(10,LEN(TRUNC(B22,0)))))) -> 0.0501 | D23: =IF(C23="","",C23*$D$15) -> 1803.6 | F23: 2500.206 | G23: =F23-F22 -> 0.0416 | H23: =IF(G23="","",G23*$H$15) -> 1497.6 | I23: =IF(H23="","",IF(D23="","",IF(AND(H23=0,D23=0),0,H23/D23))) -> 0.83033932 | K23: 6.374551
A24: 6-00 | B24: 3805.3645 | C24: =IF(B24="","",IF(LEN(TRUNC(B23,0))-LEN(TRUNC(B24,0))=0,B24-B23,IF(LEN(TRUNC(B23,0))-LEN(TRUNC(B24,0))>0,VALUE(LEFT(B23,LEN(TRUNC(B23,0))-LEN(TRUNC(B24,0))))*POWER(10,LEN(TRUNC(B24,0)))+B24-B23,B24-B23-VALUE(LEFT(B24,LEN(TRUNC(B24,0))-LEN(TRUNC(B23,0))))*POWER(10,LEN(TRUNC(B23,0)))))) -> 0.05 | D24: =IF(C24="","",C24*$D$15) -> 1800 | F24: 2500.2476 | G24: =F24-F23 -> 0.0416 | H24: =IF(G24="","",G24*$H$15) -> 1497.6 | I24: =IF(H24="","",IF(D24="","",IF(AND(H24=0,D24=0),0,H24/D24))) -> 0.832 | K24: 6.38005
A25: 7-00 | B25: 3805.4146 | C25: =IF(B25="","",IF(LEN(TRUNC(B24,0))-LEN(TRUNC(B25,0))=0,B25-B24,IF(LEN(TRUNC(B24,0))-LEN(TRUNC(B25,0))>0,VALUE(LEFT(B24,LEN(TRUNC(B24,0))-LEN(TRUNC(B25,0))))*POWER(10,LEN(TRUNC(B25,0)))+B25-B24,B25-B24-VALUE(LEFT(B25,LEN(TRUNC(B25,0))-LEN(TRUNC(B24,0))))*POWER(10,LEN(TRUNC(B24,0)))))) -> 0.0501 | D25: =IF(C25="","",C25*$D$15) -> 1803.6 | F25: 2500.2885 | G25: =F25-F24 -> 0.0409 | H25: =IF(G25="","",G25*$H$15) -> 1472.4 | I25: =IF(H25="","",IF(D25="","",IF(AND(H25=0,D25=0),0,H25/D25))) -> 0.81636727 | K25: 6.206387
A26: 8-00 | B26: 3805.4657 | C26: =IF(B26="","",IF(LEN(TRUNC(B25,0))-LEN(TRUNC(B26,0))=0,B26-B25,IF(LEN(TRUNC(B25,0))-LEN(TRUNC(B26,0))>0,VALUE(LEFT(B25,LEN(TRUNC(B25,0))-LEN(TRUNC(B26,0))))*POWER(10,LEN(TRUNC(B26,0)))+B26-B25,B26-B25-VALUE(LEFT(B26,LEN(TRUNC(B26,0))-LEN(TRUNC(B25,0))))*POWER(10,LEN(TRUNC(B25,0)))))) -> 0.0511 | D26: =IF(C26="","",C26*$D$15) -> 1839.6 | F26: 2500.3274 | G26: =F26-F25 -> 0.0389 | H26: =IF(G26="","",G26*$H$15) -> 1400.4 | I26: =IF(H26="","",IF(D26="","",IF(AND(H26=0,D26=0),0,H26/D26))) -> 0.76125245 | K26: 6.268178
A27: 9-00 | B27: 3805.5147 | C27: =IF(B27="","",IF(LEN(TRUNC(B26,0))-LEN(TRUNC(B27,0))=0,B27-B26,IF(LEN(TRUNC(B26,0))-LEN(TRUNC(B27,0))>0,VALUE(LEFT(B26,LEN(TRUNC(B26,0))-LEN(TRUNC(B27,0))))*POWER(10,LEN(TRUNC(B27,0)))+B27-B26,B27-B26-VALUE(LEFT(B27,LEN(TRUNC(B27,0))-LEN(TRUNC(B26,0))))*POWER(10,LEN(TRUNC(B26,0)))))) -> 0.049 | D27: =IF(C27="","",C27*$D$15) -> 1764 | F27: 2500.364 | G27: =F27-F26 -> 0.0366 | H27: =IF(G27="","",G27*$H$15) -> 1317.6 | I27: =IF(H27="","",IF(D27="","",IF(AND(H27=0,D27=0),0,H27/D27))) -> 0.74693878 | K27: 6.147877
A28: 10-00 | B28: 3805.5639 | C28: =IF(B28="","",IF(LEN(TRUNC(B27,0))-LEN(TRUNC(B28,0))=0,B28-B27,IF(LEN(TRUNC(B27,0))-LEN(TRUNC(B28,0))>0,VALUE(LEFT(B27,LEN(TRUNC(B27,0))-LEN(TRUNC(B28,0))))*POWER(10,LEN(TRUNC(B28,0)))+B28-B27,B28-B27-VALUE(LEFT(B28,LEN(TRUNC(B28,0))-LEN(TRUNC(B27,0))))*POWER(10,LEN(TRUNC(B27,0)))))) -> 0.0492 | D28: =IF(C28="","",C28*$D$15) -> 1771.2 | F28: 2500.3999 | G28: =F28-F27 -> 0.0359 | H28: =IF(G28="","",G28*$H$15) -> 1292.4 | I28: =IF(H28="","",IF(D28="","",IF(AND(H28=0,D28=0),0,H28/D28))) -> 0.7296748 | K28: 6.092485
A29: 11-00 | B29: 3805.6132 | C29: =IF(B29="","",IF(LEN(TRUNC(B28,0))-LEN(TRUNC(B29,0))=0,B29-B28,IF(LEN(TRUNC(B28,0))-LEN(TRUNC(B29,0))>0,VALUE(LEFT(B28,LEN(TRUNC(B28,0))-LEN(TRUNC(B29,0))))*POWER(10,LEN(TRUNC(B29,0)))+B29-B28,B29-B28-VALUE(LEFT(B29,LEN(TRUNC(B29,0))-LEN(TRUNC(B28,0))))*POWER(10,LEN(TRUNC(B28,0)))))) -> 0.0493 | D29: =IF(C29="","",C29*$D$15) -> 1774.8 | F29: 2500.4373 | G29: =F29-F28 -> 0.0374 | H29: =IF(G29="","",G29*$H$15) -> 1346.4 | I29: =IF(H29="","",IF(D29="","",IF(AND(H29=0,D29=0),0,H29/D29))) -> 0.75862069 | K29: 6.074206 | M29: Указать отдельно рабочие и запломбированные трансформаторы и высоковольтные электродвигатели
A30: 12-00 | B30: 3805.6623 | C30: =IF(B30="","",IF(LEN(TRUNC(B29,0))-LEN(TRUNC(B30,0))=0,B30-B29,IF(LEN(TRUNC(B29,0))-LEN(TRUNC(B30,0))>0,VALUE(LEFT(B29,LEN(TRUNC(B29,0))-LEN(TRUNC(B30,0))))*POWER(10,LEN(TRUNC(B30,0)))+B30-B29,B30-B29-VALUE(LEFT(B30,LEN(TRUNC(B30,0))-LEN(TRUNC(B29,0))))*POWER(10,LEN(TRUNC(B29,0)))))) -> 0.0491 | D30: =IF(C30="","",C30*$D$15) -> 1767.6 | F30: 2500.4745 | G30: =F30-F29 -> 0.0372 | H30: =IF(G30="","",G30*$H$15) -> 1339.2 | I30: =IF(H30="","",IF(D30="","",IF(AND(H30=0,D30=0),0,H30/D30))) -> 0.75763747 | K30: 6.095163 | M30: II. Статконденсаторы всех напряжений
A31: 13-00 | B31: 3805.7116 | C31: =IF(B31="","",IF(LEN(TRUNC(B30,0))-LEN(TRUNC(B31,0))=0,B31-B30,IF(LEN(TRUNC(B30,0))-LEN(TRUNC(B31,0))>0,VALUE(LEFT(B30,LEN(TRUNC(B30,0))-LEN(TRUNC(B31,0))))*POWER(10,LEN(TRUNC(B31,0)))+B31-B30,B31-B30-VALUE(LEFT(B31,LEN(TRUNC(B31,0))-LEN(TRUNC(B30,0))))*POWER(10,LEN(TRUNC(B30,0)))))) -> 0.0493 | D31: =IF(C31="","",C31*$D$15) -> 1774.8 | F31: 2500.512 | G31: =F31-F30 -> 0.0375 | H31: =IF(G31="","",G31*$H$15) -> 1350 | I31: =IF(H31="","",IF(D31="","",IF(AND(H31=0,D31=0),0,H31/D31))) -> 0.76064909 | K31: 6.12406 | M31: №№ | N31: Место | P31: Номинальное | R31: Номинальная | T31: В т.ч. с | V31: Время включения | Y31: Примечание
A32: 14-00 | B32: 3805.761 | C32: =IF(B32="","",IF(LEN(TRUNC(B31,0))-LEN(TRUNC(B32,0))=0,B32-B31,IF(LEN(TRUNC(B31,0))-LEN(TRUNC(B32,0))>0,VALUE(LEFT(B31,LEN(TRUNC(B31,0))-LEN(TRUNC(B32,0))))*POWER(10,LEN(TRUNC(B32,0)))+B32-B31,B32-B31-VALUE(LEFT(B32,LEN(TRUNC(B32,0))-LEN(TRUNC(B31,0))))*POWER(10,LEN(TRUNC(B31,0)))))) -> 0.0494 | D32: =IF(C32="","",C32*$D$15) -> 1778.4 | F32: 2500.5494 | G32: =F32-F31 -> 0.0374 | H32: =IF(G32="","",G32*$H$15) -> 1346.4 | I32: =IF(H32="","",IF(D32="","",IF(AND(H32=0,D32=0),0,H32/D32))) -> 0.75708502 | K32: 6.082033 | P32: напряжение | R32: мощность | T32: авторегулир. | V32: и отключения
A33: 15-00 | B33: 3805.8096 | C33: =IF(B33="","",IF(LEN(TRUNC(B32,0))-LEN(TRUNC(B33,0))=0,B33-B32,IF(LEN(TRUNC(B32,0))-LEN(TRUNC(B33,0))>0,VALUE(LEFT(B32,LEN(TRUNC(B32,0))-LEN(TRUNC(B33,0))))*POWER(10,LEN(TRUNC(B33,0)))+B33-B32,B33-B32-VALUE(LEFT(B33,LEN(TRUNC(B33,0))-LEN(TRUNC(B32,0))))*POWER(10,LEN(TRUNC(B32,0)))))) -> 0.0486 | D33: =IF(C33="","",C33*$D$15) -> 1749.6 | F33: 2500.584 | G33: =F33-F32 -> 0.0346 | H33: =IF(G33="","",G33*$H$15) -> 1245.6 | I33: =IF(H33="","",IF(D33="","",IF(AND(H33=0,D33=0),0,H33/D33))) -> 0.71193416 | K33: 6.077966 | M33: п/п | N33: установки | P33: кВ | R33: кВар | T33: кВар | V33: установки за сутки
A34: 16-00 | B34: 3805.8598 | C34: =IF(B34="","",IF(LEN(TRUNC(B33,0))-LEN(TRUNC(B34,0))=0,B34-B33,IF(LEN(TRUNC(B33,0))-LEN(TRUNC(B34,0))>0,VALUE(LEFT(B33,LEN(TRUNC(B33,0))-LEN(TRUNC(B34,0))))*POWER(10,LEN(TRUNC(B34,0)))+B34-B33,B34-B33-VALUE(LEFT(B34,LEN(TRUNC(B34,0))-LEN(TRUNC(B33,0))))*POWER(10,LEN(TRUNC(B33,0)))))) -> 0.0502 | D34: =IF(C34="","",C34*$D$15) -> 1807.2 | F34: 2500.6192 | G34: =F34-F33 -> 0.0352 | H34: =IF(G34="","",G34*$H$15) -> 1267.2 | I34: =IF(H34="","",IF(D34="","",IF(AND(H34=0,D34=0),0,H34/D34))) -> 0.70119522 | K34: 6.098636
A35: 17-00 | B35: 3805.9106 | C35: =IF(B35="","",IF(LEN(TRUNC(B34,0))-LEN(TRUNC(B35,0))=0,B35-B34,IF(LEN(TRUNC(B34,0))-LEN(TRUNC(B35,0))>0,VALUE(LEFT(B34,LEN(TRUNC(B34,0))-LEN(TRUNC(B35,0))))*POWER(10,LEN(TRUNC(B35,0)))+B35-B34,B35-B34-VALUE(LEFT(B35,LEN(TRUNC(B35,0))-LEN(TRUNC(B34,0))))*POWER(10,LEN(TRUNC(B34,0)))))) -> 0.0508 | D35: =IF(C35="","",C35*$D$15) -> 1828.8 | F35: 2500.655 | G35: =F35-F34 -> 0.0358 | H35: =IF(G35="","",G35*$H$15) -> 1288.8 | I35: =IF(H35="","",IF(D35="","",IF(AND(H35=0,D35=0),0,H35/D35))) -> 0.70472441 | K35: 6.082679 | N35: КТП-27,28, | P35: 0.4 | R35: 590
A36: 18-00 | B36: 3805.9587 | C36: =IF(B36="","",IF(LEN(TRUNC(B35,0))-LEN(TRUNC(B36,0))=0,B36-B35,IF(LEN(TRUNC(B35,0))-LEN(TRUNC(B36,0))>0,VALUE(LEFT(B35,LEN(TRUNC(B35,0))-LEN(TRUNC(B36,0))))*POWER(10,LEN(TRUNC(B36,0)))+B36-B35,B36-B35-VALUE(LEFT(B36,LEN(TRUNC(B36,0))-LEN(TRUNC(B35,0))))*POWER(10,LEN(TRUNC(B35,0)))))) -> 0.0481 | D36: =IF(C36="","",C36*$D$15) -> 1731.6 | F36: 2500.6907 | G36: =F36-F35 -> 0.0357 | H36: =IF(G36="","",G36*$H$15) -> 1285.2 | I36: =IF(H36="","",IF(D36="","",IF(AND(H36=0,D36=0),0,H36/D36))) -> 0.74220374 | K36: 6.160443 | N36: 7,8,9,10
A37: 19-00 | B37: 3806.0083 | C37: =IF(B37="","",IF(LEN(TRUNC(B36,0))-LEN(TRUNC(B37,0))=0,B37-B36,IF(LEN(TRUNC(B36,0))-LEN(TRUNC(B37,0))>0,VALUE(LEFT(B36,LEN(TRUNC(B36,0))-LEN(TRUNC(B37,0))))*POWER(10,LEN(TRUNC(B37,0)))+B37-B36,B37-B36-VALUE(LEFT(B37,LEN(TRUNC(B37,0))-LEN(TRUNC(B36,0))))*POWER(10,LEN(TRUNC(B36,0)))))) -> 0.0496 | D37: =IF(C37="","",C37*$D$15) -> 1785.6 | F37: 2500.7267 | G37: =F37-F36 -> 0.036 | H37: =IF(G37="","",G37*$H$15) -> 1296 | I37: =IF(H37="","",IF(D37="","",IF(AND(H37=0,D37=0),0,H37/D37))) -> 0.72580645 | K37: 5.94763
A38: 20-00 | B38: 3806.0587 | C38: =IF(B38="","",IF(LEN(TRUNC(B37,0))-LEN(TRUNC(B38,0))=0,B38-B37,IF(LEN(TRUNC(B37,0))-LEN(TRUNC(B38,0))>0,VALUE(LEFT(B37,LEN(TRUNC(B37,0))-LEN(TRUNC(B38,0))))*POWER(10,LEN(TRUNC(B38,0)))+B38-B37,B38-B37-VALUE(LEFT(B38,LEN(TRUNC(B38,0))-LEN(TRUNC(B37,0))))*POWER(10,LEN(TRUNC(B37,0)))))) -> 0.0504 | D38: =IF(C38="","",C38*$D$15) -> 1814.4 | F38: 2500.7626 | G38: =F38-F37 -> 0.0359 | H38: =IF(G38="","",G38*$H$15) -> 1292.4 | I38: =IF(H38="","",IF(D38="","",IF(AND(H38=0,D38=0),0,H38/D38))) -> 0.71230159 | K38: 6.230711
A39: 21-00 | B39: 3806.1063 | C39: =IF(B39="","",IF(LEN(TRUNC(B38,0))-LEN(TRUNC(B39,0))=0,B39-B38,IF(LEN(TRUNC(B38,0))-LEN(TRUNC(B39,0))>0,VALUE(LEFT(B38,LEN(TRUNC(B38,0))-LEN(TRUNC(B39,0))))*POWER(10,LEN(TRUNC(B39,0)))+B39-B38,B39-B38-VALUE(LEFT(B39,LEN(TRUNC(B39,0))-LEN(TRUNC(B38,0))))*POWER(10,LEN(TRUNC(B38,0)))))) -> 0.0476 | D39: =IF(C39="","",C39*$D$15) -> 1713.6 | F39: 2500.7985 | G39: =F39-F38 -> 0.0359 | H39: =IF(G39="","",G39*$H$15) -> 1292.4 | I39: =IF(H39="","",IF(D39="","",IF(AND(H39=0,D39=0),0,H39/D39))) -> 0.75420168 | K39: 6.241678
A40: 22-00 | B40: 3806.1536 | C40: =IF(B40="","",IF(LEN(TRUNC(B39,0))-LEN(TRUNC(B40,0))=0,B40-B39,IF(LEN(TRUNC(B39,0))-LEN(TRUNC(B40,0))>0,VALUE(LEFT(B39,LEN(TRUNC(B39,0))-LEN(TRUNC(B40,0))))*POWER(10,LEN(TRUNC(B40,0)))+B40-B39,B40-B39-VALUE(LEFT(B40,LEN(TRUNC(B40,0))-LEN(TRUNC(B39,0))))*POWER(10,LEN(TRUNC(B39,0)))))) -> 0.0473 | D40: =IF(C40="","",C40*$D$15) -> 1702.8 | F40: 2500.8341 | G40: =F40-F39 -> 0.0356 | H40: =IF(G40="","",G40*$H$15) -> 1281.6 | I40: =IF(H40="","",IF(D40="","",IF(AND(H40=0,D40=0),0,H40/D40))) -> 0.75264271 | K40: 6.208564 | M40: III. Синхронные электродвигатели напряжением до 1000 В
A41: 23-00 | B41: 3806.2016 | C41: =IF(B41="","",IF(LEN(TRUNC(B40,0))-LEN(TRUNC(B41,0))=0,B41-B40,IF(LEN(TRUNC(B40,0))-LEN(TRUNC(B41,0))>0,VALUE(LEFT(B40,LEN(TRUNC(B40,0))-LEN(TRUNC(B41,0))))*POWER(10,LEN(TRUNC(B41,0)))+B41-B40,B41-B40-VALUE(LEFT(B41,LEN(TRUNC(B41,0))-LEN(TRUNC(B40,0))))*POWER(10,LEN(TRUNC(B40,0)))))) -> 0.048 | D41: =IF(C41="","",C41*$D$15) -> 1728 | F41: 2500.87 | G41: =F41-F40 -> 0.0359 | H41: =IF(G41="","",G41*$H$15) -> 1292.4 | I41: =IF(H41="","",IF(D41="","",IF(AND(H41=0,D41=0),0,H41/D41))) -> 0.74791667 | K41: 6.192289 | M41: №№ | N41: Место | P41: Номинальная | S41: № п-п | T41: Место установки | X41: Номинальная
A42: 24-00 | B42: 3806.2504 | C42: =IF(B42="","",IF(LEN(TRUNC(B41,0))-LEN(TRUNC(B42,0))=0,B42-B41,IF(LEN(TRUNC(B41,0))-LEN(TRUNC(B42,0))>0,VALUE(LEFT(B41,LEN(TRUNC(B41,0))-LEN(TRUNC(B42,0))))*POWER(10,LEN(TRUNC(B42,0)))+B42-B41,B42-B41-VALUE(LEFT(B42,LEN(TRUNC(B42,0))-LEN(TRUNC(B41,0))))*POWER(10,LEN(TRUNC(B41,0)))))) -> 0.0488 | D42: =IF(C42="","",C42*$D$15) -> 1756.8 | F42: 2500.9071 | G42: =F42-F41 -> 0.0371 | H42: =IF(G42="","",G42*$H$15) -> 1335.6 | I42: =IF(H42="","",IF(D42="","",IF(AND(H42=0,D42=0),0,H42/D42))) -> 0.7602459 | K42: 6.230084
A43: Суточн. расход эл. энергии | D43: =SUM(D18:D42) -> 42825.6 | H43: =SUM(H18:H42) -> 32666.4 | I43: =IF(AND(H43=0,D43=0),0,H43/D43) -> 0.7627774 | M43: п/п | N43: установки | P43: мощность кВт | X43: мощность кВт
A44: Контрольная сумма
A46: Запись показаний счетчиков производили: | G46: Расчеты произвел:
A47: 1. | D47: ___________________
A48: фамилия | D48: (подпись)
A49: 2. | D49: ___________________ | H49: Каргина Т.В. | K49: _______________ | N49: Главный энергетик | Q49: _________________________ И.Н. Чернышов
A50: фамилия | D50: (подпись) | H50: фамилия | K50: (подпись) | S50: (подпись)
A51: 3. | D51: ___________________
A52: фамилия | D52: (подпись)

Sheet Ячейка 10
A1: ОАО "Пластик" | G1: Шифр | M1: I. Сведения о присоединенных трансформаторах и высоковольтных электродвигателях
A2: (наименование предприятия) | M2: 1. Трансформаторы
A3: г. Узловая, Тульская, 1 | G3: Питающий центр | I3: П/ст №214 (ГПП-2) | M3: №№ | N3: Место установки | P3: Мощность | R3: Номинальн. | T3: Включен. | V3: Назначение | X3: Примечание
A4: (адрес) | R4: напряжение | T4: на ответвление | V4: тр-ра
G5: № фидера | I5: яч 10 Воейково-3 | M5: п/п | P5: ква | R5: ________ кВ | T5: ________ кВ | V5: силов. освет.
A6: (министерство, ведомство) | V6: печной
A8: ПРОТОКОЛ (первичный)
A9: записей показания электросчетчиков и вольтметров, а также определение
A10: нагрузок и тангенса "фи" за | E10: 21 июня | H10: 2017года
A11: напряжения | E11: ______6000______________ | I11: вольт
A13: Время записи часы | B13: Активн. сч-к тип | D13: СЭТ-4ТМ.03 | F13: Реактивн. сч-к тип | H13: СЭТ-4ТМ.03 | I13: Тангенс "фи" | J13: Показание | L13: Мощность
B14: ____________л__ | D14: № 0103061226 | F14: ____________л__ | H14: № 0103061226 | J14: вольтметр. | L14: включен.
B15: Расчетн. коэф | D15: 7200 | F15: Расчетн. коэф | H15: 7200 | J15: на стороне | L15: компенсир.
B16: показ. | C16: разность | D16: расход за | F16: показ. | G16: разность | H16: расход за | J16: в\н | K16: н\н | L16: устройств
B17: сч-ка | C17: показ. | D17: час (кВт) | F17: сч-ка | G17: показ. | H17: час (кВт) | L17: кВар | M17: 2. Высоковольтные электродвигатели
A18: 0-00 | B18: 11247.484 | F18: 6232.3777 | M18: №№ | N18: Место | Q18: Тип | T18: Номинальная | W18: Примечание
A19: 1-00 | B19: 11247.563 | C19: =B19-B18 -> 0.0787 | D19: =IF(C19="","",C19*$D$15) -> 566.64 | F19: 6232.4184 | G19: =F19-ReportObject13_3 -> 0.0407 | H19: =IF(G19="","",G19*$H$15) -> 293.04 | I19: =IF(H19="","",IF(D19="","",IF(AND(H19=0,D19=0),0,H19/D19))) -> 0.51715375 | K19: 6.334537 | Q19: (синхронный,
A20: 2-00 | B20: 11247.64 | C20: =IF(B20="","",IF(LEN(TRUNC(B19,0))-LEN(TRUNC(B20,0))=0,B20-B19,IF(LEN(TRUNC(B19,0))-LEN(TRUNC(B20,0))>0,VALUE(LEFT(B19,LEN(TRUNC(B19,0))-LEN(TRUNC(B20,0))))*POWER(10,LEN(TRUNC(B20,0)))+B20-B19,B20-B19-VALUE(LEFT(B20,LEN(TRUNC(B20,0))-LEN(TRUNC(B19,0))))*POWER(10,LEN(TRUNC(B19,0)))))) -> 0.0766 | D20: =IF(C20="","",C20*$D$15) -> 551.52 | F20: 6232.4603 | G20: =F20-F19 -> 0.0419 | H20: =IF(G20="","",G20*$H$15) -> 301.68 | I20: =IF(H20="","",IF(D20="","",IF(AND(H20=0,D20=0),0,H20/D20))) -> 0.54699739 | K20: 6.226079 | M20: п/п | N20: установки | Q20: асинхронный) | T20: мощность кВт
A21: 3-00 | B21: 11247.713 | C21: =IF(B21="","",IF(LEN(TRUNC(B20,0))-LEN(TRUNC(B21,0))=0,B21-B20,IF(LEN(TRUNC(B20,0))-LEN(TRUNC(B21,0))>0,VALUE(LEFT(B20,LEN(TRUNC(B20,0))-LEN(TRUNC(B21,0))))*POWER(10,LEN(TRUNC(B21,0)))+B21-B20,B21-B20-VALUE(LEFT(B21,LEN(TRUNC(B21,0))-LEN(TRUNC(B20,0))))*POWER(10,LEN(TRUNC(B20,0)))))) -> 0.0732 | D21: =IF(C21="","",C21*$D$15) -> 527.04 | F21: 6232.5008 | G21: =F21-F20 -> 0.0405 | H21: =IF(G21="","",G21*$H$15) -> 291.6 | I21: =IF(H21="","",IF(D21="","",IF(AND(H21=0,D21=0),0,H21/D21))) -> 0.55327869 | K21: 6.368813
A22: 4-00 | B22: 11247.788 | C22: =IF(B22="","",IF(LEN(TRUNC(B21,0))-LEN(TRUNC(B22,0))=0,B22-B21,IF(LEN(TRUNC(B21,0))-LEN(TRUNC(B22,0))>0,VALUE(LEFT(B21,LEN(TRUNC(B21,0))-LEN(TRUNC(B22,0))))*POWER(10,LEN(TRUNC(B22,0)))+B22-B21,B22-B21-VALUE(LEFT(B22,LEN(TRUNC(B22,0))-LEN(TRUNC(B21,0))))*POWER(10,LEN(TRUNC(B21,0)))))) -> 0.0754 | D22: =IF(C22="","",C22*$D$15) -> 542.88 | F22: 6232.5451 | G22: =F22-F21 -> 0.0443 | H22: =IF(G22="","",G22*$H$15) -> 318.96 | I22: =IF(H22="","",IF(D22="","",IF(AND(H22=0,D22=0),0,H22/D22))) -> 0.58753316 | K22: 6.251716
A23: 5-00 | B23: 11247.857 | C23: =IF(B23="","",IF(LEN(TRUNC(B22,0))-LEN(TRUNC(B23,0))=0,B23-B22,IF(LEN(TRUNC(B22,0))-LEN(TRUNC(B23,0))>0,VALUE(LEFT(B22,LEN(TRUNC(B22,0))-LEN(TRUNC(B23,0))))*POWER(10,LEN(TRUNC(B23,0)))+B23-B22,B23-B22-VALUE(LEFT(B23,LEN(TRUNC(B23,0))-LEN(TRUNC(B22,0))))*POWER(10,LEN(TRUNC(B22,0)))))) -> 0.0686 | D23: =IF(C23="","",C23*$D$15) -> 493.92 | F23: 6232.5859 | G23: =F23-F22 -> 0.0408 | H23: =IF(G23="","",G23*$H$15) -> 293.76 | I23: =IF(H23="","",IF(D23="","",IF(AND(H23=0,D23=0),0,H23/D23))) -> 0.59475219 | K23: 6.292734
A24: 6-00 | B24: 11247.915 | C24: =IF(B24="","",IF(LEN(TRUNC(B23,0))-LEN(TRUNC(B24,0))=0,B24-B23,IF(LEN(TRUNC(B23,0))-LEN(TRUNC(B24,0))>0,VALUE(LEFT(B23,LEN(TRUNC(B23,0))-LEN(TRUNC(B24,0))))*POWER(10,LEN(TRUNC(B24,0)))+B24-B23,B24-B23-VALUE(LEFT(B24,LEN(TRUNC(B24,0))-LEN(TRUNC(B23,0))))*POWER(10,LEN(TRUNC(B23,0)))))) -> 0.0578 | D24: =IF(C24="","",C24*$D$15) -> 416.16 | F24: 6232.6193 | G24: =F24-F23 -> 0.0334 | H24: =IF(G24="","",G24*$H$15) -> 240.48 | I24: =IF(H24="","",IF(D24="","",IF(AND(H24=0,D24=0),0,H24/D24))) -> 0.57785467 | K24: 6.423867
A25: 7-00 | B25: 11247.938 | C25: =IF(B25="","",IF(LEN(TRUNC(B24,0))-LEN(TRUNC(B25,0))=0,B25-B24,IF(LEN(TRUNC(B24,0))-LEN(TRUNC(B25,0))>0,VALUE(LEFT(B24,LEN(TRUNC(B24,0))-LEN(TRUNC(B25,0))))*POWER(10,LEN(TRUNC(B25,0)))+B25-B24,B25-B24-VALUE(LEFT(B25,LEN(TRUNC(B25,0))-LEN(TRUNC(B24,0))))*POWER(10,LEN(TRUNC(B24,0)))))) -> 0.0235 | D25: =IF(C25="","",C25*$D$15) -> 169.2 | F25: 6232.6289 | G25: =F25-F24 -> 0.0096 | H25: =IF(G25="","",G25*$H$15) -> 69.12 | I25: =IF(H25="","",IF(D25="","",IF(AND(H25=0,D25=0),0,H25/D25))) -> 0.40851064 | K25: 6.39531
A26: 8-00 | B26: 11247.949 | C26: =IF(B26="","",IF(LEN(TRUNC(B25,0))-LEN(TRUNC(B26,0))=0,B26-B25,IF(LEN(TRUNC(B25,0))-LEN(TRUNC(B26,0))>0,VALUE(LEFT(B25,LEN(TRUNC(B25,0))-LEN(TRUNC(B26,0))))*POWER(10,LEN(TRUNC(B26,0)))+B26-B25,B26-B25-VALUE(LEFT(B26,LEN(TRUNC(B26,0))-LEN(TRUNC(B25,0))))*POWER(10,LEN(TRUNC(B25,0)))))) -> 0.0107 | D26: =IF(C26="","",C26*$D$15) -> 77.04 | F26: 6232.6291 | G26: =F26-F25 -> 0.0002 | H26: =IF(G26="","",G26*$H$15) -> 1.44 | I26: =IF(H26="","",IF(D26="","",IF(AND(H26=0,D26=0),0,H26/D26))) -> 0.018691589 | K26: 6.32005
A27: 9-00 | B27: 11247.957 | C27: =IF(B27="","",IF(LEN(TRUNC(B26,0))-LEN(TRUNC(B27,0))=0,B27-B26,IF(LEN(TRUNC(B26,0))-LEN(TRUNC(B27,0))>0,VALUE(LEFT(B26,LEN(TRUNC(B26,0))-LEN(TRUNC(B27,0))))*POWER(10,LEN(TRUNC(B27,0)))+B27-B26,B27-B26-VALUE(LEFT(B27,LEN(TRUNC(B27,0))-LEN(TRUNC(B26,0))))*POWER(10,LEN(TRUNC(B26,0)))))) -> 0.0078 | D27: =IF(C27="","",C27*$D$15) -> 56.16 | F27: 6232.6291 | G27: =F27-F26 -> 0 | H27: =IF(G27="","",G27*$H$15) -> 0 | I27: =IF(H27="","",IF(D27="","",IF(AND(H27=0,D27=0),0,H27/D27))) -> 0 | K27: 6.197173
A28: 10-00 | B28: 11248.01 | C28: =IF(B28="","",IF(LEN(TRUNC(B27,0))-LEN(TRUNC(B28,0))=0,B28-B27,IF(LEN(TRUNC(B27,0))-LEN(TRUNC(B28,0))>0,VALUE(LEFT(B27,LEN(TRUNC(B27,0))-LEN(TRUNC(B28,0))))*POWER(10,LEN(TRUNC(B28,0)))+B28-B27,B28-B27-VALUE(LEFT(B28,LEN(TRUNC(B28,0))-LEN(TRUNC(B27,0))))*POWER(10,LEN(TRUNC(B27,0)))))) -> 0.0534 | D28: =IF(C28="","",C28*$D$15) -> 384.48 | F28: 6232.6467 | G28: =F28-F27 -> 0.0176 | H28: =IF(G28="","",G28*$H$15) -> 126.72 | I28: =IF(H28="","",IF(D28="","",IF(AND(H28=0,D28=0),0,H28/D28))) -> 0.32958801 | K28: 6.134232
A29: 11-00 | B29: 11248.075 | C29: =IF(B29="","",IF(LEN(TRUNC(B28,0))-LEN(TRUNC(B29,0))=0,B29-B28,IF(LEN(TRUNC(B28,0))-LEN(TRUNC(B29,0))>0,VALUE(LEFT(B28,LEN(TRUNC(B28,0))-LEN(TRUNC(B29,0))))*POWER(10,LEN(TRUNC(B29,0)))+B29-B28,B29-B28-VALUE(LEFT(B29,LEN(TRUNC(B29,0))-LEN(TRUNC(B28,0))))*POWER(10,LEN(TRUNC(B28,0)))))) -> 0.0651 | D29: =IF(C29="","",C29*$D$15) -> 468.72 | F29: 6232.6678 | G29: =F29-F28 -> 0.0211 | H29: =IF(G29="","",G29*$H$15) -> 151.92 | I29: =IF(H29="","",IF(D29="","",IF(AND(H29=0,D29=0),0,H29/D29))) -> 0.32411674 | K29: 6.11711 | M29: Указать отдельно рабочие и запломбированные трансформаторы и высоковольтные электродвигатели
A30: 12-00 | B30: 11248.146 | C30: =IF(B30="","",IF(LEN(TRUNC(B29,0))-LEN(TRUNC(B30,0))=0,B30-B29,IF(LEN(TRUNC(B29,0))-LEN(TRUNC(B30,0))>0,VALUE(LEFT(B29,LEN(TRUNC(B29,0))-LEN(TRUNC(B30,0))))*POWER(10,LEN(TRUNC(B30,0)))+B30-B29,B30-B29-VALUE(LEFT(B30,LEN(TRUNC(B30,0))-LEN(TRUNC(B29,0))))*POWER(10,LEN(TRUNC(B29,0)))))) -> 0.071 | D30: =IF(C30="","",C30*$D$15) -> 511.2 | F30: 6232.6934 | G30: =F30-F29 -> 0.0256 | H30: =IF(G30="","",G30*$H$15) -> 184.32 | I30: =IF(H30="","",IF(D30="","",IF(AND(H30=0,D30=0),0,H30/D30))) -> 0.36056338 | K30: 6.136854 | M30: II. Статконденсаторы всех напряжений
